,Unnamed: 0.4,Unnamed: 0.3,Unnamed: 0.2,Unnamed: 0.1,Unnamed: 0,row,prompt,task_id,occupation,task_description,can_be_performed_remotely,feasibility_practical,chain_of_thought,materials.Text,materials.Data,materials.Images,materials.Audio files,materials.Video files,materials.Virtual labs,materials.Speicalized files,tools.Spreadsheet software,tools.Code execution environment,tools.Image viewer,tools.Image generator,tools.Text editor,tools.Presentation software,tools.Online search engine,tools.Video conferencing,tools.Chat interfaces,tools.Email client,tools.Internet access,tools.Specialized software,materials.Specialized files,required_tools,required_materials,missing
53,53,53.0,53.0,53.0,53.0,53.0,"Task ID: 1267

Your assignment is to determine if (1) the task can be performed remotely, (2) it is possible to design a meaningful, **practical** exam for this task and (3) whether such an exam can be evaluated using fact-based scoring. Further, you should identify the required tools and materials that exam takers need to use.

**Definitions:**
- **Remote feasibility**: A task can be performed remotely if it doesn't require a person to be at a specific place or interact with humans face-to-face.

- **Tools:** Software or applications (e.g. coding & development tools, text editor, presentation software, image generator), that are **absolutely** critical for an exam taker to complete any practically relevant and meaningful exam for this task. 

- **Materials:** Digital content (e.g., data files, text, images, audio files) that form part of the test content.

- **Fact based scoring:** Whether the exam can be evaluated using a predefined answer key (objective scoring) or requires subjective assessment, such as evaluating the quality of written responses or creative work.

- **Practical exam:** A practical exam is a an exam actually testing whether the described task can be performed successfully. An exam testing the knowledge about the task is NOT a practical exam.

- **Virtual lab:** A virtual lab is an interactive digital environment that simulates real-world settings, allowing users to perform tasks, collaborate with others, and test scenarios remotely.

- **Images:** Such as product images, photographs, maps, graphs and plots, etc.

- **Specialized software:** Specialized software refers to computer programs designed for specific industry tasks or technical functions, such as Simulink for system modeling, CAD for 3D design or SAP for enterprise resource planning. This category should be used if there is no way to solve the exam using combinations of the other tools and software listed under tools, but some more specialized software is required.

- **Specialized files:** Specialized files refers to files that cannot be parsed into text, data, images, audio or video but are also not part of a virtual lab. This category should be used if there is no way to provide the necessary exam materials using a combination of the other materials listed.

**Instructions:**
1. **Remote Feasibility:**  
   Evaluate whether Correct errors by making appropriate changes and rechecking the program to ensure that the desired results are produced. can be performed online/remotely or if it requires in-person presence.
   - **If in-person required:** Output `""can_be_performed_remotely"": false` and set all other fields (tools and materials) to `""NA""`.
   - **If remote:** Output `""can_be_performed_remotely"": true` and continue with the evaluation.

2. **Materials Required:**  
   For each material type, determine if it is necessary to provide materials of this type as part of an exam to evaluate Computer Programmers's ability to perform the task (Correct errors by making appropriate changes and rechecking the program to ensure that the desired results are produced.). 
   Options are: ""Required""or ""Not required"" 
   The materials include:
   - ""Text""
   - ""Data""
   - ""Images""
   - ""Audio files""
   - ""Video files""
   - ""Virtual labs""
   - ""Specialized files""


3. **Tools Required:**  
   For each tool, assess whether it is needed to complete an exam that evaluates whether an individual can do Correct errors by making appropriate changes and rechecking the program to ensure that the desired results are produced..
  Options are: ""Required"" or ""Not Required"". 
  The tools include:
   - ""Spreadsheet software""
   - ""Code execution environment""
   - ""Text editor""
   - ""Image viewer""
   - ""Image generator""
   - ""Presentation software""
   - ""Online search engine""
   - ""Video conferencing""
   - ""Chat interfaces""
   - ""Email client""
   - ""Internet access""
   - ""Specialized software""


4. **Feasibility of a practical exam:**
    Evaluate whether the task can meaningfully be tested in a practical, remote exam.
    - If you think this is possible, answer True,
    - Otherwise answer False

5. **Chain-of-Thought Reasoning:**  
   Optionally, include a brief chain-of-thought explanation (no more than 150 words) for your evaluations in a field called `""chain_of_thought""`.

**Output Requirement:**  
Return a JSON object strictly adhering to the provided structure, without any extra commentary outside of the JSON fields.

**Expected JSON Structure:**
{
  ""task_id"": ""1267"",
  ""occupation"": ""Computer Programmers"",
  ""task_description"": ""Correct errors by making appropriate changes and rechecking the program to ensure that the desired results are produced."",
  ""can_be_performed_remotely"": true/false,
   ""feasibility_practical"": true/false,




  ""materials"": {
    ""Text"": ""Not Required/Required/NA"",
    ""Data"": ""Not Required/Required/NA"",
    ""Images"": ""Not Required/Required/NA"",
    ""Audio files"": ""Not Required/Required/NA"",
    ""Video files"": ""Not Required/Required/NA"",
    ""Virtual labs"": ""Not Required/Required/NA"",
    ""Speicalized files"":""Not Required/Required/NA"",
  },

   ""tools"": {
   ""Spreadsheet software"": ""Not Required/Required/NA"",
   ""Code execution environment"": ""Not Required/Required/NA"",
   ""Image viewer"": ""Not Required/Required/NA"",
   ""Image generator"": ""Not Required/Required/NA"",
   ""Text editor"": ""Not Required/Required/NA"",
   ""Presentation software"": ""Not Required/Required/NA"",
   ""Online search engine"": ""Not Required/Required/NA"",
   ""Video conferencing"": ""Not Required/Required/NA"",
   ""Chat interfaces"": ""Not Required/Required/NA"",
   ""Email client"": ""Not Required/Required/NA"",
   ""Internet access"": ""Not Required/Required/NA"",
   ""Specialized software:""""Not Required/Required/NA"",
  },
  ""chain_of_thought"": ""Brief explanation (no more than 150 words).""
}",1267.0,Computer Programmers,Correct errors by making appropriate changes and rechecking the program to ensure that the desired results are produced.,True,True,"Debugging and correcting code errors is a core programming task that can be performed remotely. A practical exam would provide code with intentional bugs and expected outputs. The candidate would need a text editor to modify the code and a code execution environment to test their changes. Text materials (instructions, requirements) and data (test cases, expected outputs) are essential. The exam can be objectively scored by comparing the candidate's corrected program output against expected results, making it fact-based.",Required,Required,Not Required,Not Required,Not Required,Not Required,Not Required,Not Required,Required,Not Required,Not Required,Required,Not Required,Not Required,Not Required,Not Required,Not Required,Not Required,Not Required,,"['Code execution environment', 'Text editor']","['Text', 'Data']",False
54,54,54.0,54.0,54.0,54.0,54.0,"Task ID: 1268

Your assignment is to determine if (1) the task can be performed remotely, (2) it is possible to design a meaningful, **practical** exam for this task and (3) whether such an exam can be evaluated using fact-based scoring. Further, you should identify the required tools and materials that exam takers need to use.

**Definitions:**
- **Remote feasibility**: A task can be performed remotely if it doesn't require a person to be at a specific place or interact with humans face-to-face.

- **Tools:** Software or applications (e.g. coding & development tools, text editor, presentation software, image generator), that are **absolutely** critical for an exam taker to complete any practically relevant and meaningful exam for this task. 

- **Materials:** Digital content (e.g., data files, text, images, audio files) that form part of the test content.

- **Fact based scoring:** Whether the exam can be evaluated using a predefined answer key (objective scoring) or requires subjective assessment, such as evaluating the quality of written responses or creative work.

- **Practical exam:** A practical exam is a an exam actually testing whether the described task can be performed successfully. An exam testing the knowledge about the task is NOT a practical exam.

- **Virtual lab:** A virtual lab is an interactive digital environment that simulates real-world settings, allowing users to perform tasks, collaborate with others, and test scenarios remotely.

- **Images:** Such as product images, photographs, maps, graphs and plots, etc.

- **Specialized software:** Specialized software refers to computer programs designed for specific industry tasks or technical functions, such as Simulink for system modeling, CAD for 3D design or SAP for enterprise resource planning. This category should be used if there is no way to solve the exam using combinations of the other tools and software listed under tools, but some more specialized software is required.

- **Specialized files:** Specialized files refers to files that cannot be parsed into text, data, images, audio or video but are also not part of a virtual lab. This category should be used if there is no way to provide the necessary exam materials using a combination of the other materials listed.

**Instructions:**
1. **Remote Feasibility:**  
   Evaluate whether Conduct trial runs of programs and software applications to be sure they will produce the desired information and that the instructions are correct. can be performed online/remotely or if it requires in-person presence.
   - **If in-person required:** Output `""can_be_performed_remotely"": false` and set all other fields (tools and materials) to `""NA""`.
   - **If remote:** Output `""can_be_performed_remotely"": true` and continue with the evaluation.

2. **Materials Required:**  
   For each material type, determine if it is necessary to provide materials of this type as part of an exam to evaluate Computer Programmers's ability to perform the task (Conduct trial runs of programs and software applications to be sure they will produce the desired information and that the instructions are correct.). 
   Options are: ""Required""or ""Not required"" 
   The materials include:
   - ""Text""
   - ""Data""
   - ""Images""
   - ""Audio files""
   - ""Video files""
   - ""Virtual labs""
   - ""Specialized files""


3. **Tools Required:**  
   For each tool, assess whether it is needed to complete an exam that evaluates whether an individual can do Conduct trial runs of programs and software applications to be sure they will produce the desired information and that the instructions are correct..
  Options are: ""Required"" or ""Not Required"". 
  The tools include:
   - ""Spreadsheet software""
   - ""Code execution environment""
   - ""Text editor""
   - ""Image viewer""
   - ""Image generator""
   - ""Presentation software""
   - ""Online search engine""
   - ""Video conferencing""
   - ""Chat interfaces""
   - ""Email client""
   - ""Internet access""
   - ""Specialized software""


4. **Feasibility of a practical exam:**
    Evaluate whether the task can meaningfully be tested in a practical, remote exam.
    - If you think this is possible, answer True,
    - Otherwise answer False

5. **Chain-of-Thought Reasoning:**  
   Optionally, include a brief chain-of-thought explanation (no more than 150 words) for your evaluations in a field called `""chain_of_thought""`.

**Output Requirement:**  
Return a JSON object strictly adhering to the provided structure, without any extra commentary outside of the JSON fields.

**Expected JSON Structure:**
{
  ""task_id"": ""1268"",
  ""occupation"": ""Computer Programmers"",
  ""task_description"": ""Conduct trial runs of programs and software applications to be sure they will produce the desired information and that the instructions are correct."",
  ""can_be_performed_remotely"": true/false,
   ""feasibility_practical"": true/false,




  ""materials"": {
    ""Text"": ""Not Required/Required/NA"",
    ""Data"": ""Not Required/Required/NA"",
    ""Images"": ""Not Required/Required/NA"",
    ""Audio files"": ""Not Required/Required/NA"",
    ""Video files"": ""Not Required/Required/NA"",
    ""Virtual labs"": ""Not Required/Required/NA"",
    ""Speicalized files"":""Not Required/Required/NA"",
  },

   ""tools"": {
   ""Spreadsheet software"": ""Not Required/Required/NA"",
   ""Code execution environment"": ""Not Required/Required/NA"",
   ""Image viewer"": ""Not Required/Required/NA"",
   ""Image generator"": ""Not Required/Required/NA"",
   ""Text editor"": ""Not Required/Required/NA"",
   ""Presentation software"": ""Not Required/Required/NA"",
   ""Online search engine"": ""Not Required/Required/NA"",
   ""Video conferencing"": ""Not Required/Required/NA"",
   ""Chat interfaces"": ""Not Required/Required/NA"",
   ""Email client"": ""Not Required/Required/NA"",
   ""Internet access"": ""Not Required/Required/NA"",
   ""Specialized software:""""Not Required/Required/NA"",
  },
  ""chain_of_thought"": ""Brief explanation (no more than 150 words).""
}",1268.0,Computer Programmers,Conduct trial runs of programs and software applications to be sure they will produce the desired information and that the instructions are correct.,True,True,"Testing software applications can be performed remotely as it requires digital resources rather than physical presence. A practical exam would involve providing programmers with code/applications and specifications, then asking them to conduct trial runs to verify functionality. This requires a code execution environment to run the programs and a text editor to view/modify code. Text specifications and test data are essential materials. The exam can be objectively scored by checking if the programmer correctly identifies bugs, verifies output against expected results, and confirms proper functionality.",Required,Required,Not Required,Not Required,Not Required,Not Required,Not Required,Not Required,Required,Not Required,Not Required,Required,Not Required,Not Required,Not Required,Not Required,Not Required,Not Required,Not Required,,"['Code execution environment', 'Text editor']","['Text', 'Data']",False
55,55,55.0,55.0,55.0,55.0,55.0,"Task ID: 1270

Your assignment is to determine if (1) the task can be performed remotely, (2) it is possible to design a meaningful, **practical** exam for this task and (3) whether such an exam can be evaluated using fact-based scoring. Further, you should identify the required tools and materials that exam takers need to use.

**Definitions:**
- **Remote feasibility**: A task can be performed remotely if it doesn't require a person to be at a specific place or interact with humans face-to-face.

- **Tools:** Software or applications (e.g. coding & development tools, text editor, presentation software, image generator), that are **absolutely** critical for an exam taker to complete any practically relevant and meaningful exam for this task. 

- **Materials:** Digital content (e.g., data files, text, images, audio files) that form part of the test content.

- **Fact based scoring:** Whether the exam can be evaluated using a predefined answer key (objective scoring) or requires subjective assessment, such as evaluating the quality of written responses or creative work.

- **Practical exam:** A practical exam is a an exam actually testing whether the described task can be performed successfully. An exam testing the knowledge about the task is NOT a practical exam.

- **Virtual lab:** A virtual lab is an interactive digital environment that simulates real-world settings, allowing users to perform tasks, collaborate with others, and test scenarios remotely.

- **Images:** Such as product images, photographs, maps, graphs and plots, etc.

- **Specialized software:** Specialized software refers to computer programs designed for specific industry tasks or technical functions, such as Simulink for system modeling, CAD for 3D design or SAP for enterprise resource planning. This category should be used if there is no way to solve the exam using combinations of the other tools and software listed under tools, but some more specialized software is required.

- **Specialized files:** Specialized files refers to files that cannot be parsed into text, data, images, audio or video but are also not part of a virtual lab. This category should be used if there is no way to provide the necessary exam materials using a combination of the other materials listed.

**Instructions:**
1. **Remote Feasibility:**  
   Evaluate whether Write, update, and maintain computer programs or software packages to handle specific jobs such as tracking inventory, storing or retrieving data, or controlling other equipment. can be performed online/remotely or if it requires in-person presence.
   - **If in-person required:** Output `""can_be_performed_remotely"": false` and set all other fields (tools and materials) to `""NA""`.
   - **If remote:** Output `""can_be_performed_remotely"": true` and continue with the evaluation.

2. **Materials Required:**  
   For each material type, determine if it is necessary to provide materials of this type as part of an exam to evaluate Computer Programmers's ability to perform the task (Write, update, and maintain computer programs or software packages to handle specific jobs such as tracking inventory, storing or retrieving data, or controlling other equipment.). 
   Options are: ""Required""or ""Not required"" 
   The materials include:
   - ""Text""
   - ""Data""
   - ""Images""
   - ""Audio files""
   - ""Video files""
   - ""Virtual labs""
   - ""Specialized files""


3. **Tools Required:**  
   For each tool, assess whether it is needed to complete an exam that evaluates whether an individual can do Write, update, and maintain computer programs or software packages to handle specific jobs such as tracking inventory, storing or retrieving data, or controlling other equipment..
  Options are: ""Required"" or ""Not Required"". 
  The tools include:
   - ""Spreadsheet software""
   - ""Code execution environment""
   - ""Text editor""
   - ""Image viewer""
   - ""Image generator""
   - ""Presentation software""
   - ""Online search engine""
   - ""Video conferencing""
   - ""Chat interfaces""
   - ""Email client""
   - ""Internet access""
   - ""Specialized software""


4. **Feasibility of a practical exam:**
    Evaluate whether the task can meaningfully be tested in a practical, remote exam.
    - If you think this is possible, answer True,
    - Otherwise answer False

5. **Chain-of-Thought Reasoning:**  
   Optionally, include a brief chain-of-thought explanation (no more than 150 words) for your evaluations in a field called `""chain_of_thought""`.

**Output Requirement:**  
Return a JSON object strictly adhering to the provided structure, without any extra commentary outside of the JSON fields.

**Expected JSON Structure:**
{
  ""task_id"": ""1270"",
  ""occupation"": ""Computer Programmers"",
  ""task_description"": ""Write, update, and maintain computer programs or software packages to handle specific jobs such as tracking inventory, storing or retrieving data, or controlling other equipment."",
  ""can_be_performed_remotely"": true/false,
   ""feasibility_practical"": true/false,




  ""materials"": {
    ""Text"": ""Not Required/Required/NA"",
    ""Data"": ""Not Required/Required/NA"",
    ""Images"": ""Not Required/Required/NA"",
    ""Audio files"": ""Not Required/Required/NA"",
    ""Video files"": ""Not Required/Required/NA"",
    ""Virtual labs"": ""Not Required/Required/NA"",
    ""Speicalized files"":""Not Required/Required/NA"",
  },

   ""tools"": {
   ""Spreadsheet software"": ""Not Required/Required/NA"",
   ""Code execution environment"": ""Not Required/Required/NA"",
   ""Image viewer"": ""Not Required/Required/NA"",
   ""Image generator"": ""Not Required/Required/NA"",
   ""Text editor"": ""Not Required/Required/NA"",
   ""Presentation software"": ""Not Required/Required/NA"",
   ""Online search engine"": ""Not Required/Required/NA"",
   ""Video conferencing"": ""Not Required/Required/NA"",
   ""Chat interfaces"": ""Not Required/Required/NA"",
   ""Email client"": ""Not Required/Required/NA"",
   ""Internet access"": ""Not Required/Required/NA"",
   ""Specialized software:""""Not Required/Required/NA"",
  },
  ""chain_of_thought"": ""Brief explanation (no more than 150 words).""
}",1270.0,Computer Programmers,"Write, update, and maintain computer programs or software packages to handle specific jobs such as tracking inventory, storing or retrieving data, or controlling other equipment.",True,True,"Programming can be performed remotely as it primarily involves writing and executing code on a computer. A practical exam can test a programmer's ability to write, debug, and maintain code by providing specific programming tasks like creating an inventory tracking system or database operations. This requires a code execution environment to run and test code, a text editor for writing code, and sample data/text requirements to work with. The exam can be objectively scored based on whether the code functions correctly, follows requirements, and handles edge cases appropriately.",Required,Required,Not Required,Not Required,Not Required,Not Required,Not Required,Not Required,Required,Not Required,Not Required,Required,Not Required,Not Required,Not Required,Not Required,Not Required,Not Required,Not Required,,"['Code execution environment', 'Text editor']","['Text', 'Data']",False
57,57,57.0,57.0,57.0,57.0,57.0,"Task ID: 1272

Your assignment is to determine if (1) the task can be performed remotely, (2) it is possible to design a meaningful, **practical** exam for this task and (3) whether such an exam can be evaluated using fact-based scoring. Further, you should identify the required tools and materials that exam takers need to use.

**Definitions:**
- **Remote feasibility**: A task can be performed remotely if it doesn't require a person to be at a specific place or interact with humans face-to-face.

- **Tools:** Software or applications (e.g. coding & development tools, text editor, presentation software, image generator), that are **absolutely** critical for an exam taker to complete any practically relevant and meaningful exam for this task. 

- **Materials:** Digital content (e.g., data files, text, images, audio files) that form part of the test content.

- **Fact based scoring:** Whether the exam can be evaluated using a predefined answer key (objective scoring) or requires subjective assessment, such as evaluating the quality of written responses or creative work.

- **Practical exam:** A practical exam is a an exam actually testing whether the described task can be performed successfully. An exam testing the knowledge about the task is NOT a practical exam.

- **Virtual lab:** A virtual lab is an interactive digital environment that simulates real-world settings, allowing users to perform tasks, collaborate with others, and test scenarios remotely.

- **Images:** Such as product images, photographs, maps, graphs and plots, etc.

- **Specialized software:** Specialized software refers to computer programs designed for specific industry tasks or technical functions, such as Simulink for system modeling, CAD for 3D design or SAP for enterprise resource planning. This category should be used if there is no way to solve the exam using combinations of the other tools and software listed under tools, but some more specialized software is required.

- **Specialized files:** Specialized files refers to files that cannot be parsed into text, data, images, audio or video but are also not part of a virtual lab. This category should be used if there is no way to provide the necessary exam materials using a combination of the other materials listed.

**Instructions:**
1. **Remote Feasibility:**  
   Evaluate whether Perform or direct revision, repair, or expansion of existing programs to increase operating efficiency or adapt to new requirements. can be performed online/remotely or if it requires in-person presence.
   - **If in-person required:** Output `""can_be_performed_remotely"": false` and set all other fields (tools and materials) to `""NA""`.
   - **If remote:** Output `""can_be_performed_remotely"": true` and continue with the evaluation.

2. **Materials Required:**  
   For each material type, determine if it is necessary to provide materials of this type as part of an exam to evaluate Computer Programmers's ability to perform the task (Perform or direct revision, repair, or expansion of existing programs to increase operating efficiency or adapt to new requirements.). 
   Options are: ""Required""or ""Not required"" 
   The materials include:
   - ""Text""
   - ""Data""
   - ""Images""
   - ""Audio files""
   - ""Video files""
   - ""Virtual labs""
   - ""Specialized files""


3. **Tools Required:**  
   For each tool, assess whether it is needed to complete an exam that evaluates whether an individual can do Perform or direct revision, repair, or expansion of existing programs to increase operating efficiency or adapt to new requirements..
  Options are: ""Required"" or ""Not Required"". 
  The tools include:
   - ""Spreadsheet software""
   - ""Code execution environment""
   - ""Text editor""
   - ""Image viewer""
   - ""Image generator""
   - ""Presentation software""
   - ""Online search engine""
   - ""Video conferencing""
   - ""Chat interfaces""
   - ""Email client""
   - ""Internet access""
   - ""Specialized software""


4. **Feasibility of a practical exam:**
    Evaluate whether the task can meaningfully be tested in a practical, remote exam.
    - If you think this is possible, answer True,
    - Otherwise answer False

5. **Chain-of-Thought Reasoning:**  
   Optionally, include a brief chain-of-thought explanation (no more than 150 words) for your evaluations in a field called `""chain_of_thought""`.

**Output Requirement:**  
Return a JSON object strictly adhering to the provided structure, without any extra commentary outside of the JSON fields.

**Expected JSON Structure:**
{
  ""task_id"": ""1272"",
  ""occupation"": ""Computer Programmers"",
  ""task_description"": ""Perform or direct revision, repair, or expansion of existing programs to increase operating efficiency or adapt to new requirements."",
  ""can_be_performed_remotely"": true/false,
   ""feasibility_practical"": true/false,




  ""materials"": {
    ""Text"": ""Not Required/Required/NA"",
    ""Data"": ""Not Required/Required/NA"",
    ""Images"": ""Not Required/Required/NA"",
    ""Audio files"": ""Not Required/Required/NA"",
    ""Video files"": ""Not Required/Required/NA"",
    ""Virtual labs"": ""Not Required/Required/NA"",
    ""Speicalized files"":""Not Required/Required/NA"",
  },

   ""tools"": {
   ""Spreadsheet software"": ""Not Required/Required/NA"",
   ""Code execution environment"": ""Not Required/Required/NA"",
   ""Image viewer"": ""Not Required/Required/NA"",
   ""Image generator"": ""Not Required/Required/NA"",
   ""Text editor"": ""Not Required/Required/NA"",
   ""Presentation software"": ""Not Required/Required/NA"",
   ""Online search engine"": ""Not Required/Required/NA"",
   ""Video conferencing"": ""Not Required/Required/NA"",
   ""Chat interfaces"": ""Not Required/Required/NA"",
   ""Email client"": ""Not Required/Required/NA"",
   ""Internet access"": ""Not Required/Required/NA"",
   ""Specialized software:""""Not Required/Required/NA"",
  },
  ""chain_of_thought"": ""Brief explanation (no more than 150 words).""
}",1272.0,Computer Programmers,"Perform or direct revision, repair, or expansion of existing programs to increase operating efficiency or adapt to new requirements.",True,True,"Program revision and repair can be performed remotely as it primarily involves working with code. A practical exam would provide existing code with bugs or inefficiencies that need fixing, or requirements for expanding functionality. This requires a code execution environment to test solutions and a text editor to modify code. Text materials (requirements, instructions) and data (test cases, sample inputs) are essential. The exam can be objectively scored by testing if the revised code meets requirements, passes test cases, and improves efficiency metrics.",Required,Required,Not Required,Not Required,Not Required,Not Required,Not Required,Not Required,Required,Not Required,Not Required,Required,Not Required,Not Required,Not Required,Not Required,Not Required,Not Required,Not Required,,"['Code execution environment', 'Text editor']","['Text', 'Data']",False
60,60,60.0,60.0,60.0,60.0,60.0,"Task ID: 1269

Your assignment is to determine if (1) the task can be performed remotely, (2) it is possible to design a meaningful, **practical** exam for this task and (3) whether such an exam can be evaluated using fact-based scoring. Further, you should identify the required tools and materials that exam takers need to use.

**Definitions:**
- **Remote feasibility**: A task can be performed remotely if it doesn't require a person to be at a specific place or interact with humans face-to-face.

- **Tools:** Software or applications (e.g. coding & development tools, text editor, presentation software, image generator), that are **absolutely** critical for an exam taker to complete any practically relevant and meaningful exam for this task. 

- **Materials:** Digital content (e.g., data files, text, images, audio files) that form part of the test content.

- **Fact based scoring:** Whether the exam can be evaluated using a predefined answer key (objective scoring) or requires subjective assessment, such as evaluating the quality of written responses or creative work.

- **Practical exam:** A practical exam is a an exam actually testing whether the described task can be performed successfully. An exam testing the knowledge about the task is NOT a practical exam.

- **Virtual lab:** A virtual lab is an interactive digital environment that simulates real-world settings, allowing users to perform tasks, collaborate with others, and test scenarios remotely.

- **Images:** Such as product images, photographs, maps, graphs and plots, etc.

- **Specialized software:** Specialized software refers to computer programs designed for specific industry tasks or technical functions, such as Simulink for system modeling, CAD for 3D design or SAP for enterprise resource planning. This category should be used if there is no way to solve the exam using combinations of the other tools and software listed under tools, but some more specialized software is required.

- **Specialized files:** Specialized files refers to files that cannot be parsed into text, data, images, audio or video but are also not part of a virtual lab. This category should be used if there is no way to provide the necessary exam materials using a combination of the other materials listed.

**Instructions:**
1. **Remote Feasibility:**  
   Evaluate whether Compile and write documentation of program development and subsequent revisions, inserting comments in the coded instructions so others can understand the program. can be performed online/remotely or if it requires in-person presence.
   - **If in-person required:** Output `""can_be_performed_remotely"": false` and set all other fields (tools and materials) to `""NA""`.
   - **If remote:** Output `""can_be_performed_remotely"": true` and continue with the evaluation.

2. **Materials Required:**  
   For each material type, determine if it is necessary to provide materials of this type as part of an exam to evaluate Computer Programmers's ability to perform the task (Compile and write documentation of program development and subsequent revisions, inserting comments in the coded instructions so others can understand the program.). 
   Options are: ""Required""or ""Not required"" 
   The materials include:
   - ""Text""
   - ""Data""
   - ""Images""
   - ""Audio files""
   - ""Video files""
   - ""Virtual labs""
   - ""Specialized files""


3. **Tools Required:**  
   For each tool, assess whether it is needed to complete an exam that evaluates whether an individual can do Compile and write documentation of program development and subsequent revisions, inserting comments in the coded instructions so others can understand the program..
  Options are: ""Required"" or ""Not Required"". 
  The tools include:
   - ""Spreadsheet software""
   - ""Code execution environment""
   - ""Text editor""
   - ""Image viewer""
   - ""Image generator""
   - ""Presentation software""
   - ""Online search engine""
   - ""Video conferencing""
   - ""Chat interfaces""
   - ""Email client""
   - ""Internet access""
   - ""Specialized software""


4. **Feasibility of a practical exam:**
    Evaluate whether the task can meaningfully be tested in a practical, remote exam.
    - If you think this is possible, answer True,
    - Otherwise answer False

5. **Chain-of-Thought Reasoning:**  
   Optionally, include a brief chain-of-thought explanation (no more than 150 words) for your evaluations in a field called `""chain_of_thought""`.

**Output Requirement:**  
Return a JSON object strictly adhering to the provided structure, without any extra commentary outside of the JSON fields.

**Expected JSON Structure:**
{
  ""task_id"": ""1269"",
  ""occupation"": ""Computer Programmers"",
  ""task_description"": ""Compile and write documentation of program development and subsequent revisions, inserting comments in the coded instructions so others can understand the program."",
  ""can_be_performed_remotely"": true/false,
   ""feasibility_practical"": true/false,




  ""materials"": {
    ""Text"": ""Not Required/Required/NA"",
    ""Data"": ""Not Required/Required/NA"",
    ""Images"": ""Not Required/Required/NA"",
    ""Audio files"": ""Not Required/Required/NA"",
    ""Video files"": ""Not Required/Required/NA"",
    ""Virtual labs"": ""Not Required/Required/NA"",
    ""Speicalized files"":""Not Required/Required/NA"",
  },

   ""tools"": {
   ""Spreadsheet software"": ""Not Required/Required/NA"",
   ""Code execution environment"": ""Not Required/Required/NA"",
   ""Image viewer"": ""Not Required/Required/NA"",
   ""Image generator"": ""Not Required/Required/NA"",
   ""Text editor"": ""Not Required/Required/NA"",
   ""Presentation software"": ""Not Required/Required/NA"",
   ""Online search engine"": ""Not Required/Required/NA"",
   ""Video conferencing"": ""Not Required/Required/NA"",
   ""Chat interfaces"": ""Not Required/Required/NA"",
   ""Email client"": ""Not Required/Required/NA"",
   ""Internet access"": ""Not Required/Required/NA"",
   ""Specialized software:""""Not Required/Required/NA"",
  },
  ""chain_of_thought"": ""Brief explanation (no more than 150 words).""
}",1269.0,Computer Programmers,"Compile and write documentation of program development and subsequent revisions, inserting comments in the coded instructions so others can understand the program.",True,True,"This task involves writing code documentation and adding comments to code, which can be done entirely remotely. A practical exam would provide programmers with existing code (text/data) and ask them to document it properly, add meaningful comments, and possibly make revisions. They would need a code execution environment to verify their changes don't break functionality and a text editor to modify the code. The exam can be objectively scored by evaluating the clarity, accuracy, and completeness of documentation against a rubric.",Required,Required,Not Required,Not Required,Not Required,Not Required,Not Required,Not Required,Required,Not Required,Not Required,Required,Not Required,Not Required,Not Required,Not Required,Not Required,Not Required,Not Required,,"['Code execution environment', 'Text editor']","['Text', 'Data']",False
64,64,64.0,64.0,64.0,64.0,64.0,"Task ID: 3431

Your assignment is to determine if (1) the task can be performed remotely, (2) it is possible to design a meaningful, **practical** exam for this task and (3) whether such an exam can be evaluated using fact-based scoring. Further, you should identify the required tools and materials that exam takers need to use.

**Definitions:**
- **Remote feasibility**: A task can be performed remotely if it doesn't require a person to be at a specific place or interact with humans face-to-face.

- **Tools:** Software or applications (e.g. coding & development tools, text editor, presentation software, image generator), that are **absolutely** critical for an exam taker to complete any practically relevant and meaningful exam for this task. 

- **Materials:** Digital content (e.g., data files, text, images, audio files) that form part of the test content.

- **Fact based scoring:** Whether the exam can be evaluated using a predefined answer key (objective scoring) or requires subjective assessment, such as evaluating the quality of written responses or creative work.

- **Practical exam:** A practical exam is a an exam actually testing whether the described task can be performed successfully. An exam testing the knowledge about the task is NOT a practical exam.

- **Virtual lab:** A virtual lab is an interactive digital environment that simulates real-world settings, allowing users to perform tasks, collaborate with others, and test scenarios remotely.

- **Images:** Such as product images, photographs, maps, graphs and plots, etc.

- **Specialized software:** Specialized software refers to computer programs designed for specific industry tasks or technical functions, such as Simulink for system modeling, CAD for 3D design or SAP for enterprise resource planning. This category should be used if there is no way to solve the exam using combinations of the other tools and software listed under tools, but some more specialized software is required.

- **Specialized files:** Specialized files refers to files that cannot be parsed into text, data, images, audio or video but are also not part of a virtual lab. This category should be used if there is no way to provide the necessary exam materials using a combination of the other materials listed.

**Instructions:**
1. **Remote Feasibility:**  
   Evaluate whether Modify existing software to correct errors, allow it to adapt to new hardware, or to improve its performance. can be performed online/remotely or if it requires in-person presence.
   - **If in-person required:** Output `""can_be_performed_remotely"": false` and set all other fields (tools and materials) to `""NA""`.
   - **If remote:** Output `""can_be_performed_remotely"": true` and continue with the evaluation.

2. **Materials Required:**  
   For each material type, determine if it is necessary to provide materials of this type as part of an exam to evaluate Software Developers, Applications's ability to perform the task (Modify existing software to correct errors, allow it to adapt to new hardware, or to improve its performance.). 
   Options are: ""Required""or ""Not required"" 
   The materials include:
   - ""Text""
   - ""Data""
   - ""Images""
   - ""Audio files""
   - ""Video files""
   - ""Virtual labs""
   - ""Specialized files""


3. **Tools Required:**  
   For each tool, assess whether it is needed to complete an exam that evaluates whether an individual can do Modify existing software to correct errors, allow it to adapt to new hardware, or to improve its performance..
  Options are: ""Required"" or ""Not Required"". 
  The tools include:
   - ""Spreadsheet software""
   - ""Code execution environment""
   - ""Text editor""
   - ""Image viewer""
   - ""Image generator""
   - ""Presentation software""
   - ""Online search engine""
   - ""Video conferencing""
   - ""Chat interfaces""
   - ""Email client""
   - ""Internet access""
   - ""Specialized software""


4. **Feasibility of a practical exam:**
    Evaluate whether the task can meaningfully be tested in a practical, remote exam.
    - If you think this is possible, answer True,
    - Otherwise answer False

5. **Chain-of-Thought Reasoning:**  
   Optionally, include a brief chain-of-thought explanation (no more than 150 words) for your evaluations in a field called `""chain_of_thought""`.

**Output Requirement:**  
Return a JSON object strictly adhering to the provided structure, without any extra commentary outside of the JSON fields.

**Expected JSON Structure:**
{
  ""task_id"": ""3431"",
  ""occupation"": ""Software Developers, Applications"",
  ""task_description"": ""Modify existing software to correct errors, allow it to adapt to new hardware, or to improve its performance."",
  ""can_be_performed_remotely"": true/false,
   ""feasibility_practical"": true/false,




  ""materials"": {
    ""Text"": ""Not Required/Required/NA"",
    ""Data"": ""Not Required/Required/NA"",
    ""Images"": ""Not Required/Required/NA"",
    ""Audio files"": ""Not Required/Required/NA"",
    ""Video files"": ""Not Required/Required/NA"",
    ""Virtual labs"": ""Not Required/Required/NA"",
    ""Speicalized files"":""Not Required/Required/NA"",
  },

   ""tools"": {
   ""Spreadsheet software"": ""Not Required/Required/NA"",
   ""Code execution environment"": ""Not Required/Required/NA"",
   ""Image viewer"": ""Not Required/Required/NA"",
   ""Image generator"": ""Not Required/Required/NA"",
   ""Text editor"": ""Not Required/Required/NA"",
   ""Presentation software"": ""Not Required/Required/NA"",
   ""Online search engine"": ""Not Required/Required/NA"",
   ""Video conferencing"": ""Not Required/Required/NA"",
   ""Chat interfaces"": ""Not Required/Required/NA"",
   ""Email client"": ""Not Required/Required/NA"",
   ""Internet access"": ""Not Required/Required/NA"",
   ""Specialized software:""""Not Required/Required/NA"",
  },
  ""chain_of_thought"": ""Brief explanation (no more than 150 words).""
}",3431.0,"Software Developers, Applications","Modify existing software to correct errors, allow it to adapt to new hardware, or to improve its performance.",True,True,"Software modification can be performed remotely as it requires digital tools rather than physical presence. A practical exam would involve providing candidates with existing code containing bugs or performance issues to fix. This requires a code execution environment to test solutions and a text editor to modify code. Text instructions and data for testing are essential. Specialized files (source code) are required as the primary material to modify. The exam can be objectively scored by measuring if errors were fixed, performance improved, or hardware compatibility achieved.",Required,Required,Not Required,Not Required,Not Required,Not Required,Required,Not Required,Required,Not Required,Not Required,Required,Not Required,Not Required,Not Required,Not Required,Not Required,Not Required,Not Required,,"['Code execution environment', 'Text editor']","['Text', 'Data', 'Speicalized files']",False
69,69,69.0,69.0,69.0,69.0,69.0,"Task ID: 3442

Your assignment is to determine if (1) the task can be performed remotely, (2) it is possible to design a meaningful, **practical** exam for this task and (3) whether such an exam can be evaluated using fact-based scoring. Further, you should identify the required tools and materials that exam takers need to use.

**Definitions:**
- **Remote feasibility**: A task can be performed remotely if it doesn't require a person to be at a specific place or interact with humans face-to-face.

- **Tools:** Software or applications (e.g. coding & development tools, text editor, presentation software, image generator), that are **absolutely** critical for an exam taker to complete any practically relevant and meaningful exam for this task. 

- **Materials:** Digital content (e.g., data files, text, images, audio files) that form part of the test content.

- **Fact based scoring:** Whether the exam can be evaluated using a predefined answer key (objective scoring) or requires subjective assessment, such as evaluating the quality of written responses or creative work.

- **Practical exam:** A practical exam is a an exam actually testing whether the described task can be performed successfully. An exam testing the knowledge about the task is NOT a practical exam.

- **Virtual lab:** A virtual lab is an interactive digital environment that simulates real-world settings, allowing users to perform tasks, collaborate with others, and test scenarios remotely.

- **Images:** Such as product images, photographs, maps, graphs and plots, etc.

- **Specialized software:** Specialized software refers to computer programs designed for specific industry tasks or technical functions, such as Simulink for system modeling, CAD for 3D design or SAP for enterprise resource planning. This category should be used if there is no way to solve the exam using combinations of the other tools and software listed under tools, but some more specialized software is required.

- **Specialized files:** Specialized files refers to files that cannot be parsed into text, data, images, audio or video but are also not part of a virtual lab. This category should be used if there is no way to provide the necessary exam materials using a combination of the other materials listed.

**Instructions:**
1. **Remote Feasibility:**  
   Evaluate whether Store, retrieve, and manipulate data for analysis of system capabilities and requirements. can be performed online/remotely or if it requires in-person presence.
   - **If in-person required:** Output `""can_be_performed_remotely"": false` and set all other fields (tools and materials) to `""NA""`.
   - **If remote:** Output `""can_be_performed_remotely"": true` and continue with the evaluation.

2. **Materials Required:**  
   For each material type, determine if it is necessary to provide materials of this type as part of an exam to evaluate Software Developers, Applications's ability to perform the task (Store, retrieve, and manipulate data for analysis of system capabilities and requirements.). 
   Options are: ""Required""or ""Not required"" 
   The materials include:
   - ""Text""
   - ""Data""
   - ""Images""
   - ""Audio files""
   - ""Video files""
   - ""Virtual labs""
   - ""Specialized files""


3. **Tools Required:**  
   For each tool, assess whether it is needed to complete an exam that evaluates whether an individual can do Store, retrieve, and manipulate data for analysis of system capabilities and requirements..
  Options are: ""Required"" or ""Not Required"". 
  The tools include:
   - ""Spreadsheet software""
   - ""Code execution environment""
   - ""Text editor""
   - ""Image viewer""
   - ""Image generator""
   - ""Presentation software""
   - ""Online search engine""
   - ""Video conferencing""
   - ""Chat interfaces""
   - ""Email client""
   - ""Internet access""
   - ""Specialized software""


4. **Feasibility of a practical exam:**
    Evaluate whether the task can meaningfully be tested in a practical, remote exam.
    - If you think this is possible, answer True,
    - Otherwise answer False

5. **Chain-of-Thought Reasoning:**  
   Optionally, include a brief chain-of-thought explanation (no more than 150 words) for your evaluations in a field called `""chain_of_thought""`.

**Output Requirement:**  
Return a JSON object strictly adhering to the provided structure, without any extra commentary outside of the JSON fields.

**Expected JSON Structure:**
{
  ""task_id"": ""3442"",
  ""occupation"": ""Software Developers, Applications"",
  ""task_description"": ""Store, retrieve, and manipulate data for analysis of system capabilities and requirements."",
  ""can_be_performed_remotely"": true/false,
   ""feasibility_practical"": true/false,




  ""materials"": {
    ""Text"": ""Not Required/Required/NA"",
    ""Data"": ""Not Required/Required/NA"",
    ""Images"": ""Not Required/Required/NA"",
    ""Audio files"": ""Not Required/Required/NA"",
    ""Video files"": ""Not Required/Required/NA"",
    ""Virtual labs"": ""Not Required/Required/NA"",
    ""Speicalized files"":""Not Required/Required/NA"",
  },

   ""tools"": {
   ""Spreadsheet software"": ""Not Required/Required/NA"",
   ""Code execution environment"": ""Not Required/Required/NA"",
   ""Image viewer"": ""Not Required/Required/NA"",
   ""Image generator"": ""Not Required/Required/NA"",
   ""Text editor"": ""Not Required/Required/NA"",
   ""Presentation software"": ""Not Required/Required/NA"",
   ""Online search engine"": ""Not Required/Required/NA"",
   ""Video conferencing"": ""Not Required/Required/NA"",
   ""Chat interfaces"": ""Not Required/Required/NA"",
   ""Email client"": ""Not Required/Required/NA"",
   ""Internet access"": ""Not Required/Required/NA"",
   ""Specialized software:""""Not Required/Required/NA"",
  },
  ""chain_of_thought"": ""Brief explanation (no more than 150 words).""
}",3442.0,"Software Developers, Applications","Store, retrieve, and manipulate data for analysis of system capabilities and requirements.",True,True,"This task involves data storage, retrieval, and manipulation, which can be performed remotely using standard development tools. A practical exam could provide sample data and requirements, asking candidates to write code to store the data in appropriate structures, retrieve specific information, and manipulate it for analysis. This can be evaluated objectively by checking if the code produces correct outputs, follows efficient patterns, and meets requirements. A code execution environment and text editor are essential for writing and testing the code, while text and data files would provide the necessary context and test data.",Required,Required,Not Required,Not Required,Not Required,Not Required,Not Required,Not Required,Required,Not Required,Not Required,Required,Not Required,Not Required,Not Required,Not Required,Not Required,Not Required,Not Required,,"['Code execution environment', 'Text editor']","['Text', 'Data']",False
83,83,83.0,83.0,83.0,84.0,84.0,"Task ID: 3455

Your assignment is to determine if (1) the task can be performed remotely, (2) it is possible to design a meaningful, **practical** exam for this task and (3) whether such an exam can be evaluated using fact-based scoring. Further, you should identify the required tools and materials that exam takers need to use.

**Definitions:**
- **Remote feasibility**: A task can be performed remotely if it doesn't require a person to be at a specific place or interact with humans face-to-face.

- **Tools:** Software or applications (e.g. coding & development tools, text editor, presentation software, image generator), that are **absolutely** critical for an exam taker to complete any practically relevant and meaningful exam for this task. 

- **Materials:** Digital content (e.g., data files, text, images, audio files) that form part of the test content.

- **Fact based scoring:** Whether the exam can be evaluated using a predefined answer key (objective scoring) or requires subjective assessment, such as evaluating the quality of written responses or creative work.

- **Practical exam:** A practical exam is a an exam actually testing whether the described task can be performed successfully. An exam testing the knowledge about the task is NOT a practical exam.

- **Virtual lab:** A virtual lab is an interactive digital environment that simulates real-world settings, allowing users to perform tasks, collaborate with others, and test scenarios remotely.

- **Images:** Such as product images, photographs, maps, graphs and plots, etc.

- **Specialized software:** Specialized software refers to computer programs designed for specific industry tasks or technical functions, such as Simulink for system modeling, CAD for 3D design or SAP for enterprise resource planning. This category should be used if there is no way to solve the exam using combinations of the other tools and software listed under tools, but some more specialized software is required.

- **Specialized files:** Specialized files refers to files that cannot be parsed into text, data, images, audio or video but are also not part of a virtual lab. This category should be used if there is no way to provide the necessary exam materials using a combination of the other materials listed.

**Instructions:**
1. **Remote Feasibility:**  
   Evaluate whether Store, retrieve, and manipulate data for analysis of system capabilities and requirements. can be performed online/remotely or if it requires in-person presence.
   - **If in-person required:** Output `""can_be_performed_remotely"": false` and set all other fields (tools and materials) to `""NA""`.
   - **If remote:** Output `""can_be_performed_remotely"": true` and continue with the evaluation.

2. **Materials Required:**  
   For each material type, determine if it is necessary to provide materials of this type as part of an exam to evaluate Software Developers, Systems Software's ability to perform the task (Store, retrieve, and manipulate data for analysis of system capabilities and requirements.). 
   Options are: ""Required""or ""Not required"" 
   The materials include:
   - ""Text""
   - ""Data""
   - ""Images""
   - ""Audio files""
   - ""Video files""
   - ""Virtual labs""
   - ""Specialized files""


3. **Tools Required:**  
   For each tool, assess whether it is needed to complete an exam that evaluates whether an individual can do Store, retrieve, and manipulate data for analysis of system capabilities and requirements..
  Options are: ""Required"" or ""Not Required"". 
  The tools include:
   - ""Spreadsheet software""
   - ""Code execution environment""
   - ""Text editor""
   - ""Image viewer""
   - ""Image generator""
   - ""Presentation software""
   - ""Online search engine""
   - ""Video conferencing""
   - ""Chat interfaces""
   - ""Email client""
   - ""Internet access""
   - ""Specialized software""


4. **Feasibility of a practical exam:**
    Evaluate whether the task can meaningfully be tested in a practical, remote exam.
    - If you think this is possible, answer True,
    - Otherwise answer False

5. **Chain-of-Thought Reasoning:**  
   Optionally, include a brief chain-of-thought explanation (no more than 150 words) for your evaluations in a field called `""chain_of_thought""`.

**Output Requirement:**  
Return a JSON object strictly adhering to the provided structure, without any extra commentary outside of the JSON fields.

**Expected JSON Structure:**
{
  ""task_id"": ""3455"",
  ""occupation"": ""Software Developers, Systems Software"",
  ""task_description"": ""Store, retrieve, and manipulate data for analysis of system capabilities and requirements."",
  ""can_be_performed_remotely"": true/false,
   ""feasibility_practical"": true/false,




  ""materials"": {
    ""Text"": ""Not Required/Required/NA"",
    ""Data"": ""Not Required/Required/NA"",
    ""Images"": ""Not Required/Required/NA"",
    ""Audio files"": ""Not Required/Required/NA"",
    ""Video files"": ""Not Required/Required/NA"",
    ""Virtual labs"": ""Not Required/Required/NA"",
    ""Speicalized files"":""Not Required/Required/NA"",
  },

   ""tools"": {
   ""Spreadsheet software"": ""Not Required/Required/NA"",
   ""Code execution environment"": ""Not Required/Required/NA"",
   ""Image viewer"": ""Not Required/Required/NA"",
   ""Image generator"": ""Not Required/Required/NA"",
   ""Text editor"": ""Not Required/Required/NA"",
   ""Presentation software"": ""Not Required/Required/NA"",
   ""Online search engine"": ""Not Required/Required/NA"",
   ""Video conferencing"": ""Not Required/Required/NA"",
   ""Chat interfaces"": ""Not Required/Required/NA"",
   ""Email client"": ""Not Required/Required/NA"",
   ""Internet access"": ""Not Required/Required/NA"",
   ""Specialized software:""""Not Required/Required/NA"",
  },
  ""chain_of_thought"": ""Brief explanation (no more than 150 words).""
}",3455.0,"Software Developers, Systems Software","Store, retrieve, and manipulate data for analysis of system capabilities and requirements.",True,True,"This task involves data storage, retrieval, and manipulation, which can be performed remotely using standard development tools. A practical exam could provide sample data and requirements, asking candidates to write code to store the data in appropriate structures, implement retrieval functions, and perform specified manipulations. This can be evaluated objectively by testing if their code produces correct outputs, handles edge cases, and meets performance requirements. A code execution environment and text editor are essential, while sample data and text instructions are required materials.",Required,Required,Not Required,Not Required,Not Required,Not Required,Not Required,Not Required,Required,Not Required,Not Required,Required,Not Required,Not Required,Not Required,Not Required,Not Required,Not Required,Not Required,,"['Code execution environment', 'Text editor']","['Text', 'Data']",False
217,217,217.0,217.0,217.0,218.0,218.0,"Task ID: 14645

Your assignment is to determine if (1) the task can be performed remotely, (2) it is possible to design a meaningful, **practical** exam for this task and (3) whether such an exam can be evaluated using fact-based scoring. Further, you should identify the required tools and materials that exam takers need to use.

**Definitions:**
- **Remote feasibility**: A task can be performed remotely if it doesn't require a person to be at a specific place or interact with humans face-to-face.

- **Tools:** Software or applications (e.g. coding & development tools, text editor, presentation software, image generator), that are **absolutely** critical for an exam taker to complete any practically relevant and meaningful exam for this task. 

- **Materials:** Digital content (e.g., data files, text, images, audio files) that form part of the test content.

- **Fact based scoring:** Whether the exam can be evaluated using a predefined answer key (objective scoring) or requires subjective assessment, such as evaluating the quality of written responses or creative work.

- **Practical exam:** A practical exam is a an exam actually testing whether the described task can be performed successfully. An exam testing the knowledge about the task is NOT a practical exam.

- **Virtual lab:** A virtual lab is an interactive digital environment that simulates real-world settings, allowing users to perform tasks, collaborate with others, and test scenarios remotely.

- **Images:** Such as product images, photographs, maps, graphs and plots, etc.

- **Specialized software:** Specialized software refers to computer programs designed for specific industry tasks or technical functions, such as Simulink for system modeling, CAD for 3D design or SAP for enterprise resource planning. This category should be used if there is no way to solve the exam using combinations of the other tools and software listed under tools, but some more specialized software is required.

- **Specialized files:** Specialized files refers to files that cannot be parsed into text, data, images, audio or video but are also not part of a virtual lab. This category should be used if there is no way to provide the necessary exam materials using a combination of the other materials listed.

**Instructions:**
1. **Remote Feasibility:**  
   Evaluate whether Plan test schedules or strategies in accordance with project scope or delivery dates. can be performed online/remotely or if it requires in-person presence.
   - **If in-person required:** Output `""can_be_performed_remotely"": false` and set all other fields (tools and materials) to `""NA""`.
   - **If remote:** Output `""can_be_performed_remotely"": true` and continue with the evaluation.

2. **Materials Required:**  
   For each material type, determine if it is necessary to provide materials of this type as part of an exam to evaluate Software Quality Assurance Engineers and Testers's ability to perform the task (Plan test schedules or strategies in accordance with project scope or delivery dates.). 
   Options are: ""Required""or ""Not required"" 
   The materials include:
   - ""Text""
   - ""Data""
   - ""Images""
   - ""Audio files""
   - ""Video files""
   - ""Virtual labs""
   - ""Specialized files""


3. **Tools Required:**  
   For each tool, assess whether it is needed to complete an exam that evaluates whether an individual can do Plan test schedules or strategies in accordance with project scope or delivery dates..
  Options are: ""Required"" or ""Not Required"". 
  The tools include:
   - ""Spreadsheet software""
   - ""Code execution environment""
   - ""Text editor""
   - ""Image viewer""
   - ""Image generator""
   - ""Presentation software""
   - ""Online search engine""
   - ""Video conferencing""
   - ""Chat interfaces""
   - ""Email client""
   - ""Internet access""
   - ""Specialized software""


4. **Feasibility of a practical exam:**
    Evaluate whether the task can meaningfully be tested in a practical, remote exam.
    - If you think this is possible, answer True,
    - Otherwise answer False

5. **Chain-of-Thought Reasoning:**  
   Optionally, include a brief chain-of-thought explanation (no more than 150 words) for your evaluations in a field called `""chain_of_thought""`.

**Output Requirement:**  
Return a JSON object strictly adhering to the provided structure, without any extra commentary outside of the JSON fields.

**Expected JSON Structure:**
{
  ""task_id"": ""14645"",
  ""occupation"": ""Software Quality Assurance Engineers and Testers"",
  ""task_description"": ""Plan test schedules or strategies in accordance with project scope or delivery dates."",
  ""can_be_performed_remotely"": true/false,
   ""feasibility_practical"": true/false,




  ""materials"": {
    ""Text"": ""Not Required/Required/NA"",
    ""Data"": ""Not Required/Required/NA"",
    ""Images"": ""Not Required/Required/NA"",
    ""Audio files"": ""Not Required/Required/NA"",
    ""Video files"": ""Not Required/Required/NA"",
    ""Virtual labs"": ""Not Required/Required/NA"",
    ""Speicalized files"":""Not Required/Required/NA"",
  },

   ""tools"": {
   ""Spreadsheet software"": ""Not Required/Required/NA"",
   ""Code execution environment"": ""Not Required/Required/NA"",
   ""Image viewer"": ""Not Required/Required/NA"",
   ""Image generator"": ""Not Required/Required/NA"",
   ""Text editor"": ""Not Required/Required/NA"",
   ""Presentation software"": ""Not Required/Required/NA"",
   ""Online search engine"": ""Not Required/Required/NA"",
   ""Video conferencing"": ""Not Required/Required/NA"",
   ""Chat interfaces"": ""Not Required/Required/NA"",
   ""Email client"": ""Not Required/Required/NA"",
   ""Internet access"": ""Not Required/Required/NA"",
   ""Specialized software:""""Not Required/Required/NA"",
  },
  ""chain_of_thought"": ""Brief explanation (no more than 150 words).""
}",14645.0,Software Quality Assurance Engineers and Testers,Plan test schedules or strategies in accordance with project scope or delivery dates.,True,True,"Planning test schedules and strategies can be performed remotely as it's primarily a documentation and planning task. A practical exam would provide project requirements, scope, and delivery dates, then ask candidates to create a test schedule and strategy. This requires text (project requirements) and data (timelines, resources). Spreadsheet software is needed for creating schedules with dependencies and timelines, while a text editor is necessary for documenting test strategies. The exam can be objectively scored based on completeness, alignment with requirements, resource allocation, and risk mitigation strategies.",Required,Required,Not Required,Not Required,Not Required,Not Required,Not Required,Required,Not Required,Not Required,Not Required,Required,Not Required,Not Required,Not Required,Not Required,Not Required,Not Required,Not Required,,"['Spreadsheet software', 'Text editor']","['Text', 'Data']",False
222,222,222.0,222.0,222.0,223.0,223.0,"Task ID: 14650

Your assignment is to determine if (1) the task can be performed remotely, (2) it is possible to design a meaningful, **practical** exam for this task and (3) whether such an exam can be evaluated using fact-based scoring. Further, you should identify the required tools and materials that exam takers need to use.

**Definitions:**
- **Remote feasibility**: A task can be performed remotely if it doesn't require a person to be at a specific place or interact with humans face-to-face.

- **Tools:** Software or applications (e.g. coding & development tools, text editor, presentation software, image generator), that are **absolutely** critical for an exam taker to complete any practically relevant and meaningful exam for this task. 

- **Materials:** Digital content (e.g., data files, text, images, audio files) that form part of the test content.

- **Fact based scoring:** Whether the exam can be evaluated using a predefined answer key (objective scoring) or requires subjective assessment, such as evaluating the quality of written responses or creative work.

- **Practical exam:** A practical exam is a an exam actually testing whether the described task can be performed successfully. An exam testing the knowledge about the task is NOT a practical exam.

- **Virtual lab:** A virtual lab is an interactive digital environment that simulates real-world settings, allowing users to perform tasks, collaborate with others, and test scenarios remotely.

- **Images:** Such as product images, photographs, maps, graphs and plots, etc.

- **Specialized software:** Specialized software refers to computer programs designed for specific industry tasks or technical functions, such as Simulink for system modeling, CAD for 3D design or SAP for enterprise resource planning. This category should be used if there is no way to solve the exam using combinations of the other tools and software listed under tools, but some more specialized software is required.

- **Specialized files:** Specialized files refers to files that cannot be parsed into text, data, images, audio or video but are also not part of a virtual lab. This category should be used if there is no way to provide the necessary exam materials using a combination of the other materials listed.

**Instructions:**
1. **Remote Feasibility:**  
   Evaluate whether Update automated test scripts to ensure currency. can be performed online/remotely or if it requires in-person presence.
   - **If in-person required:** Output `""can_be_performed_remotely"": false` and set all other fields (tools and materials) to `""NA""`.
   - **If remote:** Output `""can_be_performed_remotely"": true` and continue with the evaluation.

2. **Materials Required:**  
   For each material type, determine if it is necessary to provide materials of this type as part of an exam to evaluate Software Quality Assurance Engineers and Testers's ability to perform the task (Update automated test scripts to ensure currency.). 
   Options are: ""Required""or ""Not required"" 
   The materials include:
   - ""Text""
   - ""Data""
   - ""Images""
   - ""Audio files""
   - ""Video files""
   - ""Virtual labs""
   - ""Specialized files""


3. **Tools Required:**  
   For each tool, assess whether it is needed to complete an exam that evaluates whether an individual can do Update automated test scripts to ensure currency..
  Options are: ""Required"" or ""Not Required"". 
  The tools include:
   - ""Spreadsheet software""
   - ""Code execution environment""
   - ""Text editor""
   - ""Image viewer""
   - ""Image generator""
   - ""Presentation software""
   - ""Online search engine""
   - ""Video conferencing""
   - ""Chat interfaces""
   - ""Email client""
   - ""Internet access""
   - ""Specialized software""


4. **Feasibility of a practical exam:**
    Evaluate whether the task can meaningfully be tested in a practical, remote exam.
    - If you think this is possible, answer True,
    - Otherwise answer False

5. **Chain-of-Thought Reasoning:**  
   Optionally, include a brief chain-of-thought explanation (no more than 150 words) for your evaluations in a field called `""chain_of_thought""`.

**Output Requirement:**  
Return a JSON object strictly adhering to the provided structure, without any extra commentary outside of the JSON fields.

**Expected JSON Structure:**
{
  ""task_id"": ""14650"",
  ""occupation"": ""Software Quality Assurance Engineers and Testers"",
  ""task_description"": ""Update automated test scripts to ensure currency."",
  ""can_be_performed_remotely"": true/false,
   ""feasibility_practical"": true/false,




  ""materials"": {
    ""Text"": ""Not Required/Required/NA"",
    ""Data"": ""Not Required/Required/NA"",
    ""Images"": ""Not Required/Required/NA"",
    ""Audio files"": ""Not Required/Required/NA"",
    ""Video files"": ""Not Required/Required/NA"",
    ""Virtual labs"": ""Not Required/Required/NA"",
    ""Speicalized files"":""Not Required/Required/NA"",
  },

   ""tools"": {
   ""Spreadsheet software"": ""Not Required/Required/NA"",
   ""Code execution environment"": ""Not Required/Required/NA"",
   ""Image viewer"": ""Not Required/Required/NA"",
   ""Image generator"": ""Not Required/Required/NA"",
   ""Text editor"": ""Not Required/Required/NA"",
   ""Presentation software"": ""Not Required/Required/NA"",
   ""Online search engine"": ""Not Required/Required/NA"",
   ""Video conferencing"": ""Not Required/Required/NA"",
   ""Chat interfaces"": ""Not Required/Required/NA"",
   ""Email client"": ""Not Required/Required/NA"",
   ""Internet access"": ""Not Required/Required/NA"",
   ""Specialized software:""""Not Required/Required/NA"",
  },
  ""chain_of_thought"": ""Brief explanation (no more than 150 words).""
}",14650.0,Software Quality Assurance Engineers and Testers,Update automated test scripts to ensure currency.,True,True,"Updating automated test scripts is a task that can be performed remotely as it involves coding and script modification. A practical exam would provide outdated test scripts and requirements for updates, requiring candidates to identify and implement necessary changes. This can be objectively scored by checking if the updated scripts run correctly against new requirements. Essential tools include a code execution environment to run and test the scripts, and a text editor to modify them. Text materials (requirements, instructions) and data (test data sets) are needed for the exam.",Required,Required,Not Required,Not Required,Not Required,Not Required,Not Required,Not Required,Required,Not Required,Not Required,Required,Not Required,Not Required,Not Required,Not Required,Not Required,Not Required,Not Required,,"['Code execution environment', 'Text editor']","['Text', 'Data']",False
229,229,229.0,229.0,229.0,231.0,231.0,"Task ID: 14658

Your assignment is to determine if (1) the task can be performed remotely, (2) it is possible to design a meaningful, **practical** exam for this task and (3) whether such an exam can be evaluated using fact-based scoring. Further, you should identify the required tools and materials that exam takers need to use.

**Definitions:**
- **Remote feasibility**: A task can be performed remotely if it doesn't require a person to be at a specific place or interact with humans face-to-face.

- **Tools:** Software or applications (e.g. coding & development tools, text editor, presentation software, image generator), that are **absolutely** critical for an exam taker to complete any practically relevant and meaningful exam for this task. 

- **Materials:** Digital content (e.g., data files, text, images, audio files) that form part of the test content.

- **Fact based scoring:** Whether the exam can be evaluated using a predefined answer key (objective scoring) or requires subjective assessment, such as evaluating the quality of written responses or creative work.

- **Practical exam:** A practical exam is a an exam actually testing whether the described task can be performed successfully. An exam testing the knowledge about the task is NOT a practical exam.

- **Virtual lab:** A virtual lab is an interactive digital environment that simulates real-world settings, allowing users to perform tasks, collaborate with others, and test scenarios remotely.

- **Images:** Such as product images, photographs, maps, graphs and plots, etc.

- **Specialized software:** Specialized software refers to computer programs designed for specific industry tasks or technical functions, such as Simulink for system modeling, CAD for 3D design or SAP for enterprise resource planning. This category should be used if there is no way to solve the exam using combinations of the other tools and software listed under tools, but some more specialized software is required.

- **Specialized files:** Specialized files refers to files that cannot be parsed into text, data, images, audio or video but are also not part of a virtual lab. This category should be used if there is no way to provide the necessary exam materials using a combination of the other materials listed.

**Instructions:**
1. **Remote Feasibility:**  
   Evaluate whether Identify program deviance from standards, and suggest modifications to ensure compliance. can be performed online/remotely or if it requires in-person presence.
   - **If in-person required:** Output `""can_be_performed_remotely"": false` and set all other fields (tools and materials) to `""NA""`.
   - **If remote:** Output `""can_be_performed_remotely"": true` and continue with the evaluation.

2. **Materials Required:**  
   For each material type, determine if it is necessary to provide materials of this type as part of an exam to evaluate Software Quality Assurance Engineers and Testers's ability to perform the task (Identify program deviance from standards, and suggest modifications to ensure compliance.). 
   Options are: ""Required""or ""Not required"" 
   The materials include:
   - ""Text""
   - ""Data""
   - ""Images""
   - ""Audio files""
   - ""Video files""
   - ""Virtual labs""
   - ""Specialized files""


3. **Tools Required:**  
   For each tool, assess whether it is needed to complete an exam that evaluates whether an individual can do Identify program deviance from standards, and suggest modifications to ensure compliance..
  Options are: ""Required"" or ""Not Required"". 
  The tools include:
   - ""Spreadsheet software""
   - ""Code execution environment""
   - ""Text editor""
   - ""Image viewer""
   - ""Image generator""
   - ""Presentation software""
   - ""Online search engine""
   - ""Video conferencing""
   - ""Chat interfaces""
   - ""Email client""
   - ""Internet access""
   - ""Specialized software""


4. **Feasibility of a practical exam:**
    Evaluate whether the task can meaningfully be tested in a practical, remote exam.
    - If you think this is possible, answer True,
    - Otherwise answer False

5. **Chain-of-Thought Reasoning:**  
   Optionally, include a brief chain-of-thought explanation (no more than 150 words) for your evaluations in a field called `""chain_of_thought""`.

**Output Requirement:**  
Return a JSON object strictly adhering to the provided structure, without any extra commentary outside of the JSON fields.

**Expected JSON Structure:**
{
  ""task_id"": ""14658"",
  ""occupation"": ""Software Quality Assurance Engineers and Testers"",
  ""task_description"": ""Identify program deviance from standards, and suggest modifications to ensure compliance."",
  ""can_be_performed_remotely"": true/false,
   ""feasibility_practical"": true/false,




  ""materials"": {
    ""Text"": ""Not Required/Required/NA"",
    ""Data"": ""Not Required/Required/NA"",
    ""Images"": ""Not Required/Required/NA"",
    ""Audio files"": ""Not Required/Required/NA"",
    ""Video files"": ""Not Required/Required/NA"",
    ""Virtual labs"": ""Not Required/Required/NA"",
    ""Speicalized files"":""Not Required/Required/NA"",
  },

   ""tools"": {
   ""Spreadsheet software"": ""Not Required/Required/NA"",
   ""Code execution environment"": ""Not Required/Required/NA"",
   ""Image viewer"": ""Not Required/Required/NA"",
   ""Image generator"": ""Not Required/Required/NA"",
   ""Text editor"": ""Not Required/Required/NA"",
   ""Presentation software"": ""Not Required/Required/NA"",
   ""Online search engine"": ""Not Required/Required/NA"",
   ""Video conferencing"": ""Not Required/Required/NA"",
   ""Chat interfaces"": ""Not Required/Required/NA"",
   ""Email client"": ""Not Required/Required/NA"",
   ""Internet access"": ""Not Required/Required/NA"",
   ""Specialized software:""""Not Required/Required/NA"",
  },
  ""chain_of_thought"": ""Brief explanation (no more than 150 words).""
}",14658.0,Software Quality Assurance Engineers and Testers,"Identify program deviance from standards, and suggest modifications to ensure compliance.",True,True,"This task involves reviewing code against established standards and suggesting modifications, which can be done remotely. A practical exam would provide code samples that violate specific standards (e.g., coding conventions, security practices) and ask examinees to identify violations and suggest fixes. This requires text (code and standards documentation) and data (code files). A code execution environment allows testing modifications, while a text editor enables writing explanations and corrections. Scoring can be fact-based by checking if specific violations were identified and if suggested modifications comply with standards.",Required,Required,Not Required,Not Required,Not Required,Not Required,Not Required,Not Required,Required,Not Required,Not Required,Required,Not Required,Not Required,Not Required,Not Required,Not Required,Not Required,Not Required,,"['Code execution environment', 'Text editor']","['Text', 'Data']",False
364,364,364.0,364.0,364.0,369.0,369.0,"Task ID: 16167

Your assignment is to determine if (1) the task can be performed remotely, (2) it is possible to design a meaningful, **practical** exam for this task and (3) whether such an exam can be evaluated using fact-based scoring. Further, you should identify the required tools and materials that exam takers need to use.

**Definitions:**
- **Remote feasibility**: A task can be performed remotely if it doesn't require a person to be at a specific place or interact with humans face-to-face.

- **Tools:** Software or applications (e.g. coding & development tools, text editor, presentation software, image generator), that are **absolutely** critical for an exam taker to complete any practically relevant and meaningful exam for this task. 

- **Materials:** Digital content (e.g., data files, text, images, audio files) that form part of the test content.

- **Fact based scoring:** Whether the exam can be evaluated using a predefined answer key (objective scoring) or requires subjective assessment, such as evaluating the quality of written responses or creative work.

- **Practical exam:** A practical exam is a an exam actually testing whether the described task can be performed successfully. An exam testing the knowledge about the task is NOT a practical exam.

- **Virtual lab:** A virtual lab is an interactive digital environment that simulates real-world settings, allowing users to perform tasks, collaborate with others, and test scenarios remotely.

- **Images:** Such as product images, photographs, maps, graphs and plots, etc.

- **Specialized software:** Specialized software refers to computer programs designed for specific industry tasks or technical functions, such as Simulink for system modeling, CAD for 3D design or SAP for enterprise resource planning. This category should be used if there is no way to solve the exam using combinations of the other tools and software listed under tools, but some more specialized software is required.

- **Specialized files:** Specialized files refers to files that cannot be parsed into text, data, images, audio or video but are also not part of a virtual lab. This category should be used if there is no way to provide the necessary exam materials using a combination of the other materials listed.

**Instructions:**
1. **Remote Feasibility:**  
   Evaluate whether Assign duties, responsibilities, and spans of authority to project personnel. can be performed online/remotely or if it requires in-person presence.
   - **If in-person required:** Output `""can_be_performed_remotely"": false` and set all other fields (tools and materials) to `""NA""`.
   - **If remote:** Output `""can_be_performed_remotely"": true` and continue with the evaluation.

2. **Materials Required:**  
   For each material type, determine if it is necessary to provide materials of this type as part of an exam to evaluate Information Technology Project Managers's ability to perform the task (Assign duties, responsibilities, and spans of authority to project personnel.). 
   Options are: ""Required""or ""Not required"" 
   The materials include:
   - ""Text""
   - ""Data""
   - ""Images""
   - ""Audio files""
   - ""Video files""
   - ""Virtual labs""
   - ""Specialized files""


3. **Tools Required:**  
   For each tool, assess whether it is needed to complete an exam that evaluates whether an individual can do Assign duties, responsibilities, and spans of authority to project personnel..
  Options are: ""Required"" or ""Not Required"". 
  The tools include:
   - ""Spreadsheet software""
   - ""Code execution environment""
   - ""Text editor""
   - ""Image viewer""
   - ""Image generator""
   - ""Presentation software""
   - ""Online search engine""
   - ""Video conferencing""
   - ""Chat interfaces""
   - ""Email client""
   - ""Internet access""
   - ""Specialized software""


4. **Feasibility of a practical exam:**
    Evaluate whether the task can meaningfully be tested in a practical, remote exam.
    - If you think this is possible, answer True,
    - Otherwise answer False

5. **Chain-of-Thought Reasoning:**  
   Optionally, include a brief chain-of-thought explanation (no more than 150 words) for your evaluations in a field called `""chain_of_thought""`.

**Output Requirement:**  
Return a JSON object strictly adhering to the provided structure, without any extra commentary outside of the JSON fields.

**Expected JSON Structure:**
{
  ""task_id"": ""16167"",
  ""occupation"": ""Information Technology Project Managers"",
  ""task_description"": ""Assign duties, responsibilities, and spans of authority to project personnel."",
  ""can_be_performed_remotely"": true/false,
   ""feasibility_practical"": true/false,




  ""materials"": {
    ""Text"": ""Not Required/Required/NA"",
    ""Data"": ""Not Required/Required/NA"",
    ""Images"": ""Not Required/Required/NA"",
    ""Audio files"": ""Not Required/Required/NA"",
    ""Video files"": ""Not Required/Required/NA"",
    ""Virtual labs"": ""Not Required/Required/NA"",
    ""Speicalized files"":""Not Required/Required/NA"",
  },

   ""tools"": {
   ""Spreadsheet software"": ""Not Required/Required/NA"",
   ""Code execution environment"": ""Not Required/Required/NA"",
   ""Image viewer"": ""Not Required/Required/NA"",
   ""Image generator"": ""Not Required/Required/NA"",
   ""Text editor"": ""Not Required/Required/NA"",
   ""Presentation software"": ""Not Required/Required/NA"",
   ""Online search engine"": ""Not Required/Required/NA"",
   ""Video conferencing"": ""Not Required/Required/NA"",
   ""Chat interfaces"": ""Not Required/Required/NA"",
   ""Email client"": ""Not Required/Required/NA"",
   ""Internet access"": ""Not Required/Required/NA"",
   ""Specialized software:""""Not Required/Required/NA"",
  },
  ""chain_of_thought"": ""Brief explanation (no more than 150 words).""
}",16167.0,Information Technology Project Managers,"Assign duties, responsibilities, and spans of authority to project personnel.",True,True,"Assigning duties and responsibilities to project personnel is a task that can be performed remotely using standard project management tools. A practical exam could present candidates with a project scenario, team profiles, and project requirements, then ask them to create a responsibility assignment matrix (RACI chart) using spreadsheet software and document their rationale in a text editor. This can be objectively scored by comparing against a model solution that shows optimal assignment based on skills, availability, and authority levels.",Required,Required,Not Required,Not Required,Not Required,Not Required,Not Required,Required,Not Required,Not Required,Not Required,Required,Not Required,Not Required,Not Required,Not Required,Not Required,Not Required,Not Required,,"['Spreadsheet software', 'Text editor']","['Text', 'Data']",False
373,373,373.0,373.0,373.0,378.0,378.0,"Task ID: 16166

Your assignment is to determine if (1) the task can be performed remotely, (2) it is possible to design a meaningful, **practical** exam for this task and (3) whether such an exam can be evaluated using fact-based scoring. Further, you should identify the required tools and materials that exam takers need to use.

**Definitions:**
- **Remote feasibility**: A task can be performed remotely if it doesn't require a person to be at a specific place or interact with humans face-to-face.

- **Tools:** Software or applications (e.g. coding & development tools, text editor, presentation software, image generator), that are **absolutely** critical for an exam taker to complete any practically relevant and meaningful exam for this task. 

- **Materials:** Digital content (e.g., data files, text, images, audio files) that form part of the test content.

- **Fact based scoring:** Whether the exam can be evaluated using a predefined answer key (objective scoring) or requires subjective assessment, such as evaluating the quality of written responses or creative work.

- **Practical exam:** A practical exam is a an exam actually testing whether the described task can be performed successfully. An exam testing the knowledge about the task is NOT a practical exam.

- **Virtual lab:** A virtual lab is an interactive digital environment that simulates real-world settings, allowing users to perform tasks, collaborate with others, and test scenarios remotely.

- **Images:** Such as product images, photographs, maps, graphs and plots, etc.

- **Specialized software:** Specialized software refers to computer programs designed for specific industry tasks or technical functions, such as Simulink for system modeling, CAD for 3D design or SAP for enterprise resource planning. This category should be used if there is no way to solve the exam using combinations of the other tools and software listed under tools, but some more specialized software is required.

- **Specialized files:** Specialized files refers to files that cannot be parsed into text, data, images, audio or video but are also not part of a virtual lab. This category should be used if there is no way to provide the necessary exam materials using a combination of the other materials listed.

**Instructions:**
1. **Remote Feasibility:**  
   Evaluate whether Develop and manage annual budgets for information technology projects. can be performed online/remotely or if it requires in-person presence.
   - **If in-person required:** Output `""can_be_performed_remotely"": false` and set all other fields (tools and materials) to `""NA""`.
   - **If remote:** Output `""can_be_performed_remotely"": true` and continue with the evaluation.

2. **Materials Required:**  
   For each material type, determine if it is necessary to provide materials of this type as part of an exam to evaluate Information Technology Project Managers's ability to perform the task (Develop and manage annual budgets for information technology projects.). 
   Options are: ""Required""or ""Not required"" 
   The materials include:
   - ""Text""
   - ""Data""
   - ""Images""
   - ""Audio files""
   - ""Video files""
   - ""Virtual labs""
   - ""Specialized files""


3. **Tools Required:**  
   For each tool, assess whether it is needed to complete an exam that evaluates whether an individual can do Develop and manage annual budgets for information technology projects..
  Options are: ""Required"" or ""Not Required"". 
  The tools include:
   - ""Spreadsheet software""
   - ""Code execution environment""
   - ""Text editor""
   - ""Image viewer""
   - ""Image generator""
   - ""Presentation software""
   - ""Online search engine""
   - ""Video conferencing""
   - ""Chat interfaces""
   - ""Email client""
   - ""Internet access""
   - ""Specialized software""


4. **Feasibility of a practical exam:**
    Evaluate whether the task can meaningfully be tested in a practical, remote exam.
    - If you think this is possible, answer True,
    - Otherwise answer False

5. **Chain-of-Thought Reasoning:**  
   Optionally, include a brief chain-of-thought explanation (no more than 150 words) for your evaluations in a field called `""chain_of_thought""`.

**Output Requirement:**  
Return a JSON object strictly adhering to the provided structure, without any extra commentary outside of the JSON fields.

**Expected JSON Structure:**
{
  ""task_id"": ""16166"",
  ""occupation"": ""Information Technology Project Managers"",
  ""task_description"": ""Develop and manage annual budgets for information technology projects."",
  ""can_be_performed_remotely"": true/false,
   ""feasibility_practical"": true/false,




  ""materials"": {
    ""Text"": ""Not Required/Required/NA"",
    ""Data"": ""Not Required/Required/NA"",
    ""Images"": ""Not Required/Required/NA"",
    ""Audio files"": ""Not Required/Required/NA"",
    ""Video files"": ""Not Required/Required/NA"",
    ""Virtual labs"": ""Not Required/Required/NA"",
    ""Speicalized files"":""Not Required/Required/NA"",
  },

   ""tools"": {
   ""Spreadsheet software"": ""Not Required/Required/NA"",
   ""Code execution environment"": ""Not Required/Required/NA"",
   ""Image viewer"": ""Not Required/Required/NA"",
   ""Image generator"": ""Not Required/Required/NA"",
   ""Text editor"": ""Not Required/Required/NA"",
   ""Presentation software"": ""Not Required/Required/NA"",
   ""Online search engine"": ""Not Required/Required/NA"",
   ""Video conferencing"": ""Not Required/Required/NA"",
   ""Chat interfaces"": ""Not Required/Required/NA"",
   ""Email client"": ""Not Required/Required/NA"",
   ""Internet access"": ""Not Required/Required/NA"",
   ""Specialized software:""""Not Required/Required/NA"",
  },
  ""chain_of_thought"": ""Brief explanation (no more than 150 words).""
}",16166.0,Information Technology Project Managers,Develop and manage annual budgets for information technology projects.,True,True,"Developing and managing IT project budgets can be performed remotely as it primarily involves financial planning and tracking. A practical exam can provide project scenarios with requirements, historical data, and constraints, requiring candidates to create annual budgets using spreadsheet software. Candidates would need to demonstrate skills in cost estimation, resource allocation, contingency planning, and budget tracking. The exam can be objectively scored by evaluating if the budget includes all required elements, uses appropriate formulas, and produces realistic projections within constraints.",Required,Required,Not Required,Not Required,Not Required,Not Required,Not Required,Required,Not Required,Not Required,Not Required,Required,Not Required,Not Required,Not Required,Not Required,Not Required,Not Required,Not Required,,"['Spreadsheet software', 'Text editor']","['Text', 'Data']",False
374,374,374.0,374.0,374.0,379.0,379.0,"Task ID: 16164

Your assignment is to determine if (1) the task can be performed remotely, (2) it is possible to design a meaningful, **practical** exam for this task and (3) whether such an exam can be evaluated using fact-based scoring. Further, you should identify the required tools and materials that exam takers need to use.

**Definitions:**
- **Remote feasibility**: A task can be performed remotely if it doesn't require a person to be at a specific place or interact with humans face-to-face.

- **Tools:** Software or applications (e.g. coding & development tools, text editor, presentation software, image generator), that are **absolutely** critical for an exam taker to complete any practically relevant and meaningful exam for this task. 

- **Materials:** Digital content (e.g., data files, text, images, audio files) that form part of the test content.

- **Fact based scoring:** Whether the exam can be evaluated using a predefined answer key (objective scoring) or requires subjective assessment, such as evaluating the quality of written responses or creative work.

- **Practical exam:** A practical exam is a an exam actually testing whether the described task can be performed successfully. An exam testing the knowledge about the task is NOT a practical exam.

- **Virtual lab:** A virtual lab is an interactive digital environment that simulates real-world settings, allowing users to perform tasks, collaborate with others, and test scenarios remotely.

- **Images:** Such as product images, photographs, maps, graphs and plots, etc.

- **Specialized software:** Specialized software refers to computer programs designed for specific industry tasks or technical functions, such as Simulink for system modeling, CAD for 3D design or SAP for enterprise resource planning. This category should be used if there is no way to solve the exam using combinations of the other tools and software listed under tools, but some more specialized software is required.

- **Specialized files:** Specialized files refers to files that cannot be parsed into text, data, images, audio or video but are also not part of a virtual lab. This category should be used if there is no way to provide the necessary exam materials using a combination of the other materials listed.

**Instructions:**
1. **Remote Feasibility:**  
   Evaluate whether Develop implementation plans that include analyses such as cost-benefit or return on investment (ROI). can be performed online/remotely or if it requires in-person presence.
   - **If in-person required:** Output `""can_be_performed_remotely"": false` and set all other fields (tools and materials) to `""NA""`.
   - **If remote:** Output `""can_be_performed_remotely"": true` and continue with the evaluation.

2. **Materials Required:**  
   For each material type, determine if it is necessary to provide materials of this type as part of an exam to evaluate Information Technology Project Managers's ability to perform the task (Develop implementation plans that include analyses such as cost-benefit or return on investment (ROI).). 
   Options are: ""Required""or ""Not required"" 
   The materials include:
   - ""Text""
   - ""Data""
   - ""Images""
   - ""Audio files""
   - ""Video files""
   - ""Virtual labs""
   - ""Specialized files""


3. **Tools Required:**  
   For each tool, assess whether it is needed to complete an exam that evaluates whether an individual can do Develop implementation plans that include analyses such as cost-benefit or return on investment (ROI)..
  Options are: ""Required"" or ""Not Required"". 
  The tools include:
   - ""Spreadsheet software""
   - ""Code execution environment""
   - ""Text editor""
   - ""Image viewer""
   - ""Image generator""
   - ""Presentation software""
   - ""Online search engine""
   - ""Video conferencing""
   - ""Chat interfaces""
   - ""Email client""
   - ""Internet access""
   - ""Specialized software""


4. **Feasibility of a practical exam:**
    Evaluate whether the task can meaningfully be tested in a practical, remote exam.
    - If you think this is possible, answer True,
    - Otherwise answer False

5. **Chain-of-Thought Reasoning:**  
   Optionally, include a brief chain-of-thought explanation (no more than 150 words) for your evaluations in a field called `""chain_of_thought""`.

**Output Requirement:**  
Return a JSON object strictly adhering to the provided structure, without any extra commentary outside of the JSON fields.

**Expected JSON Structure:**
{
  ""task_id"": ""16164"",
  ""occupation"": ""Information Technology Project Managers"",
  ""task_description"": ""Develop implementation plans that include analyses such as cost-benefit or return on investment (ROI)."",
  ""can_be_performed_remotely"": true/false,
   ""feasibility_practical"": true/false,




  ""materials"": {
    ""Text"": ""Not Required/Required/NA"",
    ""Data"": ""Not Required/Required/NA"",
    ""Images"": ""Not Required/Required/NA"",
    ""Audio files"": ""Not Required/Required/NA"",
    ""Video files"": ""Not Required/Required/NA"",
    ""Virtual labs"": ""Not Required/Required/NA"",
    ""Speicalized files"":""Not Required/Required/NA"",
  },

   ""tools"": {
   ""Spreadsheet software"": ""Not Required/Required/NA"",
   ""Code execution environment"": ""Not Required/Required/NA"",
   ""Image viewer"": ""Not Required/Required/NA"",
   ""Image generator"": ""Not Required/Required/NA"",
   ""Text editor"": ""Not Required/Required/NA"",
   ""Presentation software"": ""Not Required/Required/NA"",
   ""Online search engine"": ""Not Required/Required/NA"",
   ""Video conferencing"": ""Not Required/Required/NA"",
   ""Chat interfaces"": ""Not Required/Required/NA"",
   ""Email client"": ""Not Required/Required/NA"",
   ""Internet access"": ""Not Required/Required/NA"",
   ""Specialized software:""""Not Required/Required/NA"",
  },
  ""chain_of_thought"": ""Brief explanation (no more than 150 words).""
}",16164.0,Information Technology Project Managers,Develop implementation plans that include analyses such as cost-benefit or return on investment (ROI).,True,True,"Developing implementation plans with cost-benefit and ROI analyses can be performed remotely as it involves planning and calculations rather than physical presence. A practical exam would provide project scenarios with requirements and constraints, asking candidates to develop implementation plans with financial analyses. This requires text (project descriptions) and data (financial figures). Spreadsheet software is essential for financial calculations and ROI analysis, while a text editor is needed for documenting the implementation plan. The exam can be objectively scored based on calculation accuracy, methodology, and plan completeness.",Required,Required,Not Required,Not Required,Not Required,Not Required,Not Required,Required,Not Required,Not Required,Not Required,Required,Not Required,Not Required,Not Required,Not Required,Not Required,Not Required,Not Required,,"['Spreadsheet software', 'Text editor']","['Text', 'Data']",False
396,396,396.0,396.0,396.0,401.0,401.0,"Task ID: 16187

Your assignment is to determine if (1) the task can be performed remotely, (2) it is possible to design a meaningful, **practical** exam for this task and (3) whether such an exam can be evaluated using fact-based scoring. Further, you should identify the required tools and materials that exam takers need to use.

**Definitions:**
- **Remote feasibility**: A task can be performed remotely if it doesn't require a person to be at a specific place or interact with humans face-to-face.

- **Tools:** Software or applications (e.g. coding & development tools, text editor, presentation software, image generator), that are **absolutely** critical for an exam taker to complete any practically relevant and meaningful exam for this task. 

- **Materials:** Digital content (e.g., data files, text, images, audio files) that form part of the test content.

- **Fact based scoring:** Whether the exam can be evaluated using a predefined answer key (objective scoring) or requires subjective assessment, such as evaluating the quality of written responses or creative work.

- **Practical exam:** A practical exam is a an exam actually testing whether the described task can be performed successfully. An exam testing the knowledge about the task is NOT a practical exam.

- **Virtual lab:** A virtual lab is an interactive digital environment that simulates real-world settings, allowing users to perform tasks, collaborate with others, and test scenarios remotely.

- **Images:** Such as product images, photographs, maps, graphs and plots, etc.

- **Specialized software:** Specialized software refers to computer programs designed for specific industry tasks or technical functions, such as Simulink for system modeling, CAD for 3D design or SAP for enterprise resource planning. This category should be used if there is no way to solve the exam using combinations of the other tools and software listed under tools, but some more specialized software is required.

- **Specialized files:** Specialized files refers to files that cannot be parsed into text, data, images, audio or video but are also not part of a virtual lab. This category should be used if there is no way to provide the necessary exam materials using a combination of the other materials listed.

**Instructions:**
1. **Remote Feasibility:**  
   Evaluate whether Conduct financial modeling for online marketing programs or Web site revenue forecasting. can be performed online/remotely or if it requires in-person presence.
   - **If in-person required:** Output `""can_be_performed_remotely"": false` and set all other fields (tools and materials) to `""NA""`.
   - **If remote:** Output `""can_be_performed_remotely"": true` and continue with the evaluation.

2. **Materials Required:**  
   For each material type, determine if it is necessary to provide materials of this type as part of an exam to evaluate Search Marketing Strategists's ability to perform the task (Conduct financial modeling for online marketing programs or Web site revenue forecasting.). 
   Options are: ""Required""or ""Not required"" 
   The materials include:
   - ""Text""
   - ""Data""
   - ""Images""
   - ""Audio files""
   - ""Video files""
   - ""Virtual labs""
   - ""Specialized files""


3. **Tools Required:**  
   For each tool, assess whether it is needed to complete an exam that evaluates whether an individual can do Conduct financial modeling for online marketing programs or Web site revenue forecasting..
  Options are: ""Required"" or ""Not Required"". 
  The tools include:
   - ""Spreadsheet software""
   - ""Code execution environment""
   - ""Text editor""
   - ""Image viewer""
   - ""Image generator""
   - ""Presentation software""
   - ""Online search engine""
   - ""Video conferencing""
   - ""Chat interfaces""
   - ""Email client""
   - ""Internet access""
   - ""Specialized software""


4. **Feasibility of a practical exam:**
    Evaluate whether the task can meaningfully be tested in a practical, remote exam.
    - If you think this is possible, answer True,
    - Otherwise answer False

5. **Chain-of-Thought Reasoning:**  
   Optionally, include a brief chain-of-thought explanation (no more than 150 words) for your evaluations in a field called `""chain_of_thought""`.

**Output Requirement:**  
Return a JSON object strictly adhering to the provided structure, without any extra commentary outside of the JSON fields.

**Expected JSON Structure:**
{
  ""task_id"": ""16187"",
  ""occupation"": ""Search Marketing Strategists"",
  ""task_description"": ""Conduct financial modeling for online marketing programs or Web site revenue forecasting."",
  ""can_be_performed_remotely"": true/false,
   ""feasibility_practical"": true/false,




  ""materials"": {
    ""Text"": ""Not Required/Required/NA"",
    ""Data"": ""Not Required/Required/NA"",
    ""Images"": ""Not Required/Required/NA"",
    ""Audio files"": ""Not Required/Required/NA"",
    ""Video files"": ""Not Required/Required/NA"",
    ""Virtual labs"": ""Not Required/Required/NA"",
    ""Speicalized files"":""Not Required/Required/NA"",
  },

   ""tools"": {
   ""Spreadsheet software"": ""Not Required/Required/NA"",
   ""Code execution environment"": ""Not Required/Required/NA"",
   ""Image viewer"": ""Not Required/Required/NA"",
   ""Image generator"": ""Not Required/Required/NA"",
   ""Text editor"": ""Not Required/Required/NA"",
   ""Presentation software"": ""Not Required/Required/NA"",
   ""Online search engine"": ""Not Required/Required/NA"",
   ""Video conferencing"": ""Not Required/Required/NA"",
   ""Chat interfaces"": ""Not Required/Required/NA"",
   ""Email client"": ""Not Required/Required/NA"",
   ""Internet access"": ""Not Required/Required/NA"",
   ""Specialized software:""""Not Required/Required/NA"",
  },
  ""chain_of_thought"": ""Brief explanation (no more than 150 words).""
}",16187.0,Search Marketing Strategists,Conduct financial modeling for online marketing programs or Web site revenue forecasting.,True,True,"Financial modeling for online marketing programs can be performed remotely as it involves analyzing data, creating projections, and building models. A practical exam would provide candidates with historical marketing data, campaign costs, and conversion metrics, requiring them to build financial models that forecast ROI, revenue, or budget allocations. This can be objectively scored by evaluating the accuracy of calculations, methodology, and forecasting techniques. Spreadsheet software is essential for creating financial models, while a text editor would allow candidates to document assumptions and methodologies.",Required,Required,Not Required,Not Required,Not Required,Not Required,Not Required,Required,Not Required,Not Required,Not Required,Required,Not Required,Not Required,Not Required,Not Required,Not Required,Not Required,Not Required,,"['Spreadsheet software', 'Text editor']","['Text', 'Data']",False
441,441,441.0,441.0,441.0,446.0,446.0,"Task ID: 16232

Your assignment is to determine if (1) the task can be performed remotely, (2) it is possible to design a meaningful, **practical** exam for this task and (3) whether such an exam can be evaluated using fact-based scoring. Further, you should identify the required tools and materials that exam takers need to use.

**Definitions:**
- **Remote feasibility**: A task can be performed remotely if it doesn't require a person to be at a specific place or interact with humans face-to-face.

- **Tools:** Software or applications (e.g. coding & development tools, text editor, presentation software, image generator), that are **absolutely** critical for an exam taker to complete any practically relevant and meaningful exam for this task. 

- **Materials:** Digital content (e.g., data files, text, images, audio files) that form part of the test content.

- **Fact based scoring:** Whether the exam can be evaluated using a predefined answer key (objective scoring) or requires subjective assessment, such as evaluating the quality of written responses or creative work.

- **Practical exam:** A practical exam is a an exam actually testing whether the described task can be performed successfully. An exam testing the knowledge about the task is NOT a practical exam.

- **Virtual lab:** A virtual lab is an interactive digital environment that simulates real-world settings, allowing users to perform tasks, collaborate with others, and test scenarios remotely.

- **Images:** Such as product images, photographs, maps, graphs and plots, etc.

- **Specialized software:** Specialized software refers to computer programs designed for specific industry tasks or technical functions, such as Simulink for system modeling, CAD for 3D design or SAP for enterprise resource planning. This category should be used if there is no way to solve the exam using combinations of the other tools and software listed under tools, but some more specialized software is required.

- **Specialized files:** Specialized files refers to files that cannot be parsed into text, data, images, audio or video but are also not part of a virtual lab. This category should be used if there is no way to provide the necessary exam materials using a combination of the other materials listed.

**Instructions:**
1. **Remote Feasibility:**  
   Evaluate whether Assist in the development of document or content classification taxonomies to facilitate information capture, search, and retrieval. can be performed online/remotely or if it requires in-person presence.
   - **If in-person required:** Output `""can_be_performed_remotely"": false` and set all other fields (tools and materials) to `""NA""`.
   - **If remote:** Output `""can_be_performed_remotely"": true` and continue with the evaluation.

2. **Materials Required:**  
   For each material type, determine if it is necessary to provide materials of this type as part of an exam to evaluate Document Management Specialists's ability to perform the task (Assist in the development of document or content classification taxonomies to facilitate information capture, search, and retrieval.). 
   Options are: ""Required""or ""Not required"" 
   The materials include:
   - ""Text""
   - ""Data""
   - ""Images""
   - ""Audio files""
   - ""Video files""
   - ""Virtual labs""
   - ""Specialized files""


3. **Tools Required:**  
   For each tool, assess whether it is needed to complete an exam that evaluates whether an individual can do Assist in the development of document or content classification taxonomies to facilitate information capture, search, and retrieval..
  Options are: ""Required"" or ""Not Required"". 
  The tools include:
   - ""Spreadsheet software""
   - ""Code execution environment""
   - ""Text editor""
   - ""Image viewer""
   - ""Image generator""
   - ""Presentation software""
   - ""Online search engine""
   - ""Video conferencing""
   - ""Chat interfaces""
   - ""Email client""
   - ""Internet access""
   - ""Specialized software""


4. **Feasibility of a practical exam:**
    Evaluate whether the task can meaningfully be tested in a practical, remote exam.
    - If you think this is possible, answer True,
    - Otherwise answer False

5. **Chain-of-Thought Reasoning:**  
   Optionally, include a brief chain-of-thought explanation (no more than 150 words) for your evaluations in a field called `""chain_of_thought""`.

**Output Requirement:**  
Return a JSON object strictly adhering to the provided structure, without any extra commentary outside of the JSON fields.

**Expected JSON Structure:**
{
  ""task_id"": ""16232"",
  ""occupation"": ""Document Management Specialists"",
  ""task_description"": ""Assist in the development of document or content classification taxonomies to facilitate information capture, search, and retrieval."",
  ""can_be_performed_remotely"": true/false,
   ""feasibility_practical"": true/false,




  ""materials"": {
    ""Text"": ""Not Required/Required/NA"",
    ""Data"": ""Not Required/Required/NA"",
    ""Images"": ""Not Required/Required/NA"",
    ""Audio files"": ""Not Required/Required/NA"",
    ""Video files"": ""Not Required/Required/NA"",
    ""Virtual labs"": ""Not Required/Required/NA"",
    ""Speicalized files"":""Not Required/Required/NA"",
  },

   ""tools"": {
   ""Spreadsheet software"": ""Not Required/Required/NA"",
   ""Code execution environment"": ""Not Required/Required/NA"",
   ""Image viewer"": ""Not Required/Required/NA"",
   ""Image generator"": ""Not Required/Required/NA"",
   ""Text editor"": ""Not Required/Required/NA"",
   ""Presentation software"": ""Not Required/Required/NA"",
   ""Online search engine"": ""Not Required/Required/NA"",
   ""Video conferencing"": ""Not Required/Required/NA"",
   ""Chat interfaces"": ""Not Required/Required/NA"",
   ""Email client"": ""Not Required/Required/NA"",
   ""Internet access"": ""Not Required/Required/NA"",
   ""Specialized software:""""Not Required/Required/NA"",
  },
  ""chain_of_thought"": ""Brief explanation (no more than 150 words).""
}",16232.0,Document Management Specialists,"Assist in the development of document or content classification taxonomies to facilitate information capture, search, and retrieval.",True,True,"Developing document classification taxonomies can be performed remotely as it involves organizing information conceptually. A practical exam could provide sample document collections and ask candidates to develop appropriate taxonomies, define metadata fields, and create classification rules. This requires text samples and possibly structured data to work with. Basic tools like spreadsheets for organizing taxonomy structures and text editors for documentation are sufficient. The exam can be objectively scored based on taxonomy completeness, logical hierarchy, and effectiveness for information retrieval.",Required,Required,Not Required,Not Required,Not Required,Not Required,Not Required,Required,Not Required,Not Required,Not Required,Required,Not Required,Not Required,Not Required,Not Required,Not Required,Not Required,Not Required,,"['Spreadsheet software', 'Text editor']","['Text', 'Data']",False
455,455,455.0,455.0,455.0,460.0,460.0,"Task ID: 3508

Your assignment is to determine if (1) the task can be performed remotely, (2) it is possible to design a meaningful, **practical** exam for this task and (3) whether such an exam can be evaluated using fact-based scoring. Further, you should identify the required tools and materials that exam takers need to use.

**Definitions:**
- **Remote feasibility**: A task can be performed remotely if it doesn't require a person to be at a specific place or interact with humans face-to-face.

- **Tools:** Software or applications (e.g. coding & development tools, text editor, presentation software, image generator), that are **absolutely** critical for an exam taker to complete any practically relevant and meaningful exam for this task. 

- **Materials:** Digital content (e.g., data files, text, images, audio files) that form part of the test content.

- **Fact based scoring:** Whether the exam can be evaluated using a predefined answer key (objective scoring) or requires subjective assessment, such as evaluating the quality of written responses or creative work.

- **Practical exam:** A practical exam is a an exam actually testing whether the described task can be performed successfully. An exam testing the knowledge about the task is NOT a practical exam.

- **Virtual lab:** A virtual lab is an interactive digital environment that simulates real-world settings, allowing users to perform tasks, collaborate with others, and test scenarios remotely.

- **Images:** Such as product images, photographs, maps, graphs and plots, etc.

- **Specialized software:** Specialized software refers to computer programs designed for specific industry tasks or technical functions, such as Simulink for system modeling, CAD for 3D design or SAP for enterprise resource planning. This category should be used if there is no way to solve the exam using combinations of the other tools and software listed under tools, but some more specialized software is required.

- **Specialized files:** Specialized files refers to files that cannot be parsed into text, data, images, audio or video but are also not part of a virtual lab. This category should be used if there is no way to provide the necessary exam materials using a combination of the other materials listed.

**Instructions:**
1. **Remote Feasibility:**  
   Evaluate whether Construct probability tables for events such as fires, natural disasters, and unemployment, based on analysis of statistical data and other pertinent information. can be performed online/remotely or if it requires in-person presence.
   - **If in-person required:** Output `""can_be_performed_remotely"": false` and set all other fields (tools and materials) to `""NA""`.
   - **If remote:** Output `""can_be_performed_remotely"": true` and continue with the evaluation.

2. **Materials Required:**  
   For each material type, determine if it is necessary to provide materials of this type as part of an exam to evaluate Actuaries's ability to perform the task (Construct probability tables for events such as fires, natural disasters, and unemployment, based on analysis of statistical data and other pertinent information.). 
   Options are: ""Required""or ""Not required"" 
   The materials include:
   - ""Text""
   - ""Data""
   - ""Images""
   - ""Audio files""
   - ""Video files""
   - ""Virtual labs""
   - ""Specialized files""


3. **Tools Required:**  
   For each tool, assess whether it is needed to complete an exam that evaluates whether an individual can do Construct probability tables for events such as fires, natural disasters, and unemployment, based on analysis of statistical data and other pertinent information..
  Options are: ""Required"" or ""Not Required"". 
  The tools include:
   - ""Spreadsheet software""
   - ""Code execution environment""
   - ""Text editor""
   - ""Image viewer""
   - ""Image generator""
   - ""Presentation software""
   - ""Online search engine""
   - ""Video conferencing""
   - ""Chat interfaces""
   - ""Email client""
   - ""Internet access""
   - ""Specialized software""


4. **Feasibility of a practical exam:**
    Evaluate whether the task can meaningfully be tested in a practical, remote exam.
    - If you think this is possible, answer True,
    - Otherwise answer False

5. **Chain-of-Thought Reasoning:**  
   Optionally, include a brief chain-of-thought explanation (no more than 150 words) for your evaluations in a field called `""chain_of_thought""`.

**Output Requirement:**  
Return a JSON object strictly adhering to the provided structure, without any extra commentary outside of the JSON fields.

**Expected JSON Structure:**
{
  ""task_id"": ""3508"",
  ""occupation"": ""Actuaries"",
  ""task_description"": ""Construct probability tables for events such as fires, natural disasters, and unemployment, based on analysis of statistical data and other pertinent information."",
  ""can_be_performed_remotely"": true/false,
   ""feasibility_practical"": true/false,




  ""materials"": {
    ""Text"": ""Not Required/Required/NA"",
    ""Data"": ""Not Required/Required/NA"",
    ""Images"": ""Not Required/Required/NA"",
    ""Audio files"": ""Not Required/Required/NA"",
    ""Video files"": ""Not Required/Required/NA"",
    ""Virtual labs"": ""Not Required/Required/NA"",
    ""Speicalized files"":""Not Required/Required/NA"",
  },

   ""tools"": {
   ""Spreadsheet software"": ""Not Required/Required/NA"",
   ""Code execution environment"": ""Not Required/Required/NA"",
   ""Image viewer"": ""Not Required/Required/NA"",
   ""Image generator"": ""Not Required/Required/NA"",
   ""Text editor"": ""Not Required/Required/NA"",
   ""Presentation software"": ""Not Required/Required/NA"",
   ""Online search engine"": ""Not Required/Required/NA"",
   ""Video conferencing"": ""Not Required/Required/NA"",
   ""Chat interfaces"": ""Not Required/Required/NA"",
   ""Email client"": ""Not Required/Required/NA"",
   ""Internet access"": ""Not Required/Required/NA"",
   ""Specialized software:""""Not Required/Required/NA"",
  },
  ""chain_of_thought"": ""Brief explanation (no more than 150 words).""
}",3508.0,Actuaries,"Construct probability tables for events such as fires, natural disasters, and unemployment, based on analysis of statistical data and other pertinent information.",True,True,"Constructing probability tables is a data analysis task that can be performed remotely. A practical exam would provide statistical datasets about events like fires or unemployment, requiring candidates to analyze the data and create probability tables. This requires spreadsheet software (e.g., Excel) for calculations and data manipulation, a code environment (e.g., R or Python) for statistical analysis, and a text editor for documenting methodology. The exam can be objectively scored by comparing the candidate's probability tables against correct values calculated from the provided data.",Required,Required,Not Required,Not Required,Not Required,Not Required,Not Required,Required,Required,Not Required,Not Required,Required,Not Required,Not Required,Not Required,Not Required,Not Required,Not Required,Not Required,,"['Spreadsheet software', 'Code execution environment', 'Text editor']","['Text', 'Data']",False
458,458,458.0,458.0,458.0,463.0,463.0,"Task ID: 3509

Your assignment is to determine if (1) the task can be performed remotely, (2) it is possible to design a meaningful, **practical** exam for this task and (3) whether such an exam can be evaluated using fact-based scoring. Further, you should identify the required tools and materials that exam takers need to use.

**Definitions:**
- **Remote feasibility**: A task can be performed remotely if it doesn't require a person to be at a specific place or interact with humans face-to-face.

- **Tools:** Software or applications (e.g. coding & development tools, text editor, presentation software, image generator), that are **absolutely** critical for an exam taker to complete any practically relevant and meaningful exam for this task. 

- **Materials:** Digital content (e.g., data files, text, images, audio files) that form part of the test content.

- **Fact based scoring:** Whether the exam can be evaluated using a predefined answer key (objective scoring) or requires subjective assessment, such as evaluating the quality of written responses or creative work.

- **Practical exam:** A practical exam is a an exam actually testing whether the described task can be performed successfully. An exam testing the knowledge about the task is NOT a practical exam.

- **Virtual lab:** A virtual lab is an interactive digital environment that simulates real-world settings, allowing users to perform tasks, collaborate with others, and test scenarios remotely.

- **Images:** Such as product images, photographs, maps, graphs and plots, etc.

- **Specialized software:** Specialized software refers to computer programs designed for specific industry tasks or technical functions, such as Simulink for system modeling, CAD for 3D design or SAP for enterprise resource planning. This category should be used if there is no way to solve the exam using combinations of the other tools and software listed under tools, but some more specialized software is required.

- **Specialized files:** Specialized files refers to files that cannot be parsed into text, data, images, audio or video but are also not part of a virtual lab. This category should be used if there is no way to provide the necessary exam materials using a combination of the other materials listed.

**Instructions:**
1. **Remote Feasibility:**  
   Evaluate whether Determine policy contract provisions for each type of insurance. can be performed online/remotely or if it requires in-person presence.
   - **If in-person required:** Output `""can_be_performed_remotely"": false` and set all other fields (tools and materials) to `""NA""`.
   - **If remote:** Output `""can_be_performed_remotely"": true` and continue with the evaluation.

2. **Materials Required:**  
   For each material type, determine if it is necessary to provide materials of this type as part of an exam to evaluate Actuaries's ability to perform the task (Determine policy contract provisions for each type of insurance.). 
   Options are: ""Required""or ""Not required"" 
   The materials include:
   - ""Text""
   - ""Data""
   - ""Images""
   - ""Audio files""
   - ""Video files""
   - ""Virtual labs""
   - ""Specialized files""


3. **Tools Required:**  
   For each tool, assess whether it is needed to complete an exam that evaluates whether an individual can do Determine policy contract provisions for each type of insurance..
  Options are: ""Required"" or ""Not Required"". 
  The tools include:
   - ""Spreadsheet software""
   - ""Code execution environment""
   - ""Text editor""
   - ""Image viewer""
   - ""Image generator""
   - ""Presentation software""
   - ""Online search engine""
   - ""Video conferencing""
   - ""Chat interfaces""
   - ""Email client""
   - ""Internet access""
   - ""Specialized software""


4. **Feasibility of a practical exam:**
    Evaluate whether the task can meaningfully be tested in a practical, remote exam.
    - If you think this is possible, answer True,
    - Otherwise answer False

5. **Chain-of-Thought Reasoning:**  
   Optionally, include a brief chain-of-thought explanation (no more than 150 words) for your evaluations in a field called `""chain_of_thought""`.

**Output Requirement:**  
Return a JSON object strictly adhering to the provided structure, without any extra commentary outside of the JSON fields.

**Expected JSON Structure:**
{
  ""task_id"": ""3509"",
  ""occupation"": ""Actuaries"",
  ""task_description"": ""Determine policy contract provisions for each type of insurance."",
  ""can_be_performed_remotely"": true/false,
   ""feasibility_practical"": true/false,




  ""materials"": {
    ""Text"": ""Not Required/Required/NA"",
    ""Data"": ""Not Required/Required/NA"",
    ""Images"": ""Not Required/Required/NA"",
    ""Audio files"": ""Not Required/Required/NA"",
    ""Video files"": ""Not Required/Required/NA"",
    ""Virtual labs"": ""Not Required/Required/NA"",
    ""Speicalized files"":""Not Required/Required/NA"",
  },

   ""tools"": {
   ""Spreadsheet software"": ""Not Required/Required/NA"",
   ""Code execution environment"": ""Not Required/Required/NA"",
   ""Image viewer"": ""Not Required/Required/NA"",
   ""Image generator"": ""Not Required/Required/NA"",
   ""Text editor"": ""Not Required/Required/NA"",
   ""Presentation software"": ""Not Required/Required/NA"",
   ""Online search engine"": ""Not Required/Required/NA"",
   ""Video conferencing"": ""Not Required/Required/NA"",
   ""Chat interfaces"": ""Not Required/Required/NA"",
   ""Email client"": ""Not Required/Required/NA"",
   ""Internet access"": ""Not Required/Required/NA"",
   ""Specialized software:""""Not Required/Required/NA"",
  },
  ""chain_of_thought"": ""Brief explanation (no more than 150 words).""
}",3509.0,Actuaries,Determine policy contract provisions for each type of insurance.,True,True,"Determining insurance policy provisions is a core actuarial task that can be performed remotely. A practical exam would involve providing case scenarios with relevant data (mortality tables, risk profiles, etc.) and asking candidates to determine appropriate policy provisions. This requires text materials (case descriptions, regulatory requirements) and data for calculations. Spreadsheet software is essential for performing actuarial calculations, and a text editor for documenting provisions. The exam can be objectively scored by comparing the candidate's provisions against standard actuarial principles and calculations.",Required,Required,Not Required,Not Required,Not Required,Not Required,Not Required,Required,Not Required,Not Required,Not Required,Required,Not Required,Not Required,Not Required,Not Required,Not Required,Not Required,Not Required,,"['Spreadsheet software', 'Text editor']","['Text', 'Data']",False
487,487,487.0,487.0,487.0,492.0,492.0,"Task ID: 8957

Your assignment is to determine if (1) the task can be performed remotely, (2) it is possible to design a meaningful, **practical** exam for this task and (3) whether such an exam can be evaluated using fact-based scoring. Further, you should identify the required tools and materials that exam takers need to use.

**Definitions:**
- **Remote feasibility**: A task can be performed remotely if it doesn't require a person to be at a specific place or interact with humans face-to-face.

- **Tools:** Software or applications (e.g. coding & development tools, text editor, presentation software, image generator), that are **absolutely** critical for an exam taker to complete any practically relevant and meaningful exam for this task. 

- **Materials:** Digital content (e.g., data files, text, images, audio files) that form part of the test content.

- **Fact based scoring:** Whether the exam can be evaluated using a predefined answer key (objective scoring) or requires subjective assessment, such as evaluating the quality of written responses or creative work.

- **Practical exam:** A practical exam is a an exam actually testing whether the described task can be performed successfully. An exam testing the knowledge about the task is NOT a practical exam.

- **Virtual lab:** A virtual lab is an interactive digital environment that simulates real-world settings, allowing users to perform tasks, collaborate with others, and test scenarios remotely.

- **Images:** Such as product images, photographs, maps, graphs and plots, etc.

- **Specialized software:** Specialized software refers to computer programs designed for specific industry tasks or technical functions, such as Simulink for system modeling, CAD for 3D design or SAP for enterprise resource planning. This category should be used if there is no way to solve the exam using combinations of the other tools and software listed under tools, but some more specialized software is required.

- **Specialized files:** Specialized files refers to files that cannot be parsed into text, data, images, audio or video but are also not part of a virtual lab. This category should be used if there is no way to provide the necessary exam materials using a combination of the other materials listed.

**Instructions:**
1. **Remote Feasibility:**  
   Evaluate whether Prepare data for processing by organizing information, checking for any inaccuracies, and adjusting and weighting the raw data. can be performed online/remotely or if it requires in-person presence.
   - **If in-person required:** Output `""can_be_performed_remotely"": false` and set all other fields (tools and materials) to `""NA""`.
   - **If remote:** Output `""can_be_performed_remotely"": true` and continue with the evaluation.

2. **Materials Required:**  
   For each material type, determine if it is necessary to provide materials of this type as part of an exam to evaluate Statisticians's ability to perform the task (Prepare data for processing by organizing information, checking for any inaccuracies, and adjusting and weighting the raw data.). 
   Options are: ""Required""or ""Not required"" 
   The materials include:
   - ""Text""
   - ""Data""
   - ""Images""
   - ""Audio files""
   - ""Video files""
   - ""Virtual labs""
   - ""Specialized files""


3. **Tools Required:**  
   For each tool, assess whether it is needed to complete an exam that evaluates whether an individual can do Prepare data for processing by organizing information, checking for any inaccuracies, and adjusting and weighting the raw data..
  Options are: ""Required"" or ""Not Required"". 
  The tools include:
   - ""Spreadsheet software""
   - ""Code execution environment""
   - ""Text editor""
   - ""Image viewer""
   - ""Image generator""
   - ""Presentation software""
   - ""Online search engine""
   - ""Video conferencing""
   - ""Chat interfaces""
   - ""Email client""
   - ""Internet access""
   - ""Specialized software""


4. **Feasibility of a practical exam:**
    Evaluate whether the task can meaningfully be tested in a practical, remote exam.
    - If you think this is possible, answer True,
    - Otherwise answer False

5. **Chain-of-Thought Reasoning:**  
   Optionally, include a brief chain-of-thought explanation (no more than 150 words) for your evaluations in a field called `""chain_of_thought""`.

**Output Requirement:**  
Return a JSON object strictly adhering to the provided structure, without any extra commentary outside of the JSON fields.

**Expected JSON Structure:**
{
  ""task_id"": ""8957"",
  ""occupation"": ""Statisticians"",
  ""task_description"": ""Prepare data for processing by organizing information, checking for any inaccuracies, and adjusting and weighting the raw data."",
  ""can_be_performed_remotely"": true/false,
   ""feasibility_practical"": true/false,




  ""materials"": {
    ""Text"": ""Not Required/Required/NA"",
    ""Data"": ""Not Required/Required/NA"",
    ""Images"": ""Not Required/Required/NA"",
    ""Audio files"": ""Not Required/Required/NA"",
    ""Video files"": ""Not Required/Required/NA"",
    ""Virtual labs"": ""Not Required/Required/NA"",
    ""Speicalized files"":""Not Required/Required/NA"",
  },

   ""tools"": {
   ""Spreadsheet software"": ""Not Required/Required/NA"",
   ""Code execution environment"": ""Not Required/Required/NA"",
   ""Image viewer"": ""Not Required/Required/NA"",
   ""Image generator"": ""Not Required/Required/NA"",
   ""Text editor"": ""Not Required/Required/NA"",
   ""Presentation software"": ""Not Required/Required/NA"",
   ""Online search engine"": ""Not Required/Required/NA"",
   ""Video conferencing"": ""Not Required/Required/NA"",
   ""Chat interfaces"": ""Not Required/Required/NA"",
   ""Email client"": ""Not Required/Required/NA"",
   ""Internet access"": ""Not Required/Required/NA"",
   ""Specialized software:""""Not Required/Required/NA"",
  },
  ""chain_of_thought"": ""Brief explanation (no more than 150 words).""
}",8957.0,Statisticians,"Prepare data for processing by organizing information, checking for any inaccuracies, and adjusting and weighting the raw data.",True,True,"Data preparation is a core statistical task that can be performed remotely. A practical exam would involve providing raw datasets with intentional issues (missing values, outliers, inconsistencies) and asking candidates to clean, organize, and weight the data. This requires spreadsheet software (like Excel) and/or a code environment (R/Python) for data manipulation. The exam can be objectively scored by evaluating whether candidates correctly identified and fixed data issues, properly organized the information, and applied appropriate weighting techniques. Success metrics are fact-based: did they produce the correctly cleaned dataset with proper documentation of their process?",Required,Required,Not Required,Not Required,Not Required,Not Required,Not Required,Required,Required,Not Required,Not Required,Required,Not Required,Not Required,Not Required,Not Required,Not Required,Not Required,Not Required,,"['Spreadsheet software', 'Code execution environment', 'Text editor']","['Text', 'Data']",False
508,508,508.0,508.0,508.0,514.0,514.0,"Task ID: 16252

Your assignment is to determine if (1) the task can be performed remotely, (2) it is possible to design a meaningful, **practical** exam for this task and (3) whether such an exam can be evaluated using fact-based scoring. Further, you should identify the required tools and materials that exam takers need to use.

**Definitions:**
- **Remote feasibility**: A task can be performed remotely if it doesn't require a person to be at a specific place or interact with humans face-to-face.

- **Tools:** Software or applications (e.g. coding & development tools, text editor, presentation software, image generator), that are **absolutely** critical for an exam taker to complete any practically relevant and meaningful exam for this task. 

- **Materials:** Digital content (e.g., data files, text, images, audio files) that form part of the test content.

- **Fact based scoring:** Whether the exam can be evaluated using a predefined answer key (objective scoring) or requires subjective assessment, such as evaluating the quality of written responses or creative work.

- **Practical exam:** A practical exam is a an exam actually testing whether the described task can be performed successfully. An exam testing the knowledge about the task is NOT a practical exam.

- **Virtual lab:** A virtual lab is an interactive digital environment that simulates real-world settings, allowing users to perform tasks, collaborate with others, and test scenarios remotely.

- **Images:** Such as product images, photographs, maps, graphs and plots, etc.

- **Specialized software:** Specialized software refers to computer programs designed for specific industry tasks or technical functions, such as Simulink for system modeling, CAD for 3D design or SAP for enterprise resource planning. This category should be used if there is no way to solve the exam using combinations of the other tools and software listed under tools, but some more specialized software is required.

- **Specialized files:** Specialized files refers to files that cannot be parsed into text, data, images, audio or video but are also not part of a virtual lab. This category should be used if there is no way to provide the necessary exam materials using a combination of the other materials listed.

**Instructions:**
1. **Remote Feasibility:**  
   Evaluate whether Prepare tables and graphs to present clinical data or results. can be performed online/remotely or if it requires in-person presence.
   - **If in-person required:** Output `""can_be_performed_remotely"": false` and set all other fields (tools and materials) to `""NA""`.
   - **If remote:** Output `""can_be_performed_remotely"": true` and continue with the evaluation.

2. **Materials Required:**  
   For each material type, determine if it is necessary to provide materials of this type as part of an exam to evaluate Biostatisticians's ability to perform the task (Prepare tables and graphs to present clinical data or results.). 
   Options are: ""Required""or ""Not required"" 
   The materials include:
   - ""Text""
   - ""Data""
   - ""Images""
   - ""Audio files""
   - ""Video files""
   - ""Virtual labs""
   - ""Specialized files""


3. **Tools Required:**  
   For each tool, assess whether it is needed to complete an exam that evaluates whether an individual can do Prepare tables and graphs to present clinical data or results..
  Options are: ""Required"" or ""Not Required"". 
  The tools include:
   - ""Spreadsheet software""
   - ""Code execution environment""
   - ""Text editor""
   - ""Image viewer""
   - ""Image generator""
   - ""Presentation software""
   - ""Online search engine""
   - ""Video conferencing""
   - ""Chat interfaces""
   - ""Email client""
   - ""Internet access""
   - ""Specialized software""


4. **Feasibility of a practical exam:**
    Evaluate whether the task can meaningfully be tested in a practical, remote exam.
    - If you think this is possible, answer True,
    - Otherwise answer False

5. **Chain-of-Thought Reasoning:**  
   Optionally, include a brief chain-of-thought explanation (no more than 150 words) for your evaluations in a field called `""chain_of_thought""`.

**Output Requirement:**  
Return a JSON object strictly adhering to the provided structure, without any extra commentary outside of the JSON fields.

**Expected JSON Structure:**
{
  ""task_id"": ""16252"",
  ""occupation"": ""Biostatisticians"",
  ""task_description"": ""Prepare tables and graphs to present clinical data or results."",
  ""can_be_performed_remotely"": true/false,
   ""feasibility_practical"": true/false,




  ""materials"": {
    ""Text"": ""Not Required/Required/NA"",
    ""Data"": ""Not Required/Required/NA"",
    ""Images"": ""Not Required/Required/NA"",
    ""Audio files"": ""Not Required/Required/NA"",
    ""Video files"": ""Not Required/Required/NA"",
    ""Virtual labs"": ""Not Required/Required/NA"",
    ""Speicalized files"":""Not Required/Required/NA"",
  },

   ""tools"": {
   ""Spreadsheet software"": ""Not Required/Required/NA"",
   ""Code execution environment"": ""Not Required/Required/NA"",
   ""Image viewer"": ""Not Required/Required/NA"",
   ""Image generator"": ""Not Required/Required/NA"",
   ""Text editor"": ""Not Required/Required/NA"",
   ""Presentation software"": ""Not Required/Required/NA"",
   ""Online search engine"": ""Not Required/Required/NA"",
   ""Video conferencing"": ""Not Required/Required/NA"",
   ""Chat interfaces"": ""Not Required/Required/NA"",
   ""Email client"": ""Not Required/Required/NA"",
   ""Internet access"": ""Not Required/Required/NA"",
   ""Specialized software:""""Not Required/Required/NA"",
  },
  ""chain_of_thought"": ""Brief explanation (no more than 150 words).""
}",16252.0,Biostatisticians,Prepare tables and graphs to present clinical data or results.,True,True,"Creating tables and graphs from clinical data is a core biostatistician task that can be performed remotely. A practical exam would provide clinical datasets and ask candidates to create specific tables and visualizations. This requires spreadsheet software (e.g., Excel) and/or statistical programming environments (R, Python, SAS) for data manipulation and visualization. The exam can be objectively scored based on accuracy of calculations, appropriate visualization choices, and adherence to best practices in data presentation.",Required,Required,Not Required,Not Required,Not Required,Not Required,Not Required,Required,Required,Not Required,Not Required,Required,Not Required,Not Required,Not Required,Not Required,Not Required,Not Required,Not Required,,"['Spreadsheet software', 'Code execution environment', 'Text editor']","['Text', 'Data']",False
521,521,521.0,521.0,521.0,527.0,527.0,"Task ID: 16261

Your assignment is to determine if (1) the task can be performed remotely, (2) it is possible to design a meaningful, **practical** exam for this task and (3) whether such an exam can be evaluated using fact-based scoring. Further, you should identify the required tools and materials that exam takers need to use.

**Definitions:**
- **Remote feasibility**: A task can be performed remotely if it doesn't require a person to be at a specific place or interact with humans face-to-face.

- **Tools:** Software or applications (e.g. coding & development tools, text editor, presentation software, image generator), that are **absolutely** critical for an exam taker to complete any practically relevant and meaningful exam for this task. 

- **Materials:** Digital content (e.g., data files, text, images, audio files) that form part of the test content.

- **Fact based scoring:** Whether the exam can be evaluated using a predefined answer key (objective scoring) or requires subjective assessment, such as evaluating the quality of written responses or creative work.

- **Practical exam:** A practical exam is a an exam actually testing whether the described task can be performed successfully. An exam testing the knowledge about the task is NOT a practical exam.

- **Virtual lab:** A virtual lab is an interactive digital environment that simulates real-world settings, allowing users to perform tasks, collaborate with others, and test scenarios remotely.

- **Images:** Such as product images, photographs, maps, graphs and plots, etc.

- **Specialized software:** Specialized software refers to computer programs designed for specific industry tasks or technical functions, such as Simulink for system modeling, CAD for 3D design or SAP for enterprise resource planning. This category should be used if there is no way to solve the exam using combinations of the other tools and software listed under tools, but some more specialized software is required.

- **Specialized files:** Specialized files refers to files that cannot be parsed into text, data, images, audio or video but are also not part of a virtual lab. This category should be used if there is no way to provide the necessary exam materials using a combination of the other materials listed.

**Instructions:**
1. **Remote Feasibility:**  
   Evaluate whether Analyze archival data such as birth, death, and disease records. can be performed online/remotely or if it requires in-person presence.
   - **If in-person required:** Output `""can_be_performed_remotely"": false` and set all other fields (tools and materials) to `""NA""`.
   - **If remote:** Output `""can_be_performed_remotely"": true` and continue with the evaluation.

2. **Materials Required:**  
   For each material type, determine if it is necessary to provide materials of this type as part of an exam to evaluate Biostatisticians's ability to perform the task (Analyze archival data such as birth, death, and disease records.). 
   Options are: ""Required""or ""Not required"" 
   The materials include:
   - ""Text""
   - ""Data""
   - ""Images""
   - ""Audio files""
   - ""Video files""
   - ""Virtual labs""
   - ""Specialized files""


3. **Tools Required:**  
   For each tool, assess whether it is needed to complete an exam that evaluates whether an individual can do Analyze archival data such as birth, death, and disease records..
  Options are: ""Required"" or ""Not Required"". 
  The tools include:
   - ""Spreadsheet software""
   - ""Code execution environment""
   - ""Text editor""
   - ""Image viewer""
   - ""Image generator""
   - ""Presentation software""
   - ""Online search engine""
   - ""Video conferencing""
   - ""Chat interfaces""
   - ""Email client""
   - ""Internet access""
   - ""Specialized software""


4. **Feasibility of a practical exam:**
    Evaluate whether the task can meaningfully be tested in a practical, remote exam.
    - If you think this is possible, answer True,
    - Otherwise answer False

5. **Chain-of-Thought Reasoning:**  
   Optionally, include a brief chain-of-thought explanation (no more than 150 words) for your evaluations in a field called `""chain_of_thought""`.

**Output Requirement:**  
Return a JSON object strictly adhering to the provided structure, without any extra commentary outside of the JSON fields.

**Expected JSON Structure:**
{
  ""task_id"": ""16261"",
  ""occupation"": ""Biostatisticians"",
  ""task_description"": ""Analyze archival data such as birth, death, and disease records."",
  ""can_be_performed_remotely"": true/false,
   ""feasibility_practical"": true/false,




  ""materials"": {
    ""Text"": ""Not Required/Required/NA"",
    ""Data"": ""Not Required/Required/NA"",
    ""Images"": ""Not Required/Required/NA"",
    ""Audio files"": ""Not Required/Required/NA"",
    ""Video files"": ""Not Required/Required/NA"",
    ""Virtual labs"": ""Not Required/Required/NA"",
    ""Speicalized files"":""Not Required/Required/NA"",
  },

   ""tools"": {
   ""Spreadsheet software"": ""Not Required/Required/NA"",
   ""Code execution environment"": ""Not Required/Required/NA"",
   ""Image viewer"": ""Not Required/Required/NA"",
   ""Image generator"": ""Not Required/Required/NA"",
   ""Text editor"": ""Not Required/Required/NA"",
   ""Presentation software"": ""Not Required/Required/NA"",
   ""Online search engine"": ""Not Required/Required/NA"",
   ""Video conferencing"": ""Not Required/Required/NA"",
   ""Chat interfaces"": ""Not Required/Required/NA"",
   ""Email client"": ""Not Required/Required/NA"",
   ""Internet access"": ""Not Required/Required/NA"",
   ""Specialized software:""""Not Required/Required/NA"",
  },
  ""chain_of_thought"": ""Brief explanation (no more than 150 words).""
}",16261.0,Biostatisticians,"Analyze archival data such as birth, death, and disease records.",True,True,"Analyzing archival data is fundamentally a remote-compatible task requiring data files (e.g., CSV/Excel files of birth/death records) and text instructions. Biostatisticians need statistical software tools like spreadsheet applications (Excel) and/or code environments (R/Python/SAS) to perform analyses. A text editor is needed for writing analysis reports. The exam can present real-world datasets and ask candidates to perform specific analyses (e.g., calculating mortality rates, identifying disease patterns), with fact-based scoring based on correct statistical procedures and accurate results.",Required,Required,Not Required,Not Required,Not Required,Not Required,Not Required,Required,Required,Not Required,Not Required,Required,Not Required,Not Required,Not Required,Not Required,Not Required,Not Required,Not Required,,"['Spreadsheet software', 'Code execution environment', 'Text editor']","['Text', 'Data']",False
