,Unnamed: 0.1,Unnamed: 0,row,prompt,task_id,occupation,task_description,can_be_performed_remotely,feasibility_practical,chain_of_thought,materials.Text,materials.Data,materials.Images,materials.Audio files,materials.Video files,materials.Virtual labs,materials.Specialized files,tools.Spreadsheet software,tools.Code execution environment,tools.Image viewer,tools.Image generator,tools.Text editor,tools.Presentation software,tools.Online search engine,tools.Video conferencing,tools.Chat interfaces,tools.Email client,tools.Internet access,tools.Specialized software,required_tools,required_materials,occupation_group,missing
4,4,4.0,4,"Task ID: 8827

Your assignment is to determine if (1) the task can be performed remotely, (2) it is possible to design a meaningful, **practical** exam for this task and (3) whether such an exam can be evaluated using fact-based scoring. Further, you should identify the required tools and materials that exam takers need to use.

**Definitions:**
- **Remote feasibility**: A task can be performed remotely if it doesn't require a person to be at a specific place or interact with humans face-to-face.

- **Tools:** Software or applications (e.g. coding & development tools, text editor, presentation software, image generator), that are **absolutely** critical for an exam taker to complete any practically relevant and meaningful exam for this task. 

- **Materials:** Digital content (e.g., data files, text, images, audio files) that form part of the test content.

- **Fact based scoring:** Whether the exam can be evaluated using a predefined answer key (objective scoring) or requires subjective assessment, such as evaluating the quality of written responses or creative work.

- **Practical exam:** A practical exam is a an exam actually testing whether the described task can be performed successfully. An exam testing the knowledge about the task is NOT a practical exam.

- **Virtual lab:** A virtual lab is an interactive digital environment that simulates real-world settings, allowing users to perform tasks, collaborate with others, and test scenarios remotely.

- **Images:** Such as product images, photographs, maps, graphs and plots, etc.

- **Specialized software:** Specialized software refers to computer programs designed for specific industry tasks or technical functions, such as Simulink for system modeling, CAD for 3D design or SAP for enterprise resource planning. This category should be used if there is no way to solve the exam using combinations of the other tools and software listed under tools, but some more specialized software is required.

- **Specialized files:** Specialized files refers to files that cannot be parsed into text, data, images, audio or video but are also not part of a virtual lab. This category should be used if there is no way to provide the necessary exam materials using a combination of the other materials listed.

**Instructions:**
1. **Remote Feasibility:**  
   Evaluate whether Prepare budgets for approval, including those for funding or implementation of programs. can be performed online/remotely or if it requires in-person presence.
   - **If in-person required:** Output `""can_be_performed_remotely"": false` and set all other fields (tools and materials) to `""NA""`.
   - **If remote:** Output `""can_be_performed_remotely"": true` and continue with the evaluation.

2. **Materials Required:**  
   For each material type, determine if it is necessary to provide materials of this type as part of an exam to evaluate Chief Executives's ability to perform the task (Prepare budgets for approval, including those for funding or implementation of programs.). 
   Options are: ""Required""or ""Not required"" 
   The materials include:
   - ""Text""
   - ""Data""
   - ""Images""
   - ""Audio files""
   - ""Video files""
   - ""Virtual labs""
   - ""Specialized files""


3. **Tools Required:**  
   For each tool, assess whether it is needed to complete an exam that evaluates whether an individual can do Prepare budgets for approval, including those for funding or implementation of programs..
  Options are: ""Required"" or ""Not Required"". 
  The tools include:
   - ""Spreadsheet software""
   - ""Code execution environment""
   - ""Text editor""
   - ""Image viewer""
   - ""Image generator""
   - ""Presentation software""
   - ""Online search engine""
   - ""Video conferencing""
   - ""Chat interfaces""
   - ""Email client""
   - ""Internet access""
   - ""Specialized software""


4. **Feasibility of a practical exam:**
    Evaluate whether the task can meaningfully be tested in a practical, remote exam.
    - If you think this is possible, answer True,
    - Otherwise answer False

5. **Chain-of-Thought Reasoning:**  
   Optionally, include a brief chain-of-thought explanation (no more than 150 words) for your evaluations in a field called `""chain_of_thought""`.

**Output Requirement:**  
Return a JSON object strictly adhering to the provided structure, without any extra commentary outside of the JSON fields.

**Expected JSON Structure:**
{
  ""task_id"": ""8827"",
  ""occupation"": ""Chief Executives"",
  ""task_description"": ""Prepare budgets for approval, including those for funding or implementation of programs."",
  ""can_be_performed_remotely"": true/false,
   ""feasibility_practical"": true/false,




  ""materials"": {
    ""Text"": ""Not Required/Required/NA"",
    ""Data"": ""Not Required/Required/NA"",
    ""Images"": ""Not Required/Required/NA"",
    ""Audio files"": ""Not Required/Required/NA"",
    ""Video files"": ""Not Required/Required/NA"",
    ""Virtual labs"": ""Not Required/Required/NA"",
    ""Specialized files"":""Not Required/Required/NA"",
  },

   ""tools"": {
   ""Spreadsheet software"": ""Not Required/Required/NA"",
   ""Code execution environment"": ""Not Required/Required/NA"",
   ""Image viewer"": ""Not Required/Required/NA"",
   ""Image generator"": ""Not Required/Required/NA"",
   ""Text editor"": ""Not Required/Required/NA"",
   ""Presentation software"": ""Not Required/Required/NA"",
   ""Online search engine"": ""Not Required/Required/NA"",
   ""Video conferencing"": ""Not Required/Required/NA"",
   ""Chat interfaces"": ""Not Required/Required/NA"",
   ""Email client"": ""Not Required/Required/NA"",
   ""Internet access"": ""Not Required/Required/NA"",
   ""Specialized software:""""Not Required/Required/NA"",
  },
  ""chain_of_thought"": ""Brief explanation (no more than 150 words).""
}",8827.0,Chief Executives,"Prepare budgets for approval, including those for funding or implementation of programs.",True,True,"Budget preparation is primarily a numerical and analytical task that can be performed remotely. A practical exam would involve providing financial data, organizational goals, and program requirements, then asking the executive to create a comprehensive budget using spreadsheet software. The exam can be objectively scored based on accuracy of calculations, appropriate allocation of resources, adherence to constraints, and inclusion of required budget elements. Text materials would provide context and requirements, while data would include financial information needed for budget creation.",Required,Required,Not Required,Not Required,Not Required,Not Required,Not Required,Required,Not Required,Not Required,Not Required,Required,Not Required,Not Required,Not Required,Not Required,Not Required,Not Required,Not Required,"['Spreadsheet software', 'Text editor']","['Text', 'Data']",management_occupations,False
39,39,40.0,40,"Task ID: 20701

Your assignment is to determine if (1) the task can be performed remotely, (2) it is possible to design a meaningful, **practical** exam for this task and (3) whether such an exam can be evaluated using fact-based scoring. Further, you should identify the required tools and materials that exam takers need to use.

**Definitions:**
- **Remote feasibility**: A task can be performed remotely if it doesn't require a person to be at a specific place or interact with humans face-to-face.

- **Tools:** Software or applications (e.g. coding & development tools, text editor, presentation software, image generator), that are **absolutely** critical for an exam taker to complete any practically relevant and meaningful exam for this task. 

- **Materials:** Digital content (e.g., data files, text, images, audio files) that form part of the test content.

- **Fact based scoring:** Whether the exam can be evaluated using a predefined answer key (objective scoring) or requires subjective assessment, such as evaluating the quality of written responses or creative work.

- **Practical exam:** A practical exam is a an exam actually testing whether the described task can be performed successfully. An exam testing the knowledge about the task is NOT a practical exam.

- **Virtual lab:** A virtual lab is an interactive digital environment that simulates real-world settings, allowing users to perform tasks, collaborate with others, and test scenarios remotely.

- **Images:** Such as product images, photographs, maps, graphs and plots, etc.

- **Specialized software:** Specialized software refers to computer programs designed for specific industry tasks or technical functions, such as Simulink for system modeling, CAD for 3D design or SAP for enterprise resource planning. This category should be used if there is no way to solve the exam using combinations of the other tools and software listed under tools, but some more specialized software is required.

- **Specialized files:** Specialized files refers to files that cannot be parsed into text, data, images, audio or video but are also not part of a virtual lab. This category should be used if there is no way to provide the necessary exam materials using a combination of the other materials listed.

**Instructions:**
1. **Remote Feasibility:**  
   Evaluate whether Prepare staff work schedules and assign specific duties. can be performed online/remotely or if it requires in-person presence.
   - **If in-person required:** Output `""can_be_performed_remotely"": false` and set all other fields (tools and materials) to `""NA""`.
   - **If remote:** Output `""can_be_performed_remotely"": true` and continue with the evaluation.

2. **Materials Required:**  
   For each material type, determine if it is necessary to provide materials of this type as part of an exam to evaluate General and Operations Managers's ability to perform the task (Prepare staff work schedules and assign specific duties.). 
   Options are: ""Required""or ""Not required"" 
   The materials include:
   - ""Text""
   - ""Data""
   - ""Images""
   - ""Audio files""
   - ""Video files""
   - ""Virtual labs""
   - ""Specialized files""


3. **Tools Required:**  
   For each tool, assess whether it is needed to complete an exam that evaluates whether an individual can do Prepare staff work schedules and assign specific duties..
  Options are: ""Required"" or ""Not Required"". 
  The tools include:
   - ""Spreadsheet software""
   - ""Code execution environment""
   - ""Text editor""
   - ""Image viewer""
   - ""Image generator""
   - ""Presentation software""
   - ""Online search engine""
   - ""Video conferencing""
   - ""Chat interfaces""
   - ""Email client""
   - ""Internet access""
   - ""Specialized software""


4. **Feasibility of a practical exam:**
    Evaluate whether the task can meaningfully be tested in a practical, remote exam.
    - If you think this is possible, answer True,
    - Otherwise answer False

5. **Chain-of-Thought Reasoning:**  
   Optionally, include a brief chain-of-thought explanation (no more than 150 words) for your evaluations in a field called `""chain_of_thought""`.

**Output Requirement:**  
Return a JSON object strictly adhering to the provided structure, without any extra commentary outside of the JSON fields.

**Expected JSON Structure:**
{
  ""task_id"": ""20701"",
  ""occupation"": ""General and Operations Managers"",
  ""task_description"": ""Prepare staff work schedules and assign specific duties."",
  ""can_be_performed_remotely"": true/false,
   ""feasibility_practical"": true/false,




  ""materials"": {
    ""Text"": ""Not Required/Required/NA"",
    ""Data"": ""Not Required/Required/NA"",
    ""Images"": ""Not Required/Required/NA"",
    ""Audio files"": ""Not Required/Required/NA"",
    ""Video files"": ""Not Required/Required/NA"",
    ""Virtual labs"": ""Not Required/Required/NA"",
    ""Specialized files"":""Not Required/Required/NA"",
  },

   ""tools"": {
   ""Spreadsheet software"": ""Not Required/Required/NA"",
   ""Code execution environment"": ""Not Required/Required/NA"",
   ""Image viewer"": ""Not Required/Required/NA"",
   ""Image generator"": ""Not Required/Required/NA"",
   ""Text editor"": ""Not Required/Required/NA"",
   ""Presentation software"": ""Not Required/Required/NA"",
   ""Online search engine"": ""Not Required/Required/NA"",
   ""Video conferencing"": ""Not Required/Required/NA"",
   ""Chat interfaces"": ""Not Required/Required/NA"",
   ""Email client"": ""Not Required/Required/NA"",
   ""Internet access"": ""Not Required/Required/NA"",
   ""Specialized software:""""Not Required/Required/NA"",
  },
  ""chain_of_thought"": ""Brief explanation (no more than 150 words).""
}",20701.0,General and Operations Managers,Prepare staff work schedules and assign specific duties.,True,True,"Preparing staff schedules and assigning duties can be performed remotely as it involves planning and documentation rather than physical presence. A practical exam can test this by providing employee data (availability, skills, roles) and business requirements, then asking candidates to create functional schedules and duty assignments. Spreadsheet software is essential for creating schedules, while a text editor allows for documenting duty assignments. The exam can be objectively scored by evaluating if schedules meet requirements like adequate coverage, compliance with labor rules, and appropriate duty assignments based on skills.",Required,Required,Not Required,Not Required,Not Required,Not Required,Not Required,Required,Not Required,Not Required,Not Required,Required,Not Required,Not Required,Not Required,Not Required,Not Required,Not Required,Not Required,"['Spreadsheet software', 'Text editor']","['Text', 'Data']",management_occupations,False
54,54,55.0,55,"Task ID: 3225

Your assignment is to determine if (1) the task can be performed remotely, (2) it is possible to design a meaningful, **practical** exam for this task and (3) whether such an exam can be evaluated using fact-based scoring. Further, you should identify the required tools and materials that exam takers need to use.

**Definitions:**
- **Remote feasibility**: A task can be performed remotely if it doesn't require a person to be at a specific place or interact with humans face-to-face.

- **Tools:** Software or applications (e.g. coding & development tools, text editor, presentation software, image generator), that are **absolutely** critical for an exam taker to complete any practically relevant and meaningful exam for this task. 

- **Materials:** Digital content (e.g., data files, text, images, audio files) that form part of the test content.

- **Fact based scoring:** Whether the exam can be evaluated using a predefined answer key (objective scoring) or requires subjective assessment, such as evaluating the quality of written responses or creative work.

- **Practical exam:** A practical exam is a an exam actually testing whether the described task can be performed successfully. An exam testing the knowledge about the task is NOT a practical exam.

- **Virtual lab:** A virtual lab is an interactive digital environment that simulates real-world settings, allowing users to perform tasks, collaborate with others, and test scenarios remotely.

- **Images:** Such as product images, photographs, maps, graphs and plots, etc.

- **Specialized software:** Specialized software refers to computer programs designed for specific industry tasks or technical functions, such as Simulink for system modeling, CAD for 3D design or SAP for enterprise resource planning. This category should be used if there is no way to solve the exam using combinations of the other tools and software listed under tools, but some more specialized software is required.

- **Specialized files:** Specialized files refers to files that cannot be parsed into text, data, images, audio or video but are also not part of a virtual lab. This category should be used if there is no way to provide the necessary exam materials using a combination of the other materials listed.

**Instructions:**
1. **Remote Feasibility:**  
   Evaluate whether Assist with annual budget development. can be performed online/remotely or if it requires in-person presence.
   - **If in-person required:** Output `""can_be_performed_remotely"": false` and set all other fields (tools and materials) to `""NA""`.
   - **If remote:** Output `""can_be_performed_remotely"": true` and continue with the evaluation.

2. **Materials Required:**  
   For each material type, determine if it is necessary to provide materials of this type as part of an exam to evaluate Advertising and Promotions Managers's ability to perform the task (Assist with annual budget development.). 
   Options are: ""Required""or ""Not required"" 
   The materials include:
   - ""Text""
   - ""Data""
   - ""Images""
   - ""Audio files""
   - ""Video files""
   - ""Virtual labs""
   - ""Specialized files""


3. **Tools Required:**  
   For each tool, assess whether it is needed to complete an exam that evaluates whether an individual can do Assist with annual budget development..
  Options are: ""Required"" or ""Not Required"". 
  The tools include:
   - ""Spreadsheet software""
   - ""Code execution environment""
   - ""Text editor""
   - ""Image viewer""
   - ""Image generator""
   - ""Presentation software""
   - ""Online search engine""
   - ""Video conferencing""
   - ""Chat interfaces""
   - ""Email client""
   - ""Internet access""
   - ""Specialized software""


4. **Feasibility of a practical exam:**
    Evaluate whether the task can meaningfully be tested in a practical, remote exam.
    - If you think this is possible, answer True,
    - Otherwise answer False

5. **Chain-of-Thought Reasoning:**  
   Optionally, include a brief chain-of-thought explanation (no more than 150 words) for your evaluations in a field called `""chain_of_thought""`.

**Output Requirement:**  
Return a JSON object strictly adhering to the provided structure, without any extra commentary outside of the JSON fields.

**Expected JSON Structure:**
{
  ""task_id"": ""3225"",
  ""occupation"": ""Advertising and Promotions Managers"",
  ""task_description"": ""Assist with annual budget development."",
  ""can_be_performed_remotely"": true/false,
   ""feasibility_practical"": true/false,




  ""materials"": {
    ""Text"": ""Not Required/Required/NA"",
    ""Data"": ""Not Required/Required/NA"",
    ""Images"": ""Not Required/Required/NA"",
    ""Audio files"": ""Not Required/Required/NA"",
    ""Video files"": ""Not Required/Required/NA"",
    ""Virtual labs"": ""Not Required/Required/NA"",
    ""Specialized files"":""Not Required/Required/NA"",
  },

   ""tools"": {
   ""Spreadsheet software"": ""Not Required/Required/NA"",
   ""Code execution environment"": ""Not Required/Required/NA"",
   ""Image viewer"": ""Not Required/Required/NA"",
   ""Image generator"": ""Not Required/Required/NA"",
   ""Text editor"": ""Not Required/Required/NA"",
   ""Presentation software"": ""Not Required/Required/NA"",
   ""Online search engine"": ""Not Required/Required/NA"",
   ""Video conferencing"": ""Not Required/Required/NA"",
   ""Chat interfaces"": ""Not Required/Required/NA"",
   ""Email client"": ""Not Required/Required/NA"",
   ""Internet access"": ""Not Required/Required/NA"",
   ""Specialized software:""""Not Required/Required/NA"",
  },
  ""chain_of_thought"": ""Brief explanation (no more than 150 words).""
}",3225.0,Advertising and Promotions Managers,Assist with annual budget development.,True,True,"Assisting with annual budget development for advertising and promotions can be performed remotely as it primarily involves financial planning and analysis. A practical exam would require spreadsheet software to create and manipulate budget models, and a text editor for explanations or notes. The exam would need to provide text instructions and historical/sample data to work with. The task can be objectively scored by evaluating the accuracy of calculations, appropriateness of budget allocations, and adherence to constraints. This is a quantitative task with clear right/wrong answers for many components.",Required,Required,Not Required,Not Required,Not Required,Not Required,Not Required,Required,Not Required,Not Required,Not Required,Required,Not Required,Not Required,Not Required,Not Required,Not Required,Not Required,Not Required,"['Spreadsheet software', 'Text editor']","['Text', 'Data']",management_occupations,False
77,77,78.0,78,"Task ID: 4

Your assignment is to determine if (1) the task can be performed remotely, (2) it is possible to design a meaningful, **practical** exam for this task and (3) whether such an exam can be evaluated using fact-based scoring. Further, you should identify the required tools and materials that exam takers need to use.

**Definitions:**
- **Remote feasibility**: A task can be performed remotely if it doesn't require a person to be at a specific place or interact with humans face-to-face.

- **Tools:** Software or applications (e.g. coding & development tools, text editor, presentation software, image generator), that are **absolutely** critical for an exam taker to complete any practically relevant and meaningful exam for this task. 

- **Materials:** Digital content (e.g., data files, text, images, audio files) that form part of the test content.

- **Fact based scoring:** Whether the exam can be evaluated using a predefined answer key (objective scoring) or requires subjective assessment, such as evaluating the quality of written responses or creative work.

- **Practical exam:** A practical exam is a an exam actually testing whether the described task can be performed successfully. An exam testing the knowledge about the task is NOT a practical exam.

- **Virtual lab:** A virtual lab is an interactive digital environment that simulates real-world settings, allowing users to perform tasks, collaborate with others, and test scenarios remotely.

- **Images:** Such as product images, photographs, maps, graphs and plots, etc.

- **Specialized software:** Specialized software refers to computer programs designed for specific industry tasks or technical functions, such as Simulink for system modeling, CAD for 3D design or SAP for enterprise resource planning. This category should be used if there is no way to solve the exam using combinations of the other tools and software listed under tools, but some more specialized software is required.

- **Specialized files:** Specialized files refers to files that cannot be parsed into text, data, images, audio or video but are also not part of a virtual lab. This category should be used if there is no way to provide the necessary exam materials using a combination of the other materials listed.

**Instructions:**
1. **Remote Feasibility:**  
   Evaluate whether Determine price schedules and discount rates. can be performed online/remotely or if it requires in-person presence.
   - **If in-person required:** Output `""can_be_performed_remotely"": false` and set all other fields (tools and materials) to `""NA""`.
   - **If remote:** Output `""can_be_performed_remotely"": true` and continue with the evaluation.

2. **Materials Required:**  
   For each material type, determine if it is necessary to provide materials of this type as part of an exam to evaluate Sales Managers's ability to perform the task (Determine price schedules and discount rates.). 
   Options are: ""Required""or ""Not required"" 
   The materials include:
   - ""Text""
   - ""Data""
   - ""Images""
   - ""Audio files""
   - ""Video files""
   - ""Virtual labs""
   - ""Specialized files""


3. **Tools Required:**  
   For each tool, assess whether it is needed to complete an exam that evaluates whether an individual can do Determine price schedules and discount rates..
  Options are: ""Required"" or ""Not Required"". 
  The tools include:
   - ""Spreadsheet software""
   - ""Code execution environment""
   - ""Text editor""
   - ""Image viewer""
   - ""Image generator""
   - ""Presentation software""
   - ""Online search engine""
   - ""Video conferencing""
   - ""Chat interfaces""
   - ""Email client""
   - ""Internet access""
   - ""Specialized software""


4. **Feasibility of a practical exam:**
    Evaluate whether the task can meaningfully be tested in a practical, remote exam.
    - If you think this is possible, answer True,
    - Otherwise answer False

5. **Chain-of-Thought Reasoning:**  
   Optionally, include a brief chain-of-thought explanation (no more than 150 words) for your evaluations in a field called `""chain_of_thought""`.

**Output Requirement:**  
Return a JSON object strictly adhering to the provided structure, without any extra commentary outside of the JSON fields.

**Expected JSON Structure:**
{
  ""task_id"": ""4"",
  ""occupation"": ""Sales Managers"",
  ""task_description"": ""Determine price schedules and discount rates."",
  ""can_be_performed_remotely"": true/false,
   ""feasibility_practical"": true/false,




  ""materials"": {
    ""Text"": ""Not Required/Required/NA"",
    ""Data"": ""Not Required/Required/NA"",
    ""Images"": ""Not Required/Required/NA"",
    ""Audio files"": ""Not Required/Required/NA"",
    ""Video files"": ""Not Required/Required/NA"",
    ""Virtual labs"": ""Not Required/Required/NA"",
    ""Specialized files"":""Not Required/Required/NA"",
  },

   ""tools"": {
   ""Spreadsheet software"": ""Not Required/Required/NA"",
   ""Code execution environment"": ""Not Required/Required/NA"",
   ""Image viewer"": ""Not Required/Required/NA"",
   ""Image generator"": ""Not Required/Required/NA"",
   ""Text editor"": ""Not Required/Required/NA"",
   ""Presentation software"": ""Not Required/Required/NA"",
   ""Online search engine"": ""Not Required/Required/NA"",
   ""Video conferencing"": ""Not Required/Required/NA"",
   ""Chat interfaces"": ""Not Required/Required/NA"",
   ""Email client"": ""Not Required/Required/NA"",
   ""Internet access"": ""Not Required/Required/NA"",
   ""Specialized software:""""Not Required/Required/NA"",
  },
  ""chain_of_thought"": ""Brief explanation (no more than 150 words).""
}",4.0,Sales Managers,Determine price schedules and discount rates.,True,True,"Determining price schedules and discount rates is a task that can be performed remotely as it involves analysis of data, market conditions, and company policies. A practical exam can be designed where candidates are given product information, cost data, competitor pricing, and market scenarios. They would need to use spreadsheet software to calculate optimal pricing and discount structures. The exam can be objectively scored by comparing the candidate's pricing decisions against predetermined benchmarks for profitability, market competitiveness, and alignment with business objectives.",Required,Required,Not Required,Not Required,Not Required,Not Required,Not Required,Required,Not Required,Not Required,Not Required,Required,Not Required,Not Required,Not Required,Not Required,Not Required,Not Required,Not Required,"['Spreadsheet software', 'Text editor']","['Text', 'Data']",management_occupations,False
80,80,81.0,81,"Task ID: 9

Your assignment is to determine if (1) the task can be performed remotely, (2) it is possible to design a meaningful, **practical** exam for this task and (3) whether such an exam can be evaluated using fact-based scoring. Further, you should identify the required tools and materials that exam takers need to use.

**Definitions:**
- **Remote feasibility**: A task can be performed remotely if it doesn't require a person to be at a specific place or interact with humans face-to-face.

- **Tools:** Software or applications (e.g. coding & development tools, text editor, presentation software, image generator), that are **absolutely** critical for an exam taker to complete any practically relevant and meaningful exam for this task. 

- **Materials:** Digital content (e.g., data files, text, images, audio files) that form part of the test content.

- **Fact based scoring:** Whether the exam can be evaluated using a predefined answer key (objective scoring) or requires subjective assessment, such as evaluating the quality of written responses or creative work.

- **Practical exam:** A practical exam is a an exam actually testing whether the described task can be performed successfully. An exam testing the knowledge about the task is NOT a practical exam.

- **Virtual lab:** A virtual lab is an interactive digital environment that simulates real-world settings, allowing users to perform tasks, collaborate with others, and test scenarios remotely.

- **Images:** Such as product images, photographs, maps, graphs and plots, etc.

- **Specialized software:** Specialized software refers to computer programs designed for specific industry tasks or technical functions, such as Simulink for system modeling, CAD for 3D design or SAP for enterprise resource planning. This category should be used if there is no way to solve the exam using combinations of the other tools and software listed under tools, but some more specialized software is required.

- **Specialized files:** Specialized files refers to files that cannot be parsed into text, data, images, audio or video but are also not part of a virtual lab. This category should be used if there is no way to provide the necessary exam materials using a combination of the other materials listed.

**Instructions:**
1. **Remote Feasibility:**  
   Evaluate whether Prepare budgets and approve budget expenditures. can be performed online/remotely or if it requires in-person presence.
   - **If in-person required:** Output `""can_be_performed_remotely"": false` and set all other fields (tools and materials) to `""NA""`.
   - **If remote:** Output `""can_be_performed_remotely"": true` and continue with the evaluation.

2. **Materials Required:**  
   For each material type, determine if it is necessary to provide materials of this type as part of an exam to evaluate Sales Managers's ability to perform the task (Prepare budgets and approve budget expenditures.). 
   Options are: ""Required""or ""Not required"" 
   The materials include:
   - ""Text""
   - ""Data""
   - ""Images""
   - ""Audio files""
   - ""Video files""
   - ""Virtual labs""
   - ""Specialized files""


3. **Tools Required:**  
   For each tool, assess whether it is needed to complete an exam that evaluates whether an individual can do Prepare budgets and approve budget expenditures..
  Options are: ""Required"" or ""Not Required"". 
  The tools include:
   - ""Spreadsheet software""
   - ""Code execution environment""
   - ""Text editor""
   - ""Image viewer""
   - ""Image generator""
   - ""Presentation software""
   - ""Online search engine""
   - ""Video conferencing""
   - ""Chat interfaces""
   - ""Email client""
   - ""Internet access""
   - ""Specialized software""


4. **Feasibility of a practical exam:**
    Evaluate whether the task can meaningfully be tested in a practical, remote exam.
    - If you think this is possible, answer True,
    - Otherwise answer False

5. **Chain-of-Thought Reasoning:**  
   Optionally, include a brief chain-of-thought explanation (no more than 150 words) for your evaluations in a field called `""chain_of_thought""`.

**Output Requirement:**  
Return a JSON object strictly adhering to the provided structure, without any extra commentary outside of the JSON fields.

**Expected JSON Structure:**
{
  ""task_id"": ""9"",
  ""occupation"": ""Sales Managers"",
  ""task_description"": ""Prepare budgets and approve budget expenditures."",
  ""can_be_performed_remotely"": true/false,
   ""feasibility_practical"": true/false,




  ""materials"": {
    ""Text"": ""Not Required/Required/NA"",
    ""Data"": ""Not Required/Required/NA"",
    ""Images"": ""Not Required/Required/NA"",
    ""Audio files"": ""Not Required/Required/NA"",
    ""Video files"": ""Not Required/Required/NA"",
    ""Virtual labs"": ""Not Required/Required/NA"",
    ""Specialized files"":""Not Required/Required/NA"",
  },

   ""tools"": {
   ""Spreadsheet software"": ""Not Required/Required/NA"",
   ""Code execution environment"": ""Not Required/Required/NA"",
   ""Image viewer"": ""Not Required/Required/NA"",
   ""Image generator"": ""Not Required/Required/NA"",
   ""Text editor"": ""Not Required/Required/NA"",
   ""Presentation software"": ""Not Required/Required/NA"",
   ""Online search engine"": ""Not Required/Required/NA"",
   ""Video conferencing"": ""Not Required/Required/NA"",
   ""Chat interfaces"": ""Not Required/Required/NA"",
   ""Email client"": ""Not Required/Required/NA"",
   ""Internet access"": ""Not Required/Required/NA"",
   ""Specialized software:""""Not Required/Required/NA"",
  },
  ""chain_of_thought"": ""Brief explanation (no more than 150 words).""
}",9.0,Sales Managers,Prepare budgets and approve budget expenditures.,True,True,"Budget preparation and expenditure approval can be performed remotely as it primarily involves financial analysis and decision-making using digital tools. A practical exam would provide sales data, financial constraints, and expenditure requests requiring candidates to create a budget in spreadsheet software and make approval decisions based on budget parameters. This can be objectively scored by evaluating the accuracy of budget calculations, adherence to financial constraints, and appropriateness of approval decisions against predetermined criteria.",Required,Required,Not Required,Not Required,Not Required,Not Required,Not Required,Required,Not Required,Not Required,Not Required,Required,Not Required,Not Required,Not Required,Not Required,Not Required,Not Required,Not Required,"['Spreadsheet software', 'Text editor']","['Text', 'Data']",management_occupations,False
88,88,89.0,89,"Task ID: 3250

Your assignment is to determine if (1) the task can be performed remotely, (2) it is possible to design a meaningful, **practical** exam for this task and (3) whether such an exam can be evaluated using fact-based scoring. Further, you should identify the required tools and materials that exam takers need to use.

**Definitions:**
- **Remote feasibility**: A task can be performed remotely if it doesn't require a person to be at a specific place or interact with humans face-to-face.

- **Tools:** Software or applications (e.g. coding & development tools, text editor, presentation software, image generator), that are **absolutely** critical for an exam taker to complete any practically relevant and meaningful exam for this task. 

- **Materials:** Digital content (e.g., data files, text, images, audio files) that form part of the test content.

- **Fact based scoring:** Whether the exam can be evaluated using a predefined answer key (objective scoring) or requires subjective assessment, such as evaluating the quality of written responses or creative work.

- **Practical exam:** A practical exam is a an exam actually testing whether the described task can be performed successfully. An exam testing the knowledge about the task is NOT a practical exam.

- **Virtual lab:** A virtual lab is an interactive digital environment that simulates real-world settings, allowing users to perform tasks, collaborate with others, and test scenarios remotely.

- **Images:** Such as product images, photographs, maps, graphs and plots, etc.

- **Specialized software:** Specialized software refers to computer programs designed for specific industry tasks or technical functions, such as Simulink for system modeling, CAD for 3D design or SAP for enterprise resource planning. This category should be used if there is no way to solve the exam using combinations of the other tools and software listed under tools, but some more specialized software is required.

- **Specialized files:** Specialized files refers to files that cannot be parsed into text, data, images, audio or video but are also not part of a virtual lab. This category should be used if there is no way to provide the necessary exam materials using a combination of the other materials listed.

**Instructions:**
1. **Remote Feasibility:**  
   Evaluate whether Manage communications budgets. can be performed online/remotely or if it requires in-person presence.
   - **If in-person required:** Output `""can_be_performed_remotely"": false` and set all other fields (tools and materials) to `""NA""`.
   - **If remote:** Output `""can_be_performed_remotely"": true` and continue with the evaluation.

2. **Materials Required:**  
   For each material type, determine if it is necessary to provide materials of this type as part of an exam to evaluate Public Relations and Fundraising Managers's ability to perform the task (Manage communications budgets.). 
   Options are: ""Required""or ""Not required"" 
   The materials include:
   - ""Text""
   - ""Data""
   - ""Images""
   - ""Audio files""
   - ""Video files""
   - ""Virtual labs""
   - ""Specialized files""


3. **Tools Required:**  
   For each tool, assess whether it is needed to complete an exam that evaluates whether an individual can do Manage communications budgets..
  Options are: ""Required"" or ""Not Required"". 
  The tools include:
   - ""Spreadsheet software""
   - ""Code execution environment""
   - ""Text editor""
   - ""Image viewer""
   - ""Image generator""
   - ""Presentation software""
   - ""Online search engine""
   - ""Video conferencing""
   - ""Chat interfaces""
   - ""Email client""
   - ""Internet access""
   - ""Specialized software""


4. **Feasibility of a practical exam:**
    Evaluate whether the task can meaningfully be tested in a practical, remote exam.
    - If you think this is possible, answer True,
    - Otherwise answer False

5. **Chain-of-Thought Reasoning:**  
   Optionally, include a brief chain-of-thought explanation (no more than 150 words) for your evaluations in a field called `""chain_of_thought""`.

**Output Requirement:**  
Return a JSON object strictly adhering to the provided structure, without any extra commentary outside of the JSON fields.

**Expected JSON Structure:**
{
  ""task_id"": ""3250"",
  ""occupation"": ""Public Relations and Fundraising Managers"",
  ""task_description"": ""Manage communications budgets."",
  ""can_be_performed_remotely"": true/false,
   ""feasibility_practical"": true/false,




  ""materials"": {
    ""Text"": ""Not Required/Required/NA"",
    ""Data"": ""Not Required/Required/NA"",
    ""Images"": ""Not Required/Required/NA"",
    ""Audio files"": ""Not Required/Required/NA"",
    ""Video files"": ""Not Required/Required/NA"",
    ""Virtual labs"": ""Not Required/Required/NA"",
    ""Specialized files"":""Not Required/Required/NA"",
  },

   ""tools"": {
   ""Spreadsheet software"": ""Not Required/Required/NA"",
   ""Code execution environment"": ""Not Required/Required/NA"",
   ""Image viewer"": ""Not Required/Required/NA"",
   ""Image generator"": ""Not Required/Required/NA"",
   ""Text editor"": ""Not Required/Required/NA"",
   ""Presentation software"": ""Not Required/Required/NA"",
   ""Online search engine"": ""Not Required/Required/NA"",
   ""Video conferencing"": ""Not Required/Required/NA"",
   ""Chat interfaces"": ""Not Required/Required/NA"",
   ""Email client"": ""Not Required/Required/NA"",
   ""Internet access"": ""Not Required/Required/NA"",
   ""Specialized software:""""Not Required/Required/NA"",
  },
  ""chain_of_thought"": ""Brief explanation (no more than 150 words).""
}",3250.0,Public Relations and Fundraising Managers,Manage communications budgets.,True,True,"Managing communications budgets is primarily a financial planning and tracking task that can be performed remotely. A practical exam could involve providing candidates with budget scenarios, financial data, and communications plans, then asking them to create, adjust, or analyze budgets. This requires spreadsheet software for calculations and budget formatting, and a text editor for explanations or justifications. The exam can be objectively scored by evaluating if calculations are correct, if budget allocations align with communications priorities, and if adjustments properly address scenario constraints.",Required,Required,Not Required,Not Required,Not Required,Not Required,Not Required,Required,Not Required,Not Required,Not Required,Required,Not Required,Not Required,Not Required,Not Required,Not Required,Not Required,Not Required,"['Spreadsheet software', 'Text editor']","['Text', 'Data']",management_occupations,False
97,97,98.0,98,"Task ID: 20

Your assignment is to determine if (1) the task can be performed remotely, (2) it is possible to design a meaningful, **practical** exam for this task and (3) whether such an exam can be evaluated using fact-based scoring. Further, you should identify the required tools and materials that exam takers need to use.

**Definitions:**
- **Remote feasibility**: A task can be performed remotely if it doesn't require a person to be at a specific place or interact with humans face-to-face.

- **Tools:** Software or applications (e.g. coding & development tools, text editor, presentation software, image generator), that are **absolutely** critical for an exam taker to complete any practically relevant and meaningful exam for this task. 

- **Materials:** Digital content (e.g., data files, text, images, audio files) that form part of the test content.

- **Fact based scoring:** Whether the exam can be evaluated using a predefined answer key (objective scoring) or requires subjective assessment, such as evaluating the quality of written responses or creative work.

- **Practical exam:** A practical exam is a an exam actually testing whether the described task can be performed successfully. An exam testing the knowledge about the task is NOT a practical exam.

- **Virtual lab:** A virtual lab is an interactive digital environment that simulates real-world settings, allowing users to perform tasks, collaborate with others, and test scenarios remotely.

- **Images:** Such as product images, photographs, maps, graphs and plots, etc.

- **Specialized software:** Specialized software refers to computer programs designed for specific industry tasks or technical functions, such as Simulink for system modeling, CAD for 3D design or SAP for enterprise resource planning. This category should be used if there is no way to solve the exam using combinations of the other tools and software listed under tools, but some more specialized software is required.

- **Specialized files:** Specialized files refers to files that cannot be parsed into text, data, images, audio or video but are also not part of a virtual lab. This category should be used if there is no way to provide the necessary exam materials using a combination of the other materials listed.

**Instructions:**
1. **Remote Feasibility:**  
   Evaluate whether Set goals and deadlines for the department. can be performed online/remotely or if it requires in-person presence.
   - **If in-person required:** Output `""can_be_performed_remotely"": false` and set all other fields (tools and materials) to `""NA""`.
   - **If remote:** Output `""can_be_performed_remotely"": true` and continue with the evaluation.

2. **Materials Required:**  
   For each material type, determine if it is necessary to provide materials of this type as part of an exam to evaluate Administrative Services Managers's ability to perform the task (Set goals and deadlines for the department.). 
   Options are: ""Required""or ""Not required"" 
   The materials include:
   - ""Text""
   - ""Data""
   - ""Images""
   - ""Audio files""
   - ""Video files""
   - ""Virtual labs""
   - ""Specialized files""


3. **Tools Required:**  
   For each tool, assess whether it is needed to complete an exam that evaluates whether an individual can do Set goals and deadlines for the department..
  Options are: ""Required"" or ""Not Required"". 
  The tools include:
   - ""Spreadsheet software""
   - ""Code execution environment""
   - ""Text editor""
   - ""Image viewer""
   - ""Image generator""
   - ""Presentation software""
   - ""Online search engine""
   - ""Video conferencing""
   - ""Chat interfaces""
   - ""Email client""
   - ""Internet access""
   - ""Specialized software""


4. **Feasibility of a practical exam:**
    Evaluate whether the task can meaningfully be tested in a practical, remote exam.
    - If you think this is possible, answer True,
    - Otherwise answer False

5. **Chain-of-Thought Reasoning:**  
   Optionally, include a brief chain-of-thought explanation (no more than 150 words) for your evaluations in a field called `""chain_of_thought""`.

**Output Requirement:**  
Return a JSON object strictly adhering to the provided structure, without any extra commentary outside of the JSON fields.

**Expected JSON Structure:**
{
  ""task_id"": ""20"",
  ""occupation"": ""Administrative Services Managers"",
  ""task_description"": ""Set goals and deadlines for the department."",
  ""can_be_performed_remotely"": true/false,
   ""feasibility_practical"": true/false,




  ""materials"": {
    ""Text"": ""Not Required/Required/NA"",
    ""Data"": ""Not Required/Required/NA"",
    ""Images"": ""Not Required/Required/NA"",
    ""Audio files"": ""Not Required/Required/NA"",
    ""Video files"": ""Not Required/Required/NA"",
    ""Virtual labs"": ""Not Required/Required/NA"",
    ""Specialized files"":""Not Required/Required/NA"",
  },

   ""tools"": {
   ""Spreadsheet software"": ""Not Required/Required/NA"",
   ""Code execution environment"": ""Not Required/Required/NA"",
   ""Image viewer"": ""Not Required/Required/NA"",
   ""Image generator"": ""Not Required/Required/NA"",
   ""Text editor"": ""Not Required/Required/NA"",
   ""Presentation software"": ""Not Required/Required/NA"",
   ""Online search engine"": ""Not Required/Required/NA"",
   ""Video conferencing"": ""Not Required/Required/NA"",
   ""Chat interfaces"": ""Not Required/Required/NA"",
   ""Email client"": ""Not Required/Required/NA"",
   ""Internet access"": ""Not Required/Required/NA"",
   ""Specialized software:""""Not Required/Required/NA"",
  },
  ""chain_of_thought"": ""Brief explanation (no more than 150 words).""
}",20.0,Administrative Services Managers,Set goals and deadlines for the department.,True,True,"Setting departmental goals and deadlines is a planning task that can be performed remotely. A practical exam could provide a scenario with department information, objectives, and constraints, requiring the candidate to develop SMART goals with realistic deadlines. This can be evaluated objectively by checking if goals are specific, measurable, achievable, relevant, time-bound, and if deadlines account for dependencies and resources. Basic tools like spreadsheets for timeline planning and text editors for documenting goals are sufficient. The exam would test actual goal-setting skills rather than just knowledge about the process.",Required,Required,Not Required,Not Required,Not Required,Not Required,Not Required,Required,Not Required,Not Required,Not Required,Required,Not Required,Not Required,Not Required,Not Required,Not Required,Not Required,Not Required,"['Spreadsheet software', 'Text editor']","['Text', 'Data']",management_occupations,False
110,110,111.0,111,"Task ID: 974

Your assignment is to determine if (1) the task can be performed remotely, (2) it is possible to design a meaningful, **practical** exam for this task and (3) whether such an exam can be evaluated using fact-based scoring. Further, you should identify the required tools and materials that exam takers need to use.

**Definitions:**
- **Remote feasibility**: A task can be performed remotely if it doesn't require a person to be at a specific place or interact with humans face-to-face.

- **Tools:** Software or applications (e.g. coding & development tools, text editor, presentation software, image generator), that are **absolutely** critical for an exam taker to complete any practically relevant and meaningful exam for this task. 

- **Materials:** Digital content (e.g., data files, text, images, audio files) that form part of the test content.

- **Fact based scoring:** Whether the exam can be evaluated using a predefined answer key (objective scoring) or requires subjective assessment, such as evaluating the quality of written responses or creative work.

- **Practical exam:** A practical exam is a an exam actually testing whether the described task can be performed successfully. An exam testing the knowledge about the task is NOT a practical exam.

- **Virtual lab:** A virtual lab is an interactive digital environment that simulates real-world settings, allowing users to perform tasks, collaborate with others, and test scenarios remotely.

- **Images:** Such as product images, photographs, maps, graphs and plots, etc.

- **Specialized software:** Specialized software refers to computer programs designed for specific industry tasks or technical functions, such as Simulink for system modeling, CAD for 3D design or SAP for enterprise resource planning. This category should be used if there is no way to solve the exam using combinations of the other tools and software listed under tools, but some more specialized software is required.

- **Specialized files:** Specialized files refers to files that cannot be parsed into text, data, images, audio or video but are also not part of a virtual lab. This category should be used if there is no way to provide the necessary exam materials using a combination of the other materials listed.

**Instructions:**
1. **Remote Feasibility:**  
   Evaluate whether Control operational budget and expenditures. can be performed online/remotely or if it requires in-person presence.
   - **If in-person required:** Output `""can_be_performed_remotely"": false` and set all other fields (tools and materials) to `""NA""`.
   - **If remote:** Output `""can_be_performed_remotely"": true` and continue with the evaluation.

2. **Materials Required:**  
   For each material type, determine if it is necessary to provide materials of this type as part of an exam to evaluate Computer and Information Systems Managers's ability to perform the task (Control operational budget and expenditures.). 
   Options are: ""Required""or ""Not required"" 
   The materials include:
   - ""Text""
   - ""Data""
   - ""Images""
   - ""Audio files""
   - ""Video files""
   - ""Virtual labs""
   - ""Specialized files""


3. **Tools Required:**  
   For each tool, assess whether it is needed to complete an exam that evaluates whether an individual can do Control operational budget and expenditures..
  Options are: ""Required"" or ""Not Required"". 
  The tools include:
   - ""Spreadsheet software""
   - ""Code execution environment""
   - ""Text editor""
   - ""Image viewer""
   - ""Image generator""
   - ""Presentation software""
   - ""Online search engine""
   - ""Video conferencing""
   - ""Chat interfaces""
   - ""Email client""
   - ""Internet access""
   - ""Specialized software""


4. **Feasibility of a practical exam:**
    Evaluate whether the task can meaningfully be tested in a practical, remote exam.
    - If you think this is possible, answer True,
    - Otherwise answer False

5. **Chain-of-Thought Reasoning:**  
   Optionally, include a brief chain-of-thought explanation (no more than 150 words) for your evaluations in a field called `""chain_of_thought""`.

**Output Requirement:**  
Return a JSON object strictly adhering to the provided structure, without any extra commentary outside of the JSON fields.

**Expected JSON Structure:**
{
  ""task_id"": ""974"",
  ""occupation"": ""Computer and Information Systems Managers"",
  ""task_description"": ""Control operational budget and expenditures."",
  ""can_be_performed_remotely"": true/false,
   ""feasibility_practical"": true/false,




  ""materials"": {
    ""Text"": ""Not Required/Required/NA"",
    ""Data"": ""Not Required/Required/NA"",
    ""Images"": ""Not Required/Required/NA"",
    ""Audio files"": ""Not Required/Required/NA"",
    ""Video files"": ""Not Required/Required/NA"",
    ""Virtual labs"": ""Not Required/Required/NA"",
    ""Specialized files"":""Not Required/Required/NA"",
  },

   ""tools"": {
   ""Spreadsheet software"": ""Not Required/Required/NA"",
   ""Code execution environment"": ""Not Required/Required/NA"",
   ""Image viewer"": ""Not Required/Required/NA"",
   ""Image generator"": ""Not Required/Required/NA"",
   ""Text editor"": ""Not Required/Required/NA"",
   ""Presentation software"": ""Not Required/Required/NA"",
   ""Online search engine"": ""Not Required/Required/NA"",
   ""Video conferencing"": ""Not Required/Required/NA"",
   ""Chat interfaces"": ""Not Required/Required/NA"",
   ""Email client"": ""Not Required/Required/NA"",
   ""Internet access"": ""Not Required/Required/NA"",
   ""Specialized software:""""Not Required/Required/NA"",
  },
  ""chain_of_thought"": ""Brief explanation (no more than 150 words).""
}",974.0,Computer and Information Systems Managers,Control operational budget and expenditures.,True,True,"Controlling operational budgets and expenditures is primarily a financial management task that can be performed remotely. A practical exam would involve providing budget data, financial reports, and scenarios requiring the manager to analyze variances, make adjustments, and demonstrate budget control techniques. Spreadsheet software is essential for budget analysis and modeling, while a text editor would be needed for documenting decisions and recommendations. The exam can be objectively scored based on accuracy of calculations, appropriateness of budget control measures, and effectiveness of financial decision-making.",Required,Required,Not Required,Not Required,Not Required,Not Required,Not Required,Required,Not Required,Not Required,Not Required,Required,Not Required,Not Required,Not Required,Not Required,Not Required,Not Required,Not Required,"['Spreadsheet software', 'Text editor']","['Text', 'Data']",management_occupations,False
119,119,120.0,120,"Task ID: 8866

Your assignment is to determine if (1) the task can be performed remotely, (2) it is possible to design a meaningful, **practical** exam for this task and (3) whether such an exam can be evaluated using fact-based scoring. Further, you should identify the required tools and materials that exam takers need to use.

**Definitions:**
- **Remote feasibility**: A task can be performed remotely if it doesn't require a person to be at a specific place or interact with humans face-to-face.

- **Tools:** Software or applications (e.g. coding & development tools, text editor, presentation software, image generator), that are **absolutely** critical for an exam taker to complete any practically relevant and meaningful exam for this task. 

- **Materials:** Digital content (e.g., data files, text, images, audio files) that form part of the test content.

- **Fact based scoring:** Whether the exam can be evaluated using a predefined answer key (objective scoring) or requires subjective assessment, such as evaluating the quality of written responses or creative work.

- **Practical exam:** A practical exam is a an exam actually testing whether the described task can be performed successfully. An exam testing the knowledge about the task is NOT a practical exam.

- **Virtual lab:** A virtual lab is an interactive digital environment that simulates real-world settings, allowing users to perform tasks, collaborate with others, and test scenarios remotely.

- **Images:** Such as product images, photographs, maps, graphs and plots, etc.

- **Specialized software:** Specialized software refers to computer programs designed for specific industry tasks or technical functions, such as Simulink for system modeling, CAD for 3D design or SAP for enterprise resource planning. This category should be used if there is no way to solve the exam using combinations of the other tools and software listed under tools, but some more specialized software is required.

- **Specialized files:** Specialized files refers to files that cannot be parsed into text, data, images, audio or video but are also not part of a virtual lab. This category should be used if there is no way to provide the necessary exam materials using a combination of the other materials listed.

**Instructions:**
1. **Remote Feasibility:**  
   Evaluate whether Develop internal control policies, guidelines, and procedures for activities such as budget administration, cash and credit management, and accounting. can be performed online/remotely or if it requires in-person presence.
   - **If in-person required:** Output `""can_be_performed_remotely"": false` and set all other fields (tools and materials) to `""NA""`.
   - **If remote:** Output `""can_be_performed_remotely"": true` and continue with the evaluation.

2. **Materials Required:**  
   For each material type, determine if it is necessary to provide materials of this type as part of an exam to evaluate Treasurers and Controllers's ability to perform the task (Develop internal control policies, guidelines, and procedures for activities such as budget administration, cash and credit management, and accounting.). 
   Options are: ""Required""or ""Not required"" 
   The materials include:
   - ""Text""
   - ""Data""
   - ""Images""
   - ""Audio files""
   - ""Video files""
   - ""Virtual labs""
   - ""Specialized files""


3. **Tools Required:**  
   For each tool, assess whether it is needed to complete an exam that evaluates whether an individual can do Develop internal control policies, guidelines, and procedures for activities such as budget administration, cash and credit management, and accounting..
  Options are: ""Required"" or ""Not Required"". 
  The tools include:
   - ""Spreadsheet software""
   - ""Code execution environment""
   - ""Text editor""
   - ""Image viewer""
   - ""Image generator""
   - ""Presentation software""
   - ""Online search engine""
   - ""Video conferencing""
   - ""Chat interfaces""
   - ""Email client""
   - ""Internet access""
   - ""Specialized software""


4. **Feasibility of a practical exam:**
    Evaluate whether the task can meaningfully be tested in a practical, remote exam.
    - If you think this is possible, answer True,
    - Otherwise answer False

5. **Chain-of-Thought Reasoning:**  
   Optionally, include a brief chain-of-thought explanation (no more than 150 words) for your evaluations in a field called `""chain_of_thought""`.

**Output Requirement:**  
Return a JSON object strictly adhering to the provided structure, without any extra commentary outside of the JSON fields.

**Expected JSON Structure:**
{
  ""task_id"": ""8866"",
  ""occupation"": ""Treasurers and Controllers"",
  ""task_description"": ""Develop internal control policies, guidelines, and procedures for activities such as budget administration, cash and credit management, and accounting."",
  ""can_be_performed_remotely"": true/false,
   ""feasibility_practical"": true/false,




  ""materials"": {
    ""Text"": ""Not Required/Required/NA"",
    ""Data"": ""Not Required/Required/NA"",
    ""Images"": ""Not Required/Required/NA"",
    ""Audio files"": ""Not Required/Required/NA"",
    ""Video files"": ""Not Required/Required/NA"",
    ""Virtual labs"": ""Not Required/Required/NA"",
    ""Specialized files"":""Not Required/Required/NA"",
  },

   ""tools"": {
   ""Spreadsheet software"": ""Not Required/Required/NA"",
   ""Code execution environment"": ""Not Required/Required/NA"",
   ""Image viewer"": ""Not Required/Required/NA"",
   ""Image generator"": ""Not Required/Required/NA"",
   ""Text editor"": ""Not Required/Required/NA"",
   ""Presentation software"": ""Not Required/Required/NA"",
   ""Online search engine"": ""Not Required/Required/NA"",
   ""Video conferencing"": ""Not Required/Required/NA"",
   ""Chat interfaces"": ""Not Required/Required/NA"",
   ""Email client"": ""Not Required/Required/NA"",
   ""Internet access"": ""Not Required/Required/NA"",
   ""Specialized software:""""Not Required/Required/NA"",
  },
  ""chain_of_thought"": ""Brief explanation (no more than 150 words).""
}",8866.0,Treasurers and Controllers,"Develop internal control policies, guidelines, and procedures for activities such as budget administration, cash and credit management, and accounting.",True,True,"Developing internal control policies and procedures is primarily a documentation task that can be performed remotely. A practical exam could present candidates with a case study of a company's financial operations and ask them to develop appropriate control policies. This would require text materials (case descriptions, regulatory requirements) and financial data to analyze. Candidates would need spreadsheet software to analyze financial data and a text editor to draft policies. The exam can be objectively scored against a rubric evaluating completeness, compliance with regulations, and effectiveness of controls proposed.",Required,Required,Not Required,Not Required,Not Required,Not Required,Not Required,Required,Not Required,Not Required,Not Required,Required,Not Required,Not Required,Not Required,Not Required,Not Required,Not Required,Not Required,"['Spreadsheet software', 'Text editor']","['Text', 'Data']",management_occupations,False
120,120,121.0,121,"Task ID: 8859

Your assignment is to determine if (1) the task can be performed remotely, (2) it is possible to design a meaningful, **practical** exam for this task and (3) whether such an exam can be evaluated using fact-based scoring. Further, you should identify the required tools and materials that exam takers need to use.

**Definitions:**
- **Remote feasibility**: A task can be performed remotely if it doesn't require a person to be at a specific place or interact with humans face-to-face.

- **Tools:** Software or applications (e.g. coding & development tools, text editor, presentation software, image generator), that are **absolutely** critical for an exam taker to complete any practically relevant and meaningful exam for this task. 

- **Materials:** Digital content (e.g., data files, text, images, audio files) that form part of the test content.

- **Fact based scoring:** Whether the exam can be evaluated using a predefined answer key (objective scoring) or requires subjective assessment, such as evaluating the quality of written responses or creative work.

- **Practical exam:** A practical exam is a an exam actually testing whether the described task can be performed successfully. An exam testing the knowledge about the task is NOT a practical exam.

- **Virtual lab:** A virtual lab is an interactive digital environment that simulates real-world settings, allowing users to perform tasks, collaborate with others, and test scenarios remotely.

- **Images:** Such as product images, photographs, maps, graphs and plots, etc.

- **Specialized software:** Specialized software refers to computer programs designed for specific industry tasks or technical functions, such as Simulink for system modeling, CAD for 3D design or SAP for enterprise resource planning. This category should be used if there is no way to solve the exam using combinations of the other tools and software listed under tools, but some more specialized software is required.

- **Specialized files:** Specialized files refers to files that cannot be parsed into text, data, images, audio or video but are also not part of a virtual lab. This category should be used if there is no way to provide the necessary exam materials using a combination of the other materials listed.

**Instructions:**
1. **Remote Feasibility:**  
   Evaluate whether Maintain current knowledge of organizational policies and procedures, federal and state policies and directives, and current accounting standards. can be performed online/remotely or if it requires in-person presence.
   - **If in-person required:** Output `""can_be_performed_remotely"": false` and set all other fields (tools and materials) to `""NA""`.
   - **If remote:** Output `""can_be_performed_remotely"": true` and continue with the evaluation.

2. **Materials Required:**  
   For each material type, determine if it is necessary to provide materials of this type as part of an exam to evaluate Treasurers and Controllers's ability to perform the task (Maintain current knowledge of organizational policies and procedures, federal and state policies and directives, and current accounting standards.). 
   Options are: ""Required""or ""Not required"" 
   The materials include:
   - ""Text""
   - ""Data""
   - ""Images""
   - ""Audio files""
   - ""Video files""
   - ""Virtual labs""
   - ""Specialized files""


3. **Tools Required:**  
   For each tool, assess whether it is needed to complete an exam that evaluates whether an individual can do Maintain current knowledge of organizational policies and procedures, federal and state policies and directives, and current accounting standards..
  Options are: ""Required"" or ""Not Required"". 
  The tools include:
   - ""Spreadsheet software""
   - ""Code execution environment""
   - ""Text editor""
   - ""Image viewer""
   - ""Image generator""
   - ""Presentation software""
   - ""Online search engine""
   - ""Video conferencing""
   - ""Chat interfaces""
   - ""Email client""
   - ""Internet access""
   - ""Specialized software""


4. **Feasibility of a practical exam:**
    Evaluate whether the task can meaningfully be tested in a practical, remote exam.
    - If you think this is possible, answer True,
    - Otherwise answer False

5. **Chain-of-Thought Reasoning:**  
   Optionally, include a brief chain-of-thought explanation (no more than 150 words) for your evaluations in a field called `""chain_of_thought""`.

**Output Requirement:**  
Return a JSON object strictly adhering to the provided structure, without any extra commentary outside of the JSON fields.

**Expected JSON Structure:**
{
  ""task_id"": ""8859"",
  ""occupation"": ""Treasurers and Controllers"",
  ""task_description"": ""Maintain current knowledge of organizational policies and procedures, federal and state policies and directives, and current accounting standards."",
  ""can_be_performed_remotely"": true/false,
   ""feasibility_practical"": true/false,




  ""materials"": {
    ""Text"": ""Not Required/Required/NA"",
    ""Data"": ""Not Required/Required/NA"",
    ""Images"": ""Not Required/Required/NA"",
    ""Audio files"": ""Not Required/Required/NA"",
    ""Video files"": ""Not Required/Required/NA"",
    ""Virtual labs"": ""Not Required/Required/NA"",
    ""Specialized files"":""Not Required/Required/NA"",
  },

   ""tools"": {
   ""Spreadsheet software"": ""Not Required/Required/NA"",
   ""Code execution environment"": ""Not Required/Required/NA"",
   ""Image viewer"": ""Not Required/Required/NA"",
   ""Image generator"": ""Not Required/Required/NA"",
   ""Text editor"": ""Not Required/Required/NA"",
   ""Presentation software"": ""Not Required/Required/NA"",
   ""Online search engine"": ""Not Required/Required/NA"",
   ""Video conferencing"": ""Not Required/Required/NA"",
   ""Chat interfaces"": ""Not Required/Required/NA"",
   ""Email client"": ""Not Required/Required/NA"",
   ""Internet access"": ""Not Required/Required/NA"",
   ""Specialized software:""""Not Required/Required/NA"",
  },
  ""chain_of_thought"": ""Brief explanation (no more than 150 words).""
}",8859.0,Treasurers and Controllers,"Maintain current knowledge of organizational policies and procedures, federal and state policies and directives, and current accounting standards.",True,True,Maintaining knowledge of policies and accounting standards can be tested remotely through a practical exam that presents scenarios requiring application of current standards. The exam would provide text documents containing relevant policies and data files with financial information. Candidates would need to use spreadsheet software to analyze financial data according to current standards and a text editor to document their reasoning and conclusions. This can be objectively scored by comparing answers to a rubric based on current accounting standards and policies.,Required,Required,Not Required,Not Required,Not Required,Not Required,Not Required,Required,Not Required,Not Required,Not Required,Required,Not Required,Not Required,Not Required,Not Required,Not Required,Not Required,Not Required,"['Spreadsheet software', 'Text editor']","['Text', 'Data']",management_occupations,False
121,121,122.0,122,"Task ID: 8856

Your assignment is to determine if (1) the task can be performed remotely, (2) it is possible to design a meaningful, **practical** exam for this task and (3) whether such an exam can be evaluated using fact-based scoring. Further, you should identify the required tools and materials that exam takers need to use.

**Definitions:**
- **Remote feasibility**: A task can be performed remotely if it doesn't require a person to be at a specific place or interact with humans face-to-face.

- **Tools:** Software or applications (e.g. coding & development tools, text editor, presentation software, image generator), that are **absolutely** critical for an exam taker to complete any practically relevant and meaningful exam for this task. 

- **Materials:** Digital content (e.g., data files, text, images, audio files) that form part of the test content.

- **Fact based scoring:** Whether the exam can be evaluated using a predefined answer key (objective scoring) or requires subjective assessment, such as evaluating the quality of written responses or creative work.

- **Practical exam:** A practical exam is a an exam actually testing whether the described task can be performed successfully. An exam testing the knowledge about the task is NOT a practical exam.

- **Virtual lab:** A virtual lab is an interactive digital environment that simulates real-world settings, allowing users to perform tasks, collaborate with others, and test scenarios remotely.

- **Images:** Such as product images, photographs, maps, graphs and plots, etc.

- **Specialized software:** Specialized software refers to computer programs designed for specific industry tasks or technical functions, such as Simulink for system modeling, CAD for 3D design or SAP for enterprise resource planning. This category should be used if there is no way to solve the exam using combinations of the other tools and software listed under tools, but some more specialized software is required.

- **Specialized files:** Specialized files refers to files that cannot be parsed into text, data, images, audio or video but are also not part of a virtual lab. This category should be used if there is no way to provide the necessary exam materials using a combination of the other materials listed.

**Instructions:**
1. **Remote Feasibility:**  
   Evaluate whether Prepare or direct preparation of financial statements, business activity reports, financial position forecasts, annual budgets, or reports required by regulatory agencies. can be performed online/remotely or if it requires in-person presence.
   - **If in-person required:** Output `""can_be_performed_remotely"": false` and set all other fields (tools and materials) to `""NA""`.
   - **If remote:** Output `""can_be_performed_remotely"": true` and continue with the evaluation.

2. **Materials Required:**  
   For each material type, determine if it is necessary to provide materials of this type as part of an exam to evaluate Treasurers and Controllers's ability to perform the task (Prepare or direct preparation of financial statements, business activity reports, financial position forecasts, annual budgets, or reports required by regulatory agencies.). 
   Options are: ""Required""or ""Not required"" 
   The materials include:
   - ""Text""
   - ""Data""
   - ""Images""
   - ""Audio files""
   - ""Video files""
   - ""Virtual labs""
   - ""Specialized files""


3. **Tools Required:**  
   For each tool, assess whether it is needed to complete an exam that evaluates whether an individual can do Prepare or direct preparation of financial statements, business activity reports, financial position forecasts, annual budgets, or reports required by regulatory agencies..
  Options are: ""Required"" or ""Not Required"". 
  The tools include:
   - ""Spreadsheet software""
   - ""Code execution environment""
   - ""Text editor""
   - ""Image viewer""
   - ""Image generator""
   - ""Presentation software""
   - ""Online search engine""
   - ""Video conferencing""
   - ""Chat interfaces""
   - ""Email client""
   - ""Internet access""
   - ""Specialized software""


4. **Feasibility of a practical exam:**
    Evaluate whether the task can meaningfully be tested in a practical, remote exam.
    - If you think this is possible, answer True,
    - Otherwise answer False

5. **Chain-of-Thought Reasoning:**  
   Optionally, include a brief chain-of-thought explanation (no more than 150 words) for your evaluations in a field called `""chain_of_thought""`.

**Output Requirement:**  
Return a JSON object strictly adhering to the provided structure, without any extra commentary outside of the JSON fields.

**Expected JSON Structure:**
{
  ""task_id"": ""8856"",
  ""occupation"": ""Treasurers and Controllers"",
  ""task_description"": ""Prepare or direct preparation of financial statements, business activity reports, financial position forecasts, annual budgets, or reports required by regulatory agencies."",
  ""can_be_performed_remotely"": true/false,
   ""feasibility_practical"": true/false,




  ""materials"": {
    ""Text"": ""Not Required/Required/NA"",
    ""Data"": ""Not Required/Required/NA"",
    ""Images"": ""Not Required/Required/NA"",
    ""Audio files"": ""Not Required/Required/NA"",
    ""Video files"": ""Not Required/Required/NA"",
    ""Virtual labs"": ""Not Required/Required/NA"",
    ""Specialized files"":""Not Required/Required/NA"",
  },

   ""tools"": {
   ""Spreadsheet software"": ""Not Required/Required/NA"",
   ""Code execution environment"": ""Not Required/Required/NA"",
   ""Image viewer"": ""Not Required/Required/NA"",
   ""Image generator"": ""Not Required/Required/NA"",
   ""Text editor"": ""Not Required/Required/NA"",
   ""Presentation software"": ""Not Required/Required/NA"",
   ""Online search engine"": ""Not Required/Required/NA"",
   ""Video conferencing"": ""Not Required/Required/NA"",
   ""Chat interfaces"": ""Not Required/Required/NA"",
   ""Email client"": ""Not Required/Required/NA"",
   ""Internet access"": ""Not Required/Required/NA"",
   ""Specialized software:""""Not Required/Required/NA"",
  },
  ""chain_of_thought"": ""Brief explanation (no more than 150 words).""
}",8856.0,Treasurers and Controllers,"Prepare or direct preparation of financial statements, business activity reports, financial position forecasts, annual budgets, or reports required by regulatory agencies.",True,True,"Financial statement preparation and budgeting can be performed remotely as it primarily involves analyzing data and creating reports. A practical exam would provide raw financial data and require candidates to prepare statements, forecasts, or budgets using spreadsheet software and text editors. The exam can be objectively scored by comparing outputs against standard accounting formats and checking for accuracy in calculations, proper categorization, and compliance with accounting principles. No specialized software is needed beyond standard spreadsheet applications like Excel, which are industry-standard tools for this work.",Required,Required,Not Required,Not Required,Not Required,Not Required,Not Required,Required,Not Required,Not Required,Not Required,Required,Not Required,Not Required,Not Required,Not Required,Not Required,Not Required,Not Required,"['Spreadsheet software', 'Text editor']","['Text', 'Data']",management_occupations,False
127,127,128.0,128,"Task ID: 8863

Your assignment is to determine if (1) the task can be performed remotely, (2) it is possible to design a meaningful, **practical** exam for this task and (3) whether such an exam can be evaluated using fact-based scoring. Further, you should identify the required tools and materials that exam takers need to use.

**Definitions:**
- **Remote feasibility**: A task can be performed remotely if it doesn't require a person to be at a specific place or interact with humans face-to-face.

- **Tools:** Software or applications (e.g. coding & development tools, text editor, presentation software, image generator), that are **absolutely** critical for an exam taker to complete any practically relevant and meaningful exam for this task. 

- **Materials:** Digital content (e.g., data files, text, images, audio files) that form part of the test content.

- **Fact based scoring:** Whether the exam can be evaluated using a predefined answer key (objective scoring) or requires subjective assessment, such as evaluating the quality of written responses or creative work.

- **Practical exam:** A practical exam is a an exam actually testing whether the described task can be performed successfully. An exam testing the knowledge about the task is NOT a practical exam.

- **Virtual lab:** A virtual lab is an interactive digital environment that simulates real-world settings, allowing users to perform tasks, collaborate with others, and test scenarios remotely.

- **Images:** Such as product images, photographs, maps, graphs and plots, etc.

- **Specialized software:** Specialized software refers to computer programs designed for specific industry tasks or technical functions, such as Simulink for system modeling, CAD for 3D design or SAP for enterprise resource planning. This category should be used if there is no way to solve the exam using combinations of the other tools and software listed under tools, but some more specialized software is required.

- **Specialized files:** Specialized files refers to files that cannot be parsed into text, data, images, audio or video but are also not part of a virtual lab. This category should be used if there is no way to provide the necessary exam materials using a combination of the other materials listed.

**Instructions:**
1. **Remote Feasibility:**  
   Evaluate whether Monitor and evaluate the performance of accounting and other financial staff, recommending and implementing personnel actions, such as promotions and dismissals. can be performed online/remotely or if it requires in-person presence.
   - **If in-person required:** Output `""can_be_performed_remotely"": false` and set all other fields (tools and materials) to `""NA""`.
   - **If remote:** Output `""can_be_performed_remotely"": true` and continue with the evaluation.

2. **Materials Required:**  
   For each material type, determine if it is necessary to provide materials of this type as part of an exam to evaluate Treasurers and Controllers's ability to perform the task (Monitor and evaluate the performance of accounting and other financial staff, recommending and implementing personnel actions, such as promotions and dismissals.). 
   Options are: ""Required""or ""Not required"" 
   The materials include:
   - ""Text""
   - ""Data""
   - ""Images""
   - ""Audio files""
   - ""Video files""
   - ""Virtual labs""
   - ""Specialized files""


3. **Tools Required:**  
   For each tool, assess whether it is needed to complete an exam that evaluates whether an individual can do Monitor and evaluate the performance of accounting and other financial staff, recommending and implementing personnel actions, such as promotions and dismissals..
  Options are: ""Required"" or ""Not Required"". 
  The tools include:
   - ""Spreadsheet software""
   - ""Code execution environment""
   - ""Text editor""
   - ""Image viewer""
   - ""Image generator""
   - ""Presentation software""
   - ""Online search engine""
   - ""Video conferencing""
   - ""Chat interfaces""
   - ""Email client""
   - ""Internet access""
   - ""Specialized software""


4. **Feasibility of a practical exam:**
    Evaluate whether the task can meaningfully be tested in a practical, remote exam.
    - If you think this is possible, answer True,
    - Otherwise answer False

5. **Chain-of-Thought Reasoning:**  
   Optionally, include a brief chain-of-thought explanation (no more than 150 words) for your evaluations in a field called `""chain_of_thought""`.

**Output Requirement:**  
Return a JSON object strictly adhering to the provided structure, without any extra commentary outside of the JSON fields.

**Expected JSON Structure:**
{
  ""task_id"": ""8863"",
  ""occupation"": ""Treasurers and Controllers"",
  ""task_description"": ""Monitor and evaluate the performance of accounting and other financial staff, recommending and implementing personnel actions, such as promotions and dismissals."",
  ""can_be_performed_remotely"": true/false,
   ""feasibility_practical"": true/false,




  ""materials"": {
    ""Text"": ""Not Required/Required/NA"",
    ""Data"": ""Not Required/Required/NA"",
    ""Images"": ""Not Required/Required/NA"",
    ""Audio files"": ""Not Required/Required/NA"",
    ""Video files"": ""Not Required/Required/NA"",
    ""Virtual labs"": ""Not Required/Required/NA"",
    ""Specialized files"":""Not Required/Required/NA"",
  },

   ""tools"": {
   ""Spreadsheet software"": ""Not Required/Required/NA"",
   ""Code execution environment"": ""Not Required/Required/NA"",
   ""Image viewer"": ""Not Required/Required/NA"",
   ""Image generator"": ""Not Required/Required/NA"",
   ""Text editor"": ""Not Required/Required/NA"",
   ""Presentation software"": ""Not Required/Required/NA"",
   ""Online search engine"": ""Not Required/Required/NA"",
   ""Video conferencing"": ""Not Required/Required/NA"",
   ""Chat interfaces"": ""Not Required/Required/NA"",
   ""Email client"": ""Not Required/Required/NA"",
   ""Internet access"": ""Not Required/Required/NA"",
   ""Specialized software:""""Not Required/Required/NA"",
  },
  ""chain_of_thought"": ""Brief explanation (no more than 150 words).""
}",8863.0,Treasurers and Controllers,"Monitor and evaluate the performance of accounting and other financial staff, recommending and implementing personnel actions, such as promotions and dismissals.",True,True,"Monitoring and evaluating financial staff performance can be done remotely by reviewing performance metrics, work quality, and productivity data. A practical exam could present candidates with employee performance data, work samples, and scenarios requiring them to analyze performance issues, identify improvement areas, and recommend appropriate personnel actions. This would require text descriptions of scenarios and employee profiles, plus financial/productivity data in spreadsheets. Candidates would use spreadsheet software to analyze performance metrics and a text editor to document their evaluations and recommendations. Scoring can be fact-based by comparing recommendations against predetermined criteria for each scenario.",Required,Required,Not Required,Not Required,Not Required,Not Required,Not Required,Required,Not Required,Not Required,Not Required,Required,Not Required,Not Required,Not Required,Not Required,Not Required,Not Required,Not Required,"['Spreadsheet software', 'Text editor']","['Text', 'Data']",management_occupations,False
144,144,145.0,145,"Task ID: 38

Your assignment is to determine if (1) the task can be performed remotely, (2) it is possible to design a meaningful, **practical** exam for this task and (3) whether such an exam can be evaluated using fact-based scoring. Further, you should identify the required tools and materials that exam takers need to use.

**Definitions:**
- **Remote feasibility**: A task can be performed remotely if it doesn't require a person to be at a specific place or interact with humans face-to-face.

- **Tools:** Software or applications (e.g. coding & development tools, text editor, presentation software, image generator), that are **absolutely** critical for an exam taker to complete any practically relevant and meaningful exam for this task. 

- **Materials:** Digital content (e.g., data files, text, images, audio files) that form part of the test content.

- **Fact based scoring:** Whether the exam can be evaluated using a predefined answer key (objective scoring) or requires subjective assessment, such as evaluating the quality of written responses or creative work.

- **Practical exam:** A practical exam is a an exam actually testing whether the described task can be performed successfully. An exam testing the knowledge about the task is NOT a practical exam.

- **Virtual lab:** A virtual lab is an interactive digital environment that simulates real-world settings, allowing users to perform tasks, collaborate with others, and test scenarios remotely.

- **Images:** Such as product images, photographs, maps, graphs and plots, etc.

- **Specialized software:** Specialized software refers to computer programs designed for specific industry tasks or technical functions, such as Simulink for system modeling, CAD for 3D design or SAP for enterprise resource planning. This category should be used if there is no way to solve the exam using combinations of the other tools and software listed under tools, but some more specialized software is required.

- **Specialized files:** Specialized files refers to files that cannot be parsed into text, data, images, audio or video but are also not part of a virtual lab. This category should be used if there is no way to provide the necessary exam materials using a combination of the other materials listed.

**Instructions:**
1. **Remote Feasibility:**  
   Evaluate whether Prepare and maintain production reports or personnel records. can be performed online/remotely or if it requires in-person presence.
   - **If in-person required:** Output `""can_be_performed_remotely"": false` and set all other fields (tools and materials) to `""NA""`.
   - **If remote:** Output `""can_be_performed_remotely"": true` and continue with the evaluation.

2. **Materials Required:**  
   For each material type, determine if it is necessary to provide materials of this type as part of an exam to evaluate Industrial Production Managers's ability to perform the task (Prepare and maintain production reports or personnel records.). 
   Options are: ""Required""or ""Not required"" 
   The materials include:
   - ""Text""
   - ""Data""
   - ""Images""
   - ""Audio files""
   - ""Video files""
   - ""Virtual labs""
   - ""Specialized files""


3. **Tools Required:**  
   For each tool, assess whether it is needed to complete an exam that evaluates whether an individual can do Prepare and maintain production reports or personnel records..
  Options are: ""Required"" or ""Not Required"". 
  The tools include:
   - ""Spreadsheet software""
   - ""Code execution environment""
   - ""Text editor""
   - ""Image viewer""
   - ""Image generator""
   - ""Presentation software""
   - ""Online search engine""
   - ""Video conferencing""
   - ""Chat interfaces""
   - ""Email client""
   - ""Internet access""
   - ""Specialized software""


4. **Feasibility of a practical exam:**
    Evaluate whether the task can meaningfully be tested in a practical, remote exam.
    - If you think this is possible, answer True,
    - Otherwise answer False

5. **Chain-of-Thought Reasoning:**  
   Optionally, include a brief chain-of-thought explanation (no more than 150 words) for your evaluations in a field called `""chain_of_thought""`.

**Output Requirement:**  
Return a JSON object strictly adhering to the provided structure, without any extra commentary outside of the JSON fields.

**Expected JSON Structure:**
{
  ""task_id"": ""38"",
  ""occupation"": ""Industrial Production Managers"",
  ""task_description"": ""Prepare and maintain production reports or personnel records."",
  ""can_be_performed_remotely"": true/false,
   ""feasibility_practical"": true/false,




  ""materials"": {
    ""Text"": ""Not Required/Required/NA"",
    ""Data"": ""Not Required/Required/NA"",
    ""Images"": ""Not Required/Required/NA"",
    ""Audio files"": ""Not Required/Required/NA"",
    ""Video files"": ""Not Required/Required/NA"",
    ""Virtual labs"": ""Not Required/Required/NA"",
    ""Specialized files"":""Not Required/Required/NA"",
  },

   ""tools"": {
   ""Spreadsheet software"": ""Not Required/Required/NA"",
   ""Code execution environment"": ""Not Required/Required/NA"",
   ""Image viewer"": ""Not Required/Required/NA"",
   ""Image generator"": ""Not Required/Required/NA"",
   ""Text editor"": ""Not Required/Required/NA"",
   ""Presentation software"": ""Not Required/Required/NA"",
   ""Online search engine"": ""Not Required/Required/NA"",
   ""Video conferencing"": ""Not Required/Required/NA"",
   ""Chat interfaces"": ""Not Required/Required/NA"",
   ""Email client"": ""Not Required/Required/NA"",
   ""Internet access"": ""Not Required/Required/NA"",
   ""Specialized software:""""Not Required/Required/NA"",
  },
  ""chain_of_thought"": ""Brief explanation (no more than 150 words).""
}",38.0,Industrial Production Managers,Prepare and maintain production reports or personnel records.,True,True,"Preparing and maintaining production reports and personnel records is primarily a documentation task that can be performed remotely using standard office software. A practical exam can provide sample production data and employee information, requiring candidates to create accurate reports, update personnel records, and demonstrate proper documentation practices. This can be evaluated objectively by checking if reports contain required elements, calculations are accurate, and records are properly maintained. Spreadsheet software and text editors are essential tools for this task.",Required,Required,Not Required,Not Required,Not Required,Not Required,Not Required,Required,Not Required,Not Required,Not Required,Required,Not Required,Not Required,Not Required,Not Required,Not Required,Not Required,Not Required,"['Spreadsheet software', 'Text editor']","['Text', 'Data']",management_occupations,False
169,169,170.0,170,"Task ID: 15408

Your assignment is to determine if (1) the task can be performed remotely, (2) it is possible to design a meaningful, **practical** exam for this task and (3) whether such an exam can be evaluated using fact-based scoring. Further, you should identify the required tools and materials that exam takers need to use.

**Definitions:**
- **Remote feasibility**: A task can be performed remotely if it doesn't require a person to be at a specific place or interact with humans face-to-face.

- **Tools:** Software or applications (e.g. coding & development tools, text editor, presentation software, image generator), that are **absolutely** critical for an exam taker to complete any practically relevant and meaningful exam for this task. 

- **Materials:** Digital content (e.g., data files, text, images, audio files) that form part of the test content.

- **Fact based scoring:** Whether the exam can be evaluated using a predefined answer key (objective scoring) or requires subjective assessment, such as evaluating the quality of written responses or creative work.

- **Practical exam:** A practical exam is a an exam actually testing whether the described task can be performed successfully. An exam testing the knowledge about the task is NOT a practical exam.

- **Virtual lab:** A virtual lab is an interactive digital environment that simulates real-world settings, allowing users to perform tasks, collaborate with others, and test scenarios remotely.

- **Images:** Such as product images, photographs, maps, graphs and plots, etc.

- **Specialized software:** Specialized software refers to computer programs designed for specific industry tasks or technical functions, such as Simulink for system modeling, CAD for 3D design or SAP for enterprise resource planning. This category should be used if there is no way to solve the exam using combinations of the other tools and software listed under tools, but some more specialized software is required.

- **Specialized files:** Specialized files refers to files that cannot be parsed into text, data, images, audio or video but are also not part of a virtual lab. This category should be used if there is no way to provide the necessary exam materials using a combination of the other materials listed.

**Instructions:**
1. **Remote Feasibility:**  
   Evaluate whether Generate and maintain quality control operating budgets. can be performed online/remotely or if it requires in-person presence.
   - **If in-person required:** Output `""can_be_performed_remotely"": false` and set all other fields (tools and materials) to `""NA""`.
   - **If remote:** Output `""can_be_performed_remotely"": true` and continue with the evaluation.

2. **Materials Required:**  
   For each material type, determine if it is necessary to provide materials of this type as part of an exam to evaluate Quality Control Systems Managers's ability to perform the task (Generate and maintain quality control operating budgets.). 
   Options are: ""Required""or ""Not required"" 
   The materials include:
   - ""Text""
   - ""Data""
   - ""Images""
   - ""Audio files""
   - ""Video files""
   - ""Virtual labs""
   - ""Specialized files""


3. **Tools Required:**  
   For each tool, assess whether it is needed to complete an exam that evaluates whether an individual can do Generate and maintain quality control operating budgets..
  Options are: ""Required"" or ""Not Required"". 
  The tools include:
   - ""Spreadsheet software""
   - ""Code execution environment""
   - ""Text editor""
   - ""Image viewer""
   - ""Image generator""
   - ""Presentation software""
   - ""Online search engine""
   - ""Video conferencing""
   - ""Chat interfaces""
   - ""Email client""
   - ""Internet access""
   - ""Specialized software""


4. **Feasibility of a practical exam:**
    Evaluate whether the task can meaningfully be tested in a practical, remote exam.
    - If you think this is possible, answer True,
    - Otherwise answer False

5. **Chain-of-Thought Reasoning:**  
   Optionally, include a brief chain-of-thought explanation (no more than 150 words) for your evaluations in a field called `""chain_of_thought""`.

**Output Requirement:**  
Return a JSON object strictly adhering to the provided structure, without any extra commentary outside of the JSON fields.

**Expected JSON Structure:**
{
  ""task_id"": ""15408"",
  ""occupation"": ""Quality Control Systems Managers"",
  ""task_description"": ""Generate and maintain quality control operating budgets."",
  ""can_be_performed_remotely"": true/false,
   ""feasibility_practical"": true/false,




  ""materials"": {
    ""Text"": ""Not Required/Required/NA"",
    ""Data"": ""Not Required/Required/NA"",
    ""Images"": ""Not Required/Required/NA"",
    ""Audio files"": ""Not Required/Required/NA"",
    ""Video files"": ""Not Required/Required/NA"",
    ""Virtual labs"": ""Not Required/Required/NA"",
    ""Specialized files"":""Not Required/Required/NA"",
  },

   ""tools"": {
   ""Spreadsheet software"": ""Not Required/Required/NA"",
   ""Code execution environment"": ""Not Required/Required/NA"",
   ""Image viewer"": ""Not Required/Required/NA"",
   ""Image generator"": ""Not Required/Required/NA"",
   ""Text editor"": ""Not Required/Required/NA"",
   ""Presentation software"": ""Not Required/Required/NA"",
   ""Online search engine"": ""Not Required/Required/NA"",
   ""Video conferencing"": ""Not Required/Required/NA"",
   ""Chat interfaces"": ""Not Required/Required/NA"",
   ""Email client"": ""Not Required/Required/NA"",
   ""Internet access"": ""Not Required/Required/NA"",
   ""Specialized software:""""Not Required/Required/NA"",
  },
  ""chain_of_thought"": ""Brief explanation (no more than 150 words).""
}",15408.0,Quality Control Systems Managers,Generate and maintain quality control operating budgets.,True,True,"Generating and maintaining quality control operating budgets is primarily a financial planning task that can be performed remotely. A practical exam would involve providing candidates with text descriptions of quality control scenarios, historical budget data, and requiring them to create and justify a budget using spreadsheet software. The exam can be objectively scored by evaluating if the budget includes all required elements (personnel costs, equipment, testing materials, etc.), follows accounting principles, and includes appropriate justifications. This is a task that relies on financial analysis rather than physical presence.",Required,Required,Not Required,Not Required,Not Required,Not Required,Not Required,Required,Not Required,Not Required,Not Required,Required,Not Required,Not Required,Not Required,Not Required,Not Required,Not Required,Not Required,"['Spreadsheet software', 'Text editor']","['Text', 'Data']",management_occupations,False
191,191,192.0,192,"Task ID: 15473

Your assignment is to determine if (1) the task can be performed remotely, (2) it is possible to design a meaningful, **practical** exam for this task and (3) whether such an exam can be evaluated using fact-based scoring. Further, you should identify the required tools and materials that exam takers need to use.

**Definitions:**
- **Remote feasibility**: A task can be performed remotely if it doesn't require a person to be at a specific place or interact with humans face-to-face.

- **Tools:** Software or applications (e.g. coding & development tools, text editor, presentation software, image generator), that are **absolutely** critical for an exam taker to complete any practically relevant and meaningful exam for this task. 

- **Materials:** Digital content (e.g., data files, text, images, audio files) that form part of the test content.

- **Fact based scoring:** Whether the exam can be evaluated using a predefined answer key (objective scoring) or requires subjective assessment, such as evaluating the quality of written responses or creative work.

- **Practical exam:** A practical exam is a an exam actually testing whether the described task can be performed successfully. An exam testing the knowledge about the task is NOT a practical exam.

- **Virtual lab:** A virtual lab is an interactive digital environment that simulates real-world settings, allowing users to perform tasks, collaborate with others, and test scenarios remotely.

- **Images:** Such as product images, photographs, maps, graphs and plots, etc.

- **Specialized software:** Specialized software refers to computer programs designed for specific industry tasks or technical functions, such as Simulink for system modeling, CAD for 3D design or SAP for enterprise resource planning. This category should be used if there is no way to solve the exam using combinations of the other tools and software listed under tools, but some more specialized software is required.

- **Specialized files:** Specialized files refers to files that cannot be parsed into text, data, images, audio or video but are also not part of a virtual lab. This category should be used if there is no way to provide the necessary exam materials using a combination of the other materials listed.

**Instructions:**
1. **Remote Feasibility:**  
   Evaluate whether Prepare and manage biomass plant budgets. can be performed online/remotely or if it requires in-person presence.
   - **If in-person required:** Output `""can_be_performed_remotely"": false` and set all other fields (tools and materials) to `""NA""`.
   - **If remote:** Output `""can_be_performed_remotely"": true` and continue with the evaluation.

2. **Materials Required:**  
   For each material type, determine if it is necessary to provide materials of this type as part of an exam to evaluate Biomass Power Plant Managers's ability to perform the task (Prepare and manage biomass plant budgets.). 
   Options are: ""Required""or ""Not required"" 
   The materials include:
   - ""Text""
   - ""Data""
   - ""Images""
   - ""Audio files""
   - ""Video files""
   - ""Virtual labs""
   - ""Specialized files""


3. **Tools Required:**  
   For each tool, assess whether it is needed to complete an exam that evaluates whether an individual can do Prepare and manage biomass plant budgets..
  Options are: ""Required"" or ""Not Required"". 
  The tools include:
   - ""Spreadsheet software""
   - ""Code execution environment""
   - ""Text editor""
   - ""Image viewer""
   - ""Image generator""
   - ""Presentation software""
   - ""Online search engine""
   - ""Video conferencing""
   - ""Chat interfaces""
   - ""Email client""
   - ""Internet access""
   - ""Specialized software""


4. **Feasibility of a practical exam:**
    Evaluate whether the task can meaningfully be tested in a practical, remote exam.
    - If you think this is possible, answer True,
    - Otherwise answer False

5. **Chain-of-Thought Reasoning:**  
   Optionally, include a brief chain-of-thought explanation (no more than 150 words) for your evaluations in a field called `""chain_of_thought""`.

**Output Requirement:**  
Return a JSON object strictly adhering to the provided structure, without any extra commentary outside of the JSON fields.

**Expected JSON Structure:**
{
  ""task_id"": ""15473"",
  ""occupation"": ""Biomass Power Plant Managers"",
  ""task_description"": ""Prepare and manage biomass plant budgets."",
  ""can_be_performed_remotely"": true/false,
   ""feasibility_practical"": true/false,




  ""materials"": {
    ""Text"": ""Not Required/Required/NA"",
    ""Data"": ""Not Required/Required/NA"",
    ""Images"": ""Not Required/Required/NA"",
    ""Audio files"": ""Not Required/Required/NA"",
    ""Video files"": ""Not Required/Required/NA"",
    ""Virtual labs"": ""Not Required/Required/NA"",
    ""Specialized files"":""Not Required/Required/NA"",
  },

   ""tools"": {
   ""Spreadsheet software"": ""Not Required/Required/NA"",
   ""Code execution environment"": ""Not Required/Required/NA"",
   ""Image viewer"": ""Not Required/Required/NA"",
   ""Image generator"": ""Not Required/Required/NA"",
   ""Text editor"": ""Not Required/Required/NA"",
   ""Presentation software"": ""Not Required/Required/NA"",
   ""Online search engine"": ""Not Required/Required/NA"",
   ""Video conferencing"": ""Not Required/Required/NA"",
   ""Chat interfaces"": ""Not Required/Required/NA"",
   ""Email client"": ""Not Required/Required/NA"",
   ""Internet access"": ""Not Required/Required/NA"",
   ""Specialized software:""""Not Required/Required/NA"",
  },
  ""chain_of_thought"": ""Brief explanation (no more than 150 words).""
}",15473.0,Biomass Power Plant Managers,Prepare and manage biomass plant budgets.,True,True,"Budget preparation and management is primarily a financial planning task that can be performed remotely using standard office tools. A practical exam would involve providing candidates with relevant data (operational costs, fuel prices, maintenance schedules, etc.) and asking them to create a comprehensive budget. Spreadsheet software is essential for calculations and financial modeling, while a text editor would be needed for budget narratives and explanations. The exam can be objectively scored by evaluating if calculations are correct, if all required budget components are included, and if financial projections follow industry standards.",Required,Required,Not Required,Not Required,Not Required,Not Required,Not Required,Required,Not Required,Not Required,Not Required,Required,Not Required,Not Required,Not Required,Not Required,Not Required,Not Required,Not Required,"['Spreadsheet software', 'Text editor']","['Text', 'Data']",management_occupations,False
206,206,207.0,207,"Task ID: 1027

Your assignment is to determine if (1) the task can be performed remotely, (2) it is possible to design a meaningful, **practical** exam for this task and (3) whether such an exam can be evaluated using fact-based scoring. Further, you should identify the required tools and materials that exam takers need to use.

**Definitions:**
- **Remote feasibility**: A task can be performed remotely if it doesn't require a person to be at a specific place or interact with humans face-to-face.

- **Tools:** Software or applications (e.g. coding & development tools, text editor, presentation software, image generator), that are **absolutely** critical for an exam taker to complete any practically relevant and meaningful exam for this task. 

- **Materials:** Digital content (e.g., data files, text, images, audio files) that form part of the test content.

- **Fact based scoring:** Whether the exam can be evaluated using a predefined answer key (objective scoring) or requires subjective assessment, such as evaluating the quality of written responses or creative work.

- **Practical exam:** A practical exam is a an exam actually testing whether the described task can be performed successfully. An exam testing the knowledge about the task is NOT a practical exam.

- **Virtual lab:** A virtual lab is an interactive digital environment that simulates real-world settings, allowing users to perform tasks, collaborate with others, and test scenarios remotely.

- **Images:** Such as product images, photographs, maps, graphs and plots, etc.

- **Specialized software:** Specialized software refers to computer programs designed for specific industry tasks or technical functions, such as Simulink for system modeling, CAD for 3D design or SAP for enterprise resource planning. This category should be used if there is no way to solve the exam using combinations of the other tools and software listed under tools, but some more specialized software is required.

- **Specialized files:** Specialized files refers to files that cannot be parsed into text, data, images, audio or video but are also not part of a virtual lab. This category should be used if there is no way to provide the necessary exam materials using a combination of the other materials listed.

**Instructions:**
1. **Remote Feasibility:**  
   Evaluate whether Develop and implement purchasing and contract management instructions, policies, and procedures. can be performed online/remotely or if it requires in-person presence.
   - **If in-person required:** Output `""can_be_performed_remotely"": false` and set all other fields (tools and materials) to `""NA""`.
   - **If remote:** Output `""can_be_performed_remotely"": true` and continue with the evaluation.

2. **Materials Required:**  
   For each material type, determine if it is necessary to provide materials of this type as part of an exam to evaluate Purchasing Managers's ability to perform the task (Develop and implement purchasing and contract management instructions, policies, and procedures.). 
   Options are: ""Required""or ""Not required"" 
   The materials include:
   - ""Text""
   - ""Data""
   - ""Images""
   - ""Audio files""
   - ""Video files""
   - ""Virtual labs""
   - ""Specialized files""


3. **Tools Required:**  
   For each tool, assess whether it is needed to complete an exam that evaluates whether an individual can do Develop and implement purchasing and contract management instructions, policies, and procedures..
  Options are: ""Required"" or ""Not Required"". 
  The tools include:
   - ""Spreadsheet software""
   - ""Code execution environment""
   - ""Text editor""
   - ""Image viewer""
   - ""Image generator""
   - ""Presentation software""
   - ""Online search engine""
   - ""Video conferencing""
   - ""Chat interfaces""
   - ""Email client""
   - ""Internet access""
   - ""Specialized software""


4. **Feasibility of a practical exam:**
    Evaluate whether the task can meaningfully be tested in a practical, remote exam.
    - If you think this is possible, answer True,
    - Otherwise answer False

5. **Chain-of-Thought Reasoning:**  
   Optionally, include a brief chain-of-thought explanation (no more than 150 words) for your evaluations in a field called `""chain_of_thought""`.

**Output Requirement:**  
Return a JSON object strictly adhering to the provided structure, without any extra commentary outside of the JSON fields.

**Expected JSON Structure:**
{
  ""task_id"": ""1027"",
  ""occupation"": ""Purchasing Managers"",
  ""task_description"": ""Develop and implement purchasing and contract management instructions, policies, and procedures."",
  ""can_be_performed_remotely"": true/false,
   ""feasibility_practical"": true/false,




  ""materials"": {
    ""Text"": ""Not Required/Required/NA"",
    ""Data"": ""Not Required/Required/NA"",
    ""Images"": ""Not Required/Required/NA"",
    ""Audio files"": ""Not Required/Required/NA"",
    ""Video files"": ""Not Required/Required/NA"",
    ""Virtual labs"": ""Not Required/Required/NA"",
    ""Specialized files"":""Not Required/Required/NA"",
  },

   ""tools"": {
   ""Spreadsheet software"": ""Not Required/Required/NA"",
   ""Code execution environment"": ""Not Required/Required/NA"",
   ""Image viewer"": ""Not Required/Required/NA"",
   ""Image generator"": ""Not Required/Required/NA"",
   ""Text editor"": ""Not Required/Required/NA"",
   ""Presentation software"": ""Not Required/Required/NA"",
   ""Online search engine"": ""Not Required/Required/NA"",
   ""Video conferencing"": ""Not Required/Required/NA"",
   ""Chat interfaces"": ""Not Required/Required/NA"",
   ""Email client"": ""Not Required/Required/NA"",
   ""Internet access"": ""Not Required/Required/NA"",
   ""Specialized software:""""Not Required/Required/NA"",
  },
  ""chain_of_thought"": ""Brief explanation (no more than 150 words).""
}",1027.0,Purchasing Managers,"Develop and implement purchasing and contract management instructions, policies, and procedures.",True,True,"Developing purchasing policies and procedures can be performed remotely as it involves document creation and analysis. A practical exam could present a case study requiring candidates to develop appropriate policies based on organizational needs. Text materials (sample policies, requirements) and data (procurement statistics, vendor information) would be necessary. A text editor is essential for drafting policies, while spreadsheet software would be needed for analyzing cost data and creating procurement templates. The exam can be objectively scored against a rubric evaluating policy completeness, compliance with regulations, and practical implementation steps.",Required,Required,Not Required,Not Required,Not Required,Not Required,Not Required,Required,Not Required,Not Required,Not Required,Required,Not Required,Not Required,Not Required,Not Required,Not Required,Not Required,Not Required,"['Spreadsheet software', 'Text editor']","['Text', 'Data']",management_occupations,False
207,207,208.0,208,"Task ID: 1020

Your assignment is to determine if (1) the task can be performed remotely, (2) it is possible to design a meaningful, **practical** exam for this task and (3) whether such an exam can be evaluated using fact-based scoring. Further, you should identify the required tools and materials that exam takers need to use.

**Definitions:**
- **Remote feasibility**: A task can be performed remotely if it doesn't require a person to be at a specific place or interact with humans face-to-face.

- **Tools:** Software or applications (e.g. coding & development tools, text editor, presentation software, image generator), that are **absolutely** critical for an exam taker to complete any practically relevant and meaningful exam for this task. 

- **Materials:** Digital content (e.g., data files, text, images, audio files) that form part of the test content.

- **Fact based scoring:** Whether the exam can be evaluated using a predefined answer key (objective scoring) or requires subjective assessment, such as evaluating the quality of written responses or creative work.

- **Practical exam:** A practical exam is a an exam actually testing whether the described task can be performed successfully. An exam testing the knowledge about the task is NOT a practical exam.

- **Virtual lab:** A virtual lab is an interactive digital environment that simulates real-world settings, allowing users to perform tasks, collaborate with others, and test scenarios remotely.

- **Images:** Such as product images, photographs, maps, graphs and plots, etc.

- **Specialized software:** Specialized software refers to computer programs designed for specific industry tasks or technical functions, such as Simulink for system modeling, CAD for 3D design or SAP for enterprise resource planning. This category should be used if there is no way to solve the exam using combinations of the other tools and software listed under tools, but some more specialized software is required.

- **Specialized files:** Specialized files refers to files that cannot be parsed into text, data, images, audio or video but are also not part of a virtual lab. This category should be used if there is no way to provide the necessary exam materials using a combination of the other materials listed.

**Instructions:**
1. **Remote Feasibility:**  
   Evaluate whether Maintain records of goods ordered and received. can be performed online/remotely or if it requires in-person presence.
   - **If in-person required:** Output `""can_be_performed_remotely"": false` and set all other fields (tools and materials) to `""NA""`.
   - **If remote:** Output `""can_be_performed_remotely"": true` and continue with the evaluation.

2. **Materials Required:**  
   For each material type, determine if it is necessary to provide materials of this type as part of an exam to evaluate Purchasing Managers's ability to perform the task (Maintain records of goods ordered and received.). 
   Options are: ""Required""or ""Not required"" 
   The materials include:
   - ""Text""
   - ""Data""
   - ""Images""
   - ""Audio files""
   - ""Video files""
   - ""Virtual labs""
   - ""Specialized files""


3. **Tools Required:**  
   For each tool, assess whether it is needed to complete an exam that evaluates whether an individual can do Maintain records of goods ordered and received..
  Options are: ""Required"" or ""Not Required"". 
  The tools include:
   - ""Spreadsheet software""
   - ""Code execution environment""
   - ""Text editor""
   - ""Image viewer""
   - ""Image generator""
   - ""Presentation software""
   - ""Online search engine""
   - ""Video conferencing""
   - ""Chat interfaces""
   - ""Email client""
   - ""Internet access""
   - ""Specialized software""


4. **Feasibility of a practical exam:**
    Evaluate whether the task can meaningfully be tested in a practical, remote exam.
    - If you think this is possible, answer True,
    - Otherwise answer False

5. **Chain-of-Thought Reasoning:**  
   Optionally, include a brief chain-of-thought explanation (no more than 150 words) for your evaluations in a field called `""chain_of_thought""`.

**Output Requirement:**  
Return a JSON object strictly adhering to the provided structure, without any extra commentary outside of the JSON fields.

**Expected JSON Structure:**
{
  ""task_id"": ""1020"",
  ""occupation"": ""Purchasing Managers"",
  ""task_description"": ""Maintain records of goods ordered and received."",
  ""can_be_performed_remotely"": true/false,
   ""feasibility_practical"": true/false,




  ""materials"": {
    ""Text"": ""Not Required/Required/NA"",
    ""Data"": ""Not Required/Required/NA"",
    ""Images"": ""Not Required/Required/NA"",
    ""Audio files"": ""Not Required/Required/NA"",
    ""Video files"": ""Not Required/Required/NA"",
    ""Virtual labs"": ""Not Required/Required/NA"",
    ""Specialized files"":""Not Required/Required/NA"",
  },

   ""tools"": {
   ""Spreadsheet software"": ""Not Required/Required/NA"",
   ""Code execution environment"": ""Not Required/Required/NA"",
   ""Image viewer"": ""Not Required/Required/NA"",
   ""Image generator"": ""Not Required/Required/NA"",
   ""Text editor"": ""Not Required/Required/NA"",
   ""Presentation software"": ""Not Required/Required/NA"",
   ""Online search engine"": ""Not Required/Required/NA"",
   ""Video conferencing"": ""Not Required/Required/NA"",
   ""Chat interfaces"": ""Not Required/Required/NA"",
   ""Email client"": ""Not Required/Required/NA"",
   ""Internet access"": ""Not Required/Required/NA"",
   ""Specialized software:""""Not Required/Required/NA"",
  },
  ""chain_of_thought"": ""Brief explanation (no more than 150 words).""
}",1020.0,Purchasing Managers,Maintain records of goods ordered and received.,True,True,"Maintaining records of goods ordered and received is a task that can be performed remotely as it primarily involves digital record-keeping. A practical exam would provide purchase orders, delivery notes, and inventory data that the candidate must accurately record and reconcile. Spreadsheet software is essential for creating and maintaining these records, while a text editor would be needed for documentation. The exam can be objectively scored by checking if records are complete, accurate, and properly organized according to standard practices.",Required,Required,Not Required,Not Required,Not Required,Not Required,Not Required,Required,Not Required,Not Required,Not Required,Required,Not Required,Not Required,Not Required,Not Required,Not Required,Not Required,Not Required,"['Spreadsheet software', 'Text editor']","['Text', 'Data']",management_occupations,False
211,211,212.0,212,"Task ID: 1023

Your assignment is to determine if (1) the task can be performed remotely, (2) it is possible to design a meaningful, **practical** exam for this task and (3) whether such an exam can be evaluated using fact-based scoring. Further, you should identify the required tools and materials that exam takers need to use.

**Definitions:**
- **Remote feasibility**: A task can be performed remotely if it doesn't require a person to be at a specific place or interact with humans face-to-face.

- **Tools:** Software or applications (e.g. coding & development tools, text editor, presentation software, image generator), that are **absolutely** critical for an exam taker to complete any practically relevant and meaningful exam for this task. 

- **Materials:** Digital content (e.g., data files, text, images, audio files) that form part of the test content.

- **Fact based scoring:** Whether the exam can be evaluated using a predefined answer key (objective scoring) or requires subjective assessment, such as evaluating the quality of written responses or creative work.

- **Practical exam:** A practical exam is a an exam actually testing whether the described task can be performed successfully. An exam testing the knowledge about the task is NOT a practical exam.

- **Virtual lab:** A virtual lab is an interactive digital environment that simulates real-world settings, allowing users to perform tasks, collaborate with others, and test scenarios remotely.

- **Images:** Such as product images, photographs, maps, graphs and plots, etc.

- **Specialized software:** Specialized software refers to computer programs designed for specific industry tasks or technical functions, such as Simulink for system modeling, CAD for 3D design or SAP for enterprise resource planning. This category should be used if there is no way to solve the exam using combinations of the other tools and software listed under tools, but some more specialized software is required.

- **Specialized files:** Specialized files refers to files that cannot be parsed into text, data, images, audio or video but are also not part of a virtual lab. This category should be used if there is no way to provide the necessary exam materials using a combination of the other materials listed.

**Instructions:**
1. **Remote Feasibility:**  
   Evaluate whether Control purchasing department budgets. can be performed online/remotely or if it requires in-person presence.
   - **If in-person required:** Output `""can_be_performed_remotely"": false` and set all other fields (tools and materials) to `""NA""`.
   - **If remote:** Output `""can_be_performed_remotely"": true` and continue with the evaluation.

2. **Materials Required:**  
   For each material type, determine if it is necessary to provide materials of this type as part of an exam to evaluate Purchasing Managers's ability to perform the task (Control purchasing department budgets.). 
   Options are: ""Required""or ""Not required"" 
   The materials include:
   - ""Text""
   - ""Data""
   - ""Images""
   - ""Audio files""
   - ""Video files""
   - ""Virtual labs""
   - ""Specialized files""


3. **Tools Required:**  
   For each tool, assess whether it is needed to complete an exam that evaluates whether an individual can do Control purchasing department budgets..
  Options are: ""Required"" or ""Not Required"". 
  The tools include:
   - ""Spreadsheet software""
   - ""Code execution environment""
   - ""Text editor""
   - ""Image viewer""
   - ""Image generator""
   - ""Presentation software""
   - ""Online search engine""
   - ""Video conferencing""
   - ""Chat interfaces""
   - ""Email client""
   - ""Internet access""
   - ""Specialized software""


4. **Feasibility of a practical exam:**
    Evaluate whether the task can meaningfully be tested in a practical, remote exam.
    - If you think this is possible, answer True,
    - Otherwise answer False

5. **Chain-of-Thought Reasoning:**  
   Optionally, include a brief chain-of-thought explanation (no more than 150 words) for your evaluations in a field called `""chain_of_thought""`.

**Output Requirement:**  
Return a JSON object strictly adhering to the provided structure, without any extra commentary outside of the JSON fields.

**Expected JSON Structure:**
{
  ""task_id"": ""1023"",
  ""occupation"": ""Purchasing Managers"",
  ""task_description"": ""Control purchasing department budgets."",
  ""can_be_performed_remotely"": true/false,
   ""feasibility_practical"": true/false,




  ""materials"": {
    ""Text"": ""Not Required/Required/NA"",
    ""Data"": ""Not Required/Required/NA"",
    ""Images"": ""Not Required/Required/NA"",
    ""Audio files"": ""Not Required/Required/NA"",
    ""Video files"": ""Not Required/Required/NA"",
    ""Virtual labs"": ""Not Required/Required/NA"",
    ""Specialized files"":""Not Required/Required/NA"",
  },

   ""tools"": {
   ""Spreadsheet software"": ""Not Required/Required/NA"",
   ""Code execution environment"": ""Not Required/Required/NA"",
   ""Image viewer"": ""Not Required/Required/NA"",
   ""Image generator"": ""Not Required/Required/NA"",
   ""Text editor"": ""Not Required/Required/NA"",
   ""Presentation software"": ""Not Required/Required/NA"",
   ""Online search engine"": ""Not Required/Required/NA"",
   ""Video conferencing"": ""Not Required/Required/NA"",
   ""Chat interfaces"": ""Not Required/Required/NA"",
   ""Email client"": ""Not Required/Required/NA"",
   ""Internet access"": ""Not Required/Required/NA"",
   ""Specialized software:""""Not Required/Required/NA"",
  },
  ""chain_of_thought"": ""Brief explanation (no more than 150 words).""
}",1023.0,Purchasing Managers,Control purchasing department budgets.,True,True,"Controlling purchasing department budgets is primarily a financial management task that can be performed remotely. A practical exam can include scenarios where candidates must analyze budget data, identify variances, make adjustments, and create budget control reports. This requires spreadsheet software for calculations and budget modeling, and a text editor for creating explanations and recommendations. The exam would need text instructions and numerical data representing budgets, expenditures, and purchasing records. Scoring can be fact-based by evaluating numerical accuracy, proper application of budget control methods, and appropriate decision-making based on the provided scenarios.",Required,Required,Not Required,Not Required,Not Required,Not Required,Not Required,Required,Not Required,Not Required,Not Required,Required,Not Required,Not Required,Not Required,Not Required,Not Required,Not Required,Not Required,"['Spreadsheet software', 'Text editor']","['Text', 'Data']",management_occupations,False
221,221,222.0,222,"Task ID: 1046

Your assignment is to determine if (1) the task can be performed remotely, (2) it is possible to design a meaningful, **practical** exam for this task and (3) whether such an exam can be evaluated using fact-based scoring. Further, you should identify the required tools and materials that exam takers need to use.

**Definitions:**
- **Remote feasibility**: A task can be performed remotely if it doesn't require a person to be at a specific place or interact with humans face-to-face.

- **Tools:** Software or applications (e.g. coding & development tools, text editor, presentation software, image generator), that are **absolutely** critical for an exam taker to complete any practically relevant and meaningful exam for this task. 

- **Materials:** Digital content (e.g., data files, text, images, audio files) that form part of the test content.

- **Fact based scoring:** Whether the exam can be evaluated using a predefined answer key (objective scoring) or requires subjective assessment, such as evaluating the quality of written responses or creative work.

- **Practical exam:** A practical exam is a an exam actually testing whether the described task can be performed successfully. An exam testing the knowledge about the task is NOT a practical exam.

- **Virtual lab:** A virtual lab is an interactive digital environment that simulates real-world settings, allowing users to perform tasks, collaborate with others, and test scenarios remotely.

- **Images:** Such as product images, photographs, maps, graphs and plots, etc.

- **Specialized software:** Specialized software refers to computer programs designed for specific industry tasks or technical functions, such as Simulink for system modeling, CAD for 3D design or SAP for enterprise resource planning. This category should be used if there is no way to solve the exam using combinations of the other tools and software listed under tools, but some more specialized software is required.

- **Specialized files:** Specialized files refers to files that cannot be parsed into text, data, images, audio or video but are also not part of a virtual lab. This category should be used if there is no way to provide the necessary exam materials using a combination of the other materials listed.

**Instructions:**
1. **Remote Feasibility:**  
   Evaluate whether Monitor spending to ensure that expenses are consistent with approved budgets. can be performed online/remotely or if it requires in-person presence.
   - **If in-person required:** Output `""can_be_performed_remotely"": false` and set all other fields (tools and materials) to `""NA""`.
   - **If remote:** Output `""can_be_performed_remotely"": true` and continue with the evaluation.

2. **Materials Required:**  
   For each material type, determine if it is necessary to provide materials of this type as part of an exam to evaluate Transportation Managers's ability to perform the task (Monitor spending to ensure that expenses are consistent with approved budgets.). 
   Options are: ""Required""or ""Not required"" 
   The materials include:
   - ""Text""
   - ""Data""
   - ""Images""
   - ""Audio files""
   - ""Video files""
   - ""Virtual labs""
   - ""Specialized files""


3. **Tools Required:**  
   For each tool, assess whether it is needed to complete an exam that evaluates whether an individual can do Monitor spending to ensure that expenses are consistent with approved budgets..
  Options are: ""Required"" or ""Not Required"". 
  The tools include:
   - ""Spreadsheet software""
   - ""Code execution environment""
   - ""Text editor""
   - ""Image viewer""
   - ""Image generator""
   - ""Presentation software""
   - ""Online search engine""
   - ""Video conferencing""
   - ""Chat interfaces""
   - ""Email client""
   - ""Internet access""
   - ""Specialized software""


4. **Feasibility of a practical exam:**
    Evaluate whether the task can meaningfully be tested in a practical, remote exam.
    - If you think this is possible, answer True,
    - Otherwise answer False

5. **Chain-of-Thought Reasoning:**  
   Optionally, include a brief chain-of-thought explanation (no more than 150 words) for your evaluations in a field called `""chain_of_thought""`.

**Output Requirement:**  
Return a JSON object strictly adhering to the provided structure, without any extra commentary outside of the JSON fields.

**Expected JSON Structure:**
{
  ""task_id"": ""1046"",
  ""occupation"": ""Transportation Managers"",
  ""task_description"": ""Monitor spending to ensure that expenses are consistent with approved budgets."",
  ""can_be_performed_remotely"": true/false,
   ""feasibility_practical"": true/false,




  ""materials"": {
    ""Text"": ""Not Required/Required/NA"",
    ""Data"": ""Not Required/Required/NA"",
    ""Images"": ""Not Required/Required/NA"",
    ""Audio files"": ""Not Required/Required/NA"",
    ""Video files"": ""Not Required/Required/NA"",
    ""Virtual labs"": ""Not Required/Required/NA"",
    ""Specialized files"":""Not Required/Required/NA"",
  },

   ""tools"": {
   ""Spreadsheet software"": ""Not Required/Required/NA"",
   ""Code execution environment"": ""Not Required/Required/NA"",
   ""Image viewer"": ""Not Required/Required/NA"",
   ""Image generator"": ""Not Required/Required/NA"",
   ""Text editor"": ""Not Required/Required/NA"",
   ""Presentation software"": ""Not Required/Required/NA"",
   ""Online search engine"": ""Not Required/Required/NA"",
   ""Video conferencing"": ""Not Required/Required/NA"",
   ""Chat interfaces"": ""Not Required/Required/NA"",
   ""Email client"": ""Not Required/Required/NA"",
   ""Internet access"": ""Not Required/Required/NA"",
   ""Specialized software:""""Not Required/Required/NA"",
  },
  ""chain_of_thought"": ""Brief explanation (no more than 150 words).""
}",1046.0,Transportation Managers,Monitor spending to ensure that expenses are consistent with approved budgets.,True,True,"Monitoring transportation expenses against budgets is primarily a data analysis task that can be performed remotely. A practical exam can provide budget documents and expense reports (as text and data) and ask candidates to identify variances, flag issues, and recommend corrective actions. Spreadsheet software is essential for analyzing financial data and performing calculations. A text editor is needed for writing explanations and recommendations. The exam can be objectively scored based on correct identification of budget discrepancies and appropriate responses to various scenarios.",Required,Required,Not Required,Not Required,Not Required,Not Required,Not Required,Required,Not Required,Not Required,Not Required,Required,Not Required,Not Required,Not Required,Not Required,Not Required,Not Required,Not Required,"['Spreadsheet software', 'Text editor']","['Text', 'Data']",management_occupations,False
232,232,233.0,233,"Task ID: 3304

Your assignment is to determine if (1) the task can be performed remotely, (2) it is possible to design a meaningful, **practical** exam for this task and (3) whether such an exam can be evaluated using fact-based scoring. Further, you should identify the required tools and materials that exam takers need to use.

**Definitions:**
- **Remote feasibility**: A task can be performed remotely if it doesn't require a person to be at a specific place or interact with humans face-to-face.

- **Tools:** Software or applications (e.g. coding & development tools, text editor, presentation software, image generator), that are **absolutely** critical for an exam taker to complete any practically relevant and meaningful exam for this task. 

- **Materials:** Digital content (e.g., data files, text, images, audio files) that form part of the test content.

- **Fact based scoring:** Whether the exam can be evaluated using a predefined answer key (objective scoring) or requires subjective assessment, such as evaluating the quality of written responses or creative work.

- **Practical exam:** A practical exam is a an exam actually testing whether the described task can be performed successfully. An exam testing the knowledge about the task is NOT a practical exam.

- **Virtual lab:** A virtual lab is an interactive digital environment that simulates real-world settings, allowing users to perform tasks, collaborate with others, and test scenarios remotely.

- **Images:** Such as product images, photographs, maps, graphs and plots, etc.

- **Specialized software:** Specialized software refers to computer programs designed for specific industry tasks or technical functions, such as Simulink for system modeling, CAD for 3D design or SAP for enterprise resource planning. This category should be used if there is no way to solve the exam using combinations of the other tools and software listed under tools, but some more specialized software is required.

- **Specialized files:** Specialized files refers to files that cannot be parsed into text, data, images, audio or video but are also not part of a virtual lab. This category should be used if there is no way to provide the necessary exam materials using a combination of the other materials listed.

**Instructions:**
1. **Remote Feasibility:**  
   Evaluate whether Prepare and manage departmental budgets. can be performed online/remotely or if it requires in-person presence.
   - **If in-person required:** Output `""can_be_performed_remotely"": false` and set all other fields (tools and materials) to `""NA""`.
   - **If remote:** Output `""can_be_performed_remotely"": true` and continue with the evaluation.

2. **Materials Required:**  
   For each material type, determine if it is necessary to provide materials of this type as part of an exam to evaluate Storage and Distribution Managers's ability to perform the task (Prepare and manage departmental budgets.). 
   Options are: ""Required""or ""Not required"" 
   The materials include:
   - ""Text""
   - ""Data""
   - ""Images""
   - ""Audio files""
   - ""Video files""
   - ""Virtual labs""
   - ""Specialized files""


3. **Tools Required:**  
   For each tool, assess whether it is needed to complete an exam that evaluates whether an individual can do Prepare and manage departmental budgets..
  Options are: ""Required"" or ""Not Required"". 
  The tools include:
   - ""Spreadsheet software""
   - ""Code execution environment""
   - ""Text editor""
   - ""Image viewer""
   - ""Image generator""
   - ""Presentation software""
   - ""Online search engine""
   - ""Video conferencing""
   - ""Chat interfaces""
   - ""Email client""
   - ""Internet access""
   - ""Specialized software""


4. **Feasibility of a practical exam:**
    Evaluate whether the task can meaningfully be tested in a practical, remote exam.
    - If you think this is possible, answer True,
    - Otherwise answer False

5. **Chain-of-Thought Reasoning:**  
   Optionally, include a brief chain-of-thought explanation (no more than 150 words) for your evaluations in a field called `""chain_of_thought""`.

**Output Requirement:**  
Return a JSON object strictly adhering to the provided structure, without any extra commentary outside of the JSON fields.

**Expected JSON Structure:**
{
  ""task_id"": ""3304"",
  ""occupation"": ""Storage and Distribution Managers"",
  ""task_description"": ""Prepare and manage departmental budgets."",
  ""can_be_performed_remotely"": true/false,
   ""feasibility_practical"": true/false,




  ""materials"": {
    ""Text"": ""Not Required/Required/NA"",
    ""Data"": ""Not Required/Required/NA"",
    ""Images"": ""Not Required/Required/NA"",
    ""Audio files"": ""Not Required/Required/NA"",
    ""Video files"": ""Not Required/Required/NA"",
    ""Virtual labs"": ""Not Required/Required/NA"",
    ""Specialized files"":""Not Required/Required/NA"",
  },

   ""tools"": {
   ""Spreadsheet software"": ""Not Required/Required/NA"",
   ""Code execution environment"": ""Not Required/Required/NA"",
   ""Image viewer"": ""Not Required/Required/NA"",
   ""Image generator"": ""Not Required/Required/NA"",
   ""Text editor"": ""Not Required/Required/NA"",
   ""Presentation software"": ""Not Required/Required/NA"",
   ""Online search engine"": ""Not Required/Required/NA"",
   ""Video conferencing"": ""Not Required/Required/NA"",
   ""Chat interfaces"": ""Not Required/Required/NA"",
   ""Email client"": ""Not Required/Required/NA"",
   ""Internet access"": ""Not Required/Required/NA"",
   ""Specialized software:""""Not Required/Required/NA"",
  },
  ""chain_of_thought"": ""Brief explanation (no more than 150 words).""
}",3304.0,Storage and Distribution Managers,Prepare and manage departmental budgets.,True,True,"Budget preparation and management is primarily a digital task that can be performed remotely. A practical exam can provide financial data, departmental information, and budget templates requiring candidates to create a functional budget, perform variance analysis, and make adjustments. This can be objectively scored by comparing calculations, formulas, and budget decisions against a model answer. Spreadsheet software is essential for calculations and budget modeling, while a text editor would be needed for any written justifications or budget narratives.",Required,Required,Not Required,Not Required,Not Required,Not Required,Not Required,Required,Not Required,Not Required,Not Required,Required,Not Required,Not Required,Not Required,Not Required,Not Required,Not Required,Not Required,"['Spreadsheet software', 'Text editor']","['Text', 'Data']",management_occupations,False
279,279,280.0,280,"Task ID: 3287

Your assignment is to determine if (1) the task can be performed remotely, (2) it is possible to design a meaningful, **practical** exam for this task and (3) whether such an exam can be evaluated using fact-based scoring. Further, you should identify the required tools and materials that exam takers need to use.

**Definitions:**
- **Remote feasibility**: A task can be performed remotely if it doesn't require a person to be at a specific place or interact with humans face-to-face.

- **Tools:** Software or applications (e.g. coding & development tools, text editor, presentation software, image generator), that are **absolutely** critical for an exam taker to complete any practically relevant and meaningful exam for this task. 

- **Materials:** Digital content (e.g., data files, text, images, audio files) that form part of the test content.

- **Fact based scoring:** Whether the exam can be evaluated using a predefined answer key (objective scoring) or requires subjective assessment, such as evaluating the quality of written responses or creative work.

- **Practical exam:** A practical exam is a an exam actually testing whether the described task can be performed successfully. An exam testing the knowledge about the task is NOT a practical exam.

- **Virtual lab:** A virtual lab is an interactive digital environment that simulates real-world settings, allowing users to perform tasks, collaborate with others, and test scenarios remotely.

- **Images:** Such as product images, photographs, maps, graphs and plots, etc.

- **Specialized software:** Specialized software refers to computer programs designed for specific industry tasks or technical functions, such as Simulink for system modeling, CAD for 3D design or SAP for enterprise resource planning. This category should be used if there is no way to solve the exam using combinations of the other tools and software listed under tools, but some more specialized software is required.

- **Specialized files:** Specialized files refers to files that cannot be parsed into text, data, images, audio or video but are also not part of a virtual lab. This category should be used if there is no way to provide the necessary exam materials using a combination of the other materials listed.

**Instructions:**
1. **Remote Feasibility:**  
   Evaluate whether Prepare budgets for personnel operations. can be performed online/remotely or if it requires in-person presence.
   - **If in-person required:** Output `""can_be_performed_remotely"": false` and set all other fields (tools and materials) to `""NA""`.
   - **If remote:** Output `""can_be_performed_remotely"": true` and continue with the evaluation.

2. **Materials Required:**  
   For each material type, determine if it is necessary to provide materials of this type as part of an exam to evaluate Compensation and Benefits Managers's ability to perform the task (Prepare budgets for personnel operations.). 
   Options are: ""Required""or ""Not required"" 
   The materials include:
   - ""Text""
   - ""Data""
   - ""Images""
   - ""Audio files""
   - ""Video files""
   - ""Virtual labs""
   - ""Specialized files""


3. **Tools Required:**  
   For each tool, assess whether it is needed to complete an exam that evaluates whether an individual can do Prepare budgets for personnel operations..
  Options are: ""Required"" or ""Not Required"". 
  The tools include:
   - ""Spreadsheet software""
   - ""Code execution environment""
   - ""Text editor""
   - ""Image viewer""
   - ""Image generator""
   - ""Presentation software""
   - ""Online search engine""
   - ""Video conferencing""
   - ""Chat interfaces""
   - ""Email client""
   - ""Internet access""
   - ""Specialized software""


4. **Feasibility of a practical exam:**
    Evaluate whether the task can meaningfully be tested in a practical, remote exam.
    - If you think this is possible, answer True,
    - Otherwise answer False

5. **Chain-of-Thought Reasoning:**  
   Optionally, include a brief chain-of-thought explanation (no more than 150 words) for your evaluations in a field called `""chain_of_thought""`.

**Output Requirement:**  
Return a JSON object strictly adhering to the provided structure, without any extra commentary outside of the JSON fields.

**Expected JSON Structure:**
{
  ""task_id"": ""3287"",
  ""occupation"": ""Compensation and Benefits Managers"",
  ""task_description"": ""Prepare budgets for personnel operations."",
  ""can_be_performed_remotely"": true/false,
   ""feasibility_practical"": true/false,




  ""materials"": {
    ""Text"": ""Not Required/Required/NA"",
    ""Data"": ""Not Required/Required/NA"",
    ""Images"": ""Not Required/Required/NA"",
    ""Audio files"": ""Not Required/Required/NA"",
    ""Video files"": ""Not Required/Required/NA"",
    ""Virtual labs"": ""Not Required/Required/NA"",
    ""Specialized files"":""Not Required/Required/NA"",
  },

   ""tools"": {
   ""Spreadsheet software"": ""Not Required/Required/NA"",
   ""Code execution environment"": ""Not Required/Required/NA"",
   ""Image viewer"": ""Not Required/Required/NA"",
   ""Image generator"": ""Not Required/Required/NA"",
   ""Text editor"": ""Not Required/Required/NA"",
   ""Presentation software"": ""Not Required/Required/NA"",
   ""Online search engine"": ""Not Required/Required/NA"",
   ""Video conferencing"": ""Not Required/Required/NA"",
   ""Chat interfaces"": ""Not Required/Required/NA"",
   ""Email client"": ""Not Required/Required/NA"",
   ""Internet access"": ""Not Required/Required/NA"",
   ""Specialized software:""""Not Required/Required/NA"",
  },
  ""chain_of_thought"": ""Brief explanation (no more than 150 words).""
}",3287.0,Compensation and Benefits Managers,Prepare budgets for personnel operations.,True,True,"Preparing personnel budgets is primarily a financial planning task that can be performed remotely using spreadsheet software. A practical exam can provide historical compensation data, headcount information, and budget constraints, then ask candidates to create a comprehensive personnel budget. This would require spreadsheet software for calculations and a text editor for explanations. The exam can be objectively scored by evaluating if calculations are correct, if all required budget components are included, and if the budget aligns with provided constraints and requirements.",Required,Required,Not Required,Not Required,Not Required,Not Required,Not Required,Required,Not Required,Not Required,Not Required,Required,Not Required,Not Required,Not Required,Not Required,Not Required,Not Required,Not Required,"['Spreadsheet software', 'Text editor']","['Text', 'Data']",management_occupations,False
284,284,285.0,285,"Task ID: 3277

Your assignment is to determine if (1) the task can be performed remotely, (2) it is possible to design a meaningful, **practical** exam for this task and (3) whether such an exam can be evaluated using fact-based scoring. Further, you should identify the required tools and materials that exam takers need to use.

**Definitions:**
- **Remote feasibility**: A task can be performed remotely if it doesn't require a person to be at a specific place or interact with humans face-to-face.

- **Tools:** Software or applications (e.g. coding & development tools, text editor, presentation software, image generator), that are **absolutely** critical for an exam taker to complete any practically relevant and meaningful exam for this task. 

- **Materials:** Digital content (e.g., data files, text, images, audio files) that form part of the test content.

- **Fact based scoring:** Whether the exam can be evaluated using a predefined answer key (objective scoring) or requires subjective assessment, such as evaluating the quality of written responses or creative work.

- **Practical exam:** A practical exam is a an exam actually testing whether the described task can be performed successfully. An exam testing the knowledge about the task is NOT a practical exam.

- **Virtual lab:** A virtual lab is an interactive digital environment that simulates real-world settings, allowing users to perform tasks, collaborate with others, and test scenarios remotely.

- **Images:** Such as product images, photographs, maps, graphs and plots, etc.

- **Specialized software:** Specialized software refers to computer programs designed for specific industry tasks or technical functions, such as Simulink for system modeling, CAD for 3D design or SAP for enterprise resource planning. This category should be used if there is no way to solve the exam using combinations of the other tools and software listed under tools, but some more specialized software is required.

- **Specialized files:** Specialized files refers to files that cannot be parsed into text, data, images, audio or video but are also not part of a virtual lab. This category should be used if there is no way to provide the necessary exam materials using a combination of the other materials listed.

**Instructions:**
1. **Remote Feasibility:**  
   Evaluate whether Maintain records and compile statistical reports concerning personnel-related data such as hires, transfers, performance appraisals, and absenteeism rates. can be performed online/remotely or if it requires in-person presence.
   - **If in-person required:** Output `""can_be_performed_remotely"": false` and set all other fields (tools and materials) to `""NA""`.
   - **If remote:** Output `""can_be_performed_remotely"": true` and continue with the evaluation.

2. **Materials Required:**  
   For each material type, determine if it is necessary to provide materials of this type as part of an exam to evaluate Compensation and Benefits Managers's ability to perform the task (Maintain records and compile statistical reports concerning personnel-related data such as hires, transfers, performance appraisals, and absenteeism rates.). 
   Options are: ""Required""or ""Not required"" 
   The materials include:
   - ""Text""
   - ""Data""
   - ""Images""
   - ""Audio files""
   - ""Video files""
   - ""Virtual labs""
   - ""Specialized files""


3. **Tools Required:**  
   For each tool, assess whether it is needed to complete an exam that evaluates whether an individual can do Maintain records and compile statistical reports concerning personnel-related data such as hires, transfers, performance appraisals, and absenteeism rates..
  Options are: ""Required"" or ""Not Required"". 
  The tools include:
   - ""Spreadsheet software""
   - ""Code execution environment""
   - ""Text editor""
   - ""Image viewer""
   - ""Image generator""
   - ""Presentation software""
   - ""Online search engine""
   - ""Video conferencing""
   - ""Chat interfaces""
   - ""Email client""
   - ""Internet access""
   - ""Specialized software""


4. **Feasibility of a practical exam:**
    Evaluate whether the task can meaningfully be tested in a practical, remote exam.
    - If you think this is possible, answer True,
    - Otherwise answer False

5. **Chain-of-Thought Reasoning:**  
   Optionally, include a brief chain-of-thought explanation (no more than 150 words) for your evaluations in a field called `""chain_of_thought""`.

**Output Requirement:**  
Return a JSON object strictly adhering to the provided structure, without any extra commentary outside of the JSON fields.

**Expected JSON Structure:**
{
  ""task_id"": ""3277"",
  ""occupation"": ""Compensation and Benefits Managers"",
  ""task_description"": ""Maintain records and compile statistical reports concerning personnel-related data such as hires, transfers, performance appraisals, and absenteeism rates."",
  ""can_be_performed_remotely"": true/false,
   ""feasibility_practical"": true/false,




  ""materials"": {
    ""Text"": ""Not Required/Required/NA"",
    ""Data"": ""Not Required/Required/NA"",
    ""Images"": ""Not Required/Required/NA"",
    ""Audio files"": ""Not Required/Required/NA"",
    ""Video files"": ""Not Required/Required/NA"",
    ""Virtual labs"": ""Not Required/Required/NA"",
    ""Specialized files"":""Not Required/Required/NA"",
  },

   ""tools"": {
   ""Spreadsheet software"": ""Not Required/Required/NA"",
   ""Code execution environment"": ""Not Required/Required/NA"",
   ""Image viewer"": ""Not Required/Required/NA"",
   ""Image generator"": ""Not Required/Required/NA"",
   ""Text editor"": ""Not Required/Required/NA"",
   ""Presentation software"": ""Not Required/Required/NA"",
   ""Online search engine"": ""Not Required/Required/NA"",
   ""Video conferencing"": ""Not Required/Required/NA"",
   ""Chat interfaces"": ""Not Required/Required/NA"",
   ""Email client"": ""Not Required/Required/NA"",
   ""Internet access"": ""Not Required/Required/NA"",
   ""Specialized software:""""Not Required/Required/NA"",
  },
  ""chain_of_thought"": ""Brief explanation (no more than 150 words).""
}",3277.0,Compensation and Benefits Managers,"Maintain records and compile statistical reports concerning personnel-related data such as hires, transfers, performance appraisals, and absenteeism rates.",True,True,"Maintaining personnel records and compiling statistical reports can be performed remotely as it involves digital data processing. A practical exam would provide HR datasets (hiring statistics, performance ratings, absenteeism data) and require candidates to organize, analyze, and create meaningful reports. Spreadsheet software is essential for data analysis and visualization, while a text editor would be needed for report writing. The exam can be objectively scored by evaluating accuracy of calculations, appropriate data organization, and correct statistical interpretations.",Required,Required,Not Required,Not Required,Not Required,Not Required,Not Required,Required,Not Required,Not Required,Not Required,Required,Not Required,Not Required,Not Required,Not Required,Not Required,Not Required,Not Required,"['Spreadsheet software', 'Text editor']","['Text', 'Data']",management_occupations,False
297,297,298.0,298,"Task ID: 1001

Your assignment is to determine if (1) the task can be performed remotely, (2) it is possible to design a meaningful, **practical** exam for this task and (3) whether such an exam can be evaluated using fact-based scoring. Further, you should identify the required tools and materials that exam takers need to use.

**Definitions:**
- **Remote feasibility**: A task can be performed remotely if it doesn't require a person to be at a specific place or interact with humans face-to-face.

- **Tools:** Software or applications (e.g. coding & development tools, text editor, presentation software, image generator), that are **absolutely** critical for an exam taker to complete any practically relevant and meaningful exam for this task. 

- **Materials:** Digital content (e.g., data files, text, images, audio files) that form part of the test content.

- **Fact based scoring:** Whether the exam can be evaluated using a predefined answer key (objective scoring) or requires subjective assessment, such as evaluating the quality of written responses or creative work.

- **Practical exam:** A practical exam is a an exam actually testing whether the described task can be performed successfully. An exam testing the knowledge about the task is NOT a practical exam.

- **Virtual lab:** A virtual lab is an interactive digital environment that simulates real-world settings, allowing users to perform tasks, collaborate with others, and test scenarios remotely.

- **Images:** Such as product images, photographs, maps, graphs and plots, etc.

- **Specialized software:** Specialized software refers to computer programs designed for specific industry tasks or technical functions, such as Simulink for system modeling, CAD for 3D design or SAP for enterprise resource planning. This category should be used if there is no way to solve the exam using combinations of the other tools and software listed under tools, but some more specialized software is required.

- **Specialized files:** Specialized files refers to files that cannot be parsed into text, data, images, audio or video but are also not part of a virtual lab. This category should be used if there is no way to provide the necessary exam materials using a combination of the other materials listed.

**Instructions:**
1. **Remote Feasibility:**  
   Evaluate whether Prepare and follow budgets for personnel operations. can be performed online/remotely or if it requires in-person presence.
   - **If in-person required:** Output `""can_be_performed_remotely"": false` and set all other fields (tools and materials) to `""NA""`.
   - **If remote:** Output `""can_be_performed_remotely"": true` and continue with the evaluation.

2. **Materials Required:**  
   For each material type, determine if it is necessary to provide materials of this type as part of an exam to evaluate Human Resources Managers's ability to perform the task (Prepare and follow budgets for personnel operations.). 
   Options are: ""Required""or ""Not required"" 
   The materials include:
   - ""Text""
   - ""Data""
   - ""Images""
   - ""Audio files""
   - ""Video files""
   - ""Virtual labs""
   - ""Specialized files""


3. **Tools Required:**  
   For each tool, assess whether it is needed to complete an exam that evaluates whether an individual can do Prepare and follow budgets for personnel operations..
  Options are: ""Required"" or ""Not Required"". 
  The tools include:
   - ""Spreadsheet software""
   - ""Code execution environment""
   - ""Text editor""
   - ""Image viewer""
   - ""Image generator""
   - ""Presentation software""
   - ""Online search engine""
   - ""Video conferencing""
   - ""Chat interfaces""
   - ""Email client""
   - ""Internet access""
   - ""Specialized software""


4. **Feasibility of a practical exam:**
    Evaluate whether the task can meaningfully be tested in a practical, remote exam.
    - If you think this is possible, answer True,
    - Otherwise answer False

5. **Chain-of-Thought Reasoning:**  
   Optionally, include a brief chain-of-thought explanation (no more than 150 words) for your evaluations in a field called `""chain_of_thought""`.

**Output Requirement:**  
Return a JSON object strictly adhering to the provided structure, without any extra commentary outside of the JSON fields.

**Expected JSON Structure:**
{
  ""task_id"": ""1001"",
  ""occupation"": ""Human Resources Managers"",
  ""task_description"": ""Prepare and follow budgets for personnel operations."",
  ""can_be_performed_remotely"": true/false,
   ""feasibility_practical"": true/false,




  ""materials"": {
    ""Text"": ""Not Required/Required/NA"",
    ""Data"": ""Not Required/Required/NA"",
    ""Images"": ""Not Required/Required/NA"",
    ""Audio files"": ""Not Required/Required/NA"",
    ""Video files"": ""Not Required/Required/NA"",
    ""Virtual labs"": ""Not Required/Required/NA"",
    ""Specialized files"":""Not Required/Required/NA"",
  },

   ""tools"": {
   ""Spreadsheet software"": ""Not Required/Required/NA"",
   ""Code execution environment"": ""Not Required/Required/NA"",
   ""Image viewer"": ""Not Required/Required/NA"",
   ""Image generator"": ""Not Required/Required/NA"",
   ""Text editor"": ""Not Required/Required/NA"",
   ""Presentation software"": ""Not Required/Required/NA"",
   ""Online search engine"": ""Not Required/Required/NA"",
   ""Video conferencing"": ""Not Required/Required/NA"",
   ""Chat interfaces"": ""Not Required/Required/NA"",
   ""Email client"": ""Not Required/Required/NA"",
   ""Internet access"": ""Not Required/Required/NA"",
   ""Specialized software:""""Not Required/Required/NA"",
  },
  ""chain_of_thought"": ""Brief explanation (no more than 150 words).""
}",1001.0,Human Resources Managers,Prepare and follow budgets for personnel operations.,True,True,"Preparing and following personnel budgets is primarily a financial planning task that can be performed remotely. A practical exam would involve providing candidates with historical personnel data, current staffing information, and organizational goals, then asking them to create a budget, justify allocations, and demonstrate budget monitoring techniques. This requires spreadsheet software for calculations and a text editor for explanations. The exam can be objectively scored based on accuracy of calculations, appropriate allocation of resources, and adherence to constraints.",Required,Required,Not Required,Not Required,Not Required,Not Required,Not Required,Required,Not Required,Not Required,Not Required,Required,Not Required,Not Required,Not Required,Not Required,Not Required,Not Required,Not Required,"['Spreadsheet software', 'Text editor']","['Text', 'Data']",management_occupations,False
298,298,299.0,299,"Task ID: 993

Your assignment is to determine if (1) the task can be performed remotely, (2) it is possible to design a meaningful, **practical** exam for this task and (3) whether such an exam can be evaluated using fact-based scoring. Further, you should identify the required tools and materials that exam takers need to use.

**Definitions:**
- **Remote feasibility**: A task can be performed remotely if it doesn't require a person to be at a specific place or interact with humans face-to-face.

- **Tools:** Software or applications (e.g. coding & development tools, text editor, presentation software, image generator), that are **absolutely** critical for an exam taker to complete any practically relevant and meaningful exam for this task. 

- **Materials:** Digital content (e.g., data files, text, images, audio files) that form part of the test content.

- **Fact based scoring:** Whether the exam can be evaluated using a predefined answer key (objective scoring) or requires subjective assessment, such as evaluating the quality of written responses or creative work.

- **Practical exam:** A practical exam is a an exam actually testing whether the described task can be performed successfully. An exam testing the knowledge about the task is NOT a practical exam.

- **Virtual lab:** A virtual lab is an interactive digital environment that simulates real-world settings, allowing users to perform tasks, collaborate with others, and test scenarios remotely.

- **Images:** Such as product images, photographs, maps, graphs and plots, etc.

- **Specialized software:** Specialized software refers to computer programs designed for specific industry tasks or technical functions, such as Simulink for system modeling, CAD for 3D design or SAP for enterprise resource planning. This category should be used if there is no way to solve the exam using combinations of the other tools and software listed under tools, but some more specialized software is required.

- **Specialized files:** Specialized files refers to files that cannot be parsed into text, data, images, audio or video but are also not part of a virtual lab. This category should be used if there is no way to provide the necessary exam materials using a combination of the other materials listed.

**Instructions:**
1. **Remote Feasibility:**  
   Evaluate whether Maintain records and compile statistical reports concerning personnel-related data such as hires, transfers, performance appraisals, and absenteeism rates. can be performed online/remotely or if it requires in-person presence.
   - **If in-person required:** Output `""can_be_performed_remotely"": false` and set all other fields (tools and materials) to `""NA""`.
   - **If remote:** Output `""can_be_performed_remotely"": true` and continue with the evaluation.

2. **Materials Required:**  
   For each material type, determine if it is necessary to provide materials of this type as part of an exam to evaluate Human Resources Managers's ability to perform the task (Maintain records and compile statistical reports concerning personnel-related data such as hires, transfers, performance appraisals, and absenteeism rates.). 
   Options are: ""Required""or ""Not required"" 
   The materials include:
   - ""Text""
   - ""Data""
   - ""Images""
   - ""Audio files""
   - ""Video files""
   - ""Virtual labs""
   - ""Specialized files""


3. **Tools Required:**  
   For each tool, assess whether it is needed to complete an exam that evaluates whether an individual can do Maintain records and compile statistical reports concerning personnel-related data such as hires, transfers, performance appraisals, and absenteeism rates..
  Options are: ""Required"" or ""Not Required"". 
  The tools include:
   - ""Spreadsheet software""
   - ""Code execution environment""
   - ""Text editor""
   - ""Image viewer""
   - ""Image generator""
   - ""Presentation software""
   - ""Online search engine""
   - ""Video conferencing""
   - ""Chat interfaces""
   - ""Email client""
   - ""Internet access""
   - ""Specialized software""


4. **Feasibility of a practical exam:**
    Evaluate whether the task can meaningfully be tested in a practical, remote exam.
    - If you think this is possible, answer True,
    - Otherwise answer False

5. **Chain-of-Thought Reasoning:**  
   Optionally, include a brief chain-of-thought explanation (no more than 150 words) for your evaluations in a field called `""chain_of_thought""`.

**Output Requirement:**  
Return a JSON object strictly adhering to the provided structure, without any extra commentary outside of the JSON fields.

**Expected JSON Structure:**
{
  ""task_id"": ""993"",
  ""occupation"": ""Human Resources Managers"",
  ""task_description"": ""Maintain records and compile statistical reports concerning personnel-related data such as hires, transfers, performance appraisals, and absenteeism rates."",
  ""can_be_performed_remotely"": true/false,
   ""feasibility_practical"": true/false,




  ""materials"": {
    ""Text"": ""Not Required/Required/NA"",
    ""Data"": ""Not Required/Required/NA"",
    ""Images"": ""Not Required/Required/NA"",
    ""Audio files"": ""Not Required/Required/NA"",
    ""Video files"": ""Not Required/Required/NA"",
    ""Virtual labs"": ""Not Required/Required/NA"",
    ""Specialized files"":""Not Required/Required/NA"",
  },

   ""tools"": {
   ""Spreadsheet software"": ""Not Required/Required/NA"",
   ""Code execution environment"": ""Not Required/Required/NA"",
   ""Image viewer"": ""Not Required/Required/NA"",
   ""Image generator"": ""Not Required/Required/NA"",
   ""Text editor"": ""Not Required/Required/NA"",
   ""Presentation software"": ""Not Required/Required/NA"",
   ""Online search engine"": ""Not Required/Required/NA"",
   ""Video conferencing"": ""Not Required/Required/NA"",
   ""Chat interfaces"": ""Not Required/Required/NA"",
   ""Email client"": ""Not Required/Required/NA"",
   ""Internet access"": ""Not Required/Required/NA"",
   ""Specialized software:""""Not Required/Required/NA"",
  },
  ""chain_of_thought"": ""Brief explanation (no more than 150 words).""
}",993.0,Human Resources Managers,"Maintain records and compile statistical reports concerning personnel-related data such as hires, transfers, performance appraisals, and absenteeism rates.",True,True,"Maintaining HR records and compiling statistical reports is primarily a data management task that can be performed remotely. A practical exam would involve providing sample HR data (employee records, attendance logs, performance ratings) and asking candidates to organize, analyze, and create reports. Spreadsheet software is essential for data analysis and visualization, while a text editor would be needed for report writing. The exam can be objectively scored by evaluating accuracy of calculations, appropriate data organization, and correct interpretation of trends in the reports produced.",Required,Required,Not Required,Not Required,Not Required,Not Required,Not Required,Required,Not Required,Not Required,Not Required,Required,Not Required,Not Required,Not Required,Not Required,Not Required,Not Required,Not Required,"['Spreadsheet software', 'Text editor']","['Text', 'Data']",management_occupations,False
301,301,302.0,302,"Task ID: 1003

Your assignment is to determine if (1) the task can be performed remotely, (2) it is possible to design a meaningful, **practical** exam for this task and (3) whether such an exam can be evaluated using fact-based scoring. Further, you should identify the required tools and materials that exam takers need to use.

**Definitions:**
- **Remote feasibility**: A task can be performed remotely if it doesn't require a person to be at a specific place or interact with humans face-to-face.

- **Tools:** Software or applications (e.g. coding & development tools, text editor, presentation software, image generator), that are **absolutely** critical for an exam taker to complete any practically relevant and meaningful exam for this task. 

- **Materials:** Digital content (e.g., data files, text, images, audio files) that form part of the test content.

- **Fact based scoring:** Whether the exam can be evaluated using a predefined answer key (objective scoring) or requires subjective assessment, such as evaluating the quality of written responses or creative work.

- **Practical exam:** A practical exam is a an exam actually testing whether the described task can be performed successfully. An exam testing the knowledge about the task is NOT a practical exam.

- **Virtual lab:** A virtual lab is an interactive digital environment that simulates real-world settings, allowing users to perform tasks, collaborate with others, and test scenarios remotely.

- **Images:** Such as product images, photographs, maps, graphs and plots, etc.

- **Specialized software:** Specialized software refers to computer programs designed for specific industry tasks or technical functions, such as Simulink for system modeling, CAD for 3D design or SAP for enterprise resource planning. This category should be used if there is no way to solve the exam using combinations of the other tools and software listed under tools, but some more specialized software is required.

- **Specialized files:** Specialized files refers to files that cannot be parsed into text, data, images, audio or video but are also not part of a virtual lab. This category should be used if there is no way to provide the necessary exam materials using a combination of the other materials listed.

**Instructions:**
1. **Remote Feasibility:**  
   Evaluate whether Oversee the evaluation, classification and rating of occupations and job positions. can be performed online/remotely or if it requires in-person presence.
   - **If in-person required:** Output `""can_be_performed_remotely"": false` and set all other fields (tools and materials) to `""NA""`.
   - **If remote:** Output `""can_be_performed_remotely"": true` and continue with the evaluation.

2. **Materials Required:**  
   For each material type, determine if it is necessary to provide materials of this type as part of an exam to evaluate Human Resources Managers's ability to perform the task (Oversee the evaluation, classification and rating of occupations and job positions.). 
   Options are: ""Required""or ""Not required"" 
   The materials include:
   - ""Text""
   - ""Data""
   - ""Images""
   - ""Audio files""
   - ""Video files""
   - ""Virtual labs""
   - ""Specialized files""


3. **Tools Required:**  
   For each tool, assess whether it is needed to complete an exam that evaluates whether an individual can do Oversee the evaluation, classification and rating of occupations and job positions..
  Options are: ""Required"" or ""Not Required"". 
  The tools include:
   - ""Spreadsheet software""
   - ""Code execution environment""
   - ""Text editor""
   - ""Image viewer""
   - ""Image generator""
   - ""Presentation software""
   - ""Online search engine""
   - ""Video conferencing""
   - ""Chat interfaces""
   - ""Email client""
   - ""Internet access""
   - ""Specialized software""


4. **Feasibility of a practical exam:**
    Evaluate whether the task can meaningfully be tested in a practical, remote exam.
    - If you think this is possible, answer True,
    - Otherwise answer False

5. **Chain-of-Thought Reasoning:**  
   Optionally, include a brief chain-of-thought explanation (no more than 150 words) for your evaluations in a field called `""chain_of_thought""`.

**Output Requirement:**  
Return a JSON object strictly adhering to the provided structure, without any extra commentary outside of the JSON fields.

**Expected JSON Structure:**
{
  ""task_id"": ""1003"",
  ""occupation"": ""Human Resources Managers"",
  ""task_description"": ""Oversee the evaluation, classification and rating of occupations and job positions."",
  ""can_be_performed_remotely"": true/false,
   ""feasibility_practical"": true/false,




  ""materials"": {
    ""Text"": ""Not Required/Required/NA"",
    ""Data"": ""Not Required/Required/NA"",
    ""Images"": ""Not Required/Required/NA"",
    ""Audio files"": ""Not Required/Required/NA"",
    ""Video files"": ""Not Required/Required/NA"",
    ""Virtual labs"": ""Not Required/Required/NA"",
    ""Specialized files"":""Not Required/Required/NA"",
  },

   ""tools"": {
   ""Spreadsheet software"": ""Not Required/Required/NA"",
   ""Code execution environment"": ""Not Required/Required/NA"",
   ""Image viewer"": ""Not Required/Required/NA"",
   ""Image generator"": ""Not Required/Required/NA"",
   ""Text editor"": ""Not Required/Required/NA"",
   ""Presentation software"": ""Not Required/Required/NA"",
   ""Online search engine"": ""Not Required/Required/NA"",
   ""Video conferencing"": ""Not Required/Required/NA"",
   ""Chat interfaces"": ""Not Required/Required/NA"",
   ""Email client"": ""Not Required/Required/NA"",
   ""Internet access"": ""Not Required/Required/NA"",
   ""Specialized software:""""Not Required/Required/NA"",
  },
  ""chain_of_thought"": ""Brief explanation (no more than 150 words).""
}",1003.0,Human Resources Managers,"Oversee the evaluation, classification and rating of occupations and job positions.",True,True,"Overseeing job evaluation and classification can be performed remotely as it involves analyzing job descriptions, comparing positions, and applying rating systems. A practical exam can provide candidates with sample job descriptions, organizational data, and ask them to classify positions, establish pay grades, and justify their decisions. This requires text materials (job descriptions, evaluation criteria) and data (compensation benchmarks, organizational structures). Spreadsheet software is needed for analysis and classification matrices, while a text editor is necessary for documenting rationales. The exam can be objectively scored against standard evaluation methodologies and best practices.",Required,Required,Not Required,Not Required,Not Required,Not Required,Not Required,Required,Not Required,Not Required,Not Required,Required,Not Required,Not Required,Not Required,Not Required,Not Required,Not Required,Not Required,"['Spreadsheet software', 'Text editor']","['Text', 'Data']",management_occupations,False
302,302,303.0,303,"Task ID: 1000

Your assignment is to determine if (1) the task can be performed remotely, (2) it is possible to design a meaningful, **practical** exam for this task and (3) whether such an exam can be evaluated using fact-based scoring. Further, you should identify the required tools and materials that exam takers need to use.

**Definitions:**
- **Remote feasibility**: A task can be performed remotely if it doesn't require a person to be at a specific place or interact with humans face-to-face.

- **Tools:** Software or applications (e.g. coding & development tools, text editor, presentation software, image generator), that are **absolutely** critical for an exam taker to complete any practically relevant and meaningful exam for this task. 

- **Materials:** Digital content (e.g., data files, text, images, audio files) that form part of the test content.

- **Fact based scoring:** Whether the exam can be evaluated using a predefined answer key (objective scoring) or requires subjective assessment, such as evaluating the quality of written responses or creative work.

- **Practical exam:** A practical exam is a an exam actually testing whether the described task can be performed successfully. An exam testing the knowledge about the task is NOT a practical exam.

- **Virtual lab:** A virtual lab is an interactive digital environment that simulates real-world settings, allowing users to perform tasks, collaborate with others, and test scenarios remotely.

- **Images:** Such as product images, photographs, maps, graphs and plots, etc.

- **Specialized software:** Specialized software refers to computer programs designed for specific industry tasks or technical functions, such as Simulink for system modeling, CAD for 3D design or SAP for enterprise resource planning. This category should be used if there is no way to solve the exam using combinations of the other tools and software listed under tools, but some more specialized software is required.

- **Specialized files:** Specialized files refers to files that cannot be parsed into text, data, images, audio or video but are also not part of a virtual lab. This category should be used if there is no way to provide the necessary exam materials using a combination of the other materials listed.

**Instructions:**
1. **Remote Feasibility:**  
   Evaluate whether Prepare personnel forecast to project employment needs. can be performed online/remotely or if it requires in-person presence.
   - **If in-person required:** Output `""can_be_performed_remotely"": false` and set all other fields (tools and materials) to `""NA""`.
   - **If remote:** Output `""can_be_performed_remotely"": true` and continue with the evaluation.

2. **Materials Required:**  
   For each material type, determine if it is necessary to provide materials of this type as part of an exam to evaluate Human Resources Managers's ability to perform the task (Prepare personnel forecast to project employment needs.). 
   Options are: ""Required""or ""Not required"" 
   The materials include:
   - ""Text""
   - ""Data""
   - ""Images""
   - ""Audio files""
   - ""Video files""
   - ""Virtual labs""
   - ""Specialized files""


3. **Tools Required:**  
   For each tool, assess whether it is needed to complete an exam that evaluates whether an individual can do Prepare personnel forecast to project employment needs..
  Options are: ""Required"" or ""Not Required"". 
  The tools include:
   - ""Spreadsheet software""
   - ""Code execution environment""
   - ""Text editor""
   - ""Image viewer""
   - ""Image generator""
   - ""Presentation software""
   - ""Online search engine""
   - ""Video conferencing""
   - ""Chat interfaces""
   - ""Email client""
   - ""Internet access""
   - ""Specialized software""


4. **Feasibility of a practical exam:**
    Evaluate whether the task can meaningfully be tested in a practical, remote exam.
    - If you think this is possible, answer True,
    - Otherwise answer False

5. **Chain-of-Thought Reasoning:**  
   Optionally, include a brief chain-of-thought explanation (no more than 150 words) for your evaluations in a field called `""chain_of_thought""`.

**Output Requirement:**  
Return a JSON object strictly adhering to the provided structure, without any extra commentary outside of the JSON fields.

**Expected JSON Structure:**
{
  ""task_id"": ""1000"",
  ""occupation"": ""Human Resources Managers"",
  ""task_description"": ""Prepare personnel forecast to project employment needs."",
  ""can_be_performed_remotely"": true/false,
   ""feasibility_practical"": true/false,




  ""materials"": {
    ""Text"": ""Not Required/Required/NA"",
    ""Data"": ""Not Required/Required/NA"",
    ""Images"": ""Not Required/Required/NA"",
    ""Audio files"": ""Not Required/Required/NA"",
    ""Video files"": ""Not Required/Required/NA"",
    ""Virtual labs"": ""Not Required/Required/NA"",
    ""Specialized files"":""Not Required/Required/NA"",
  },

   ""tools"": {
   ""Spreadsheet software"": ""Not Required/Required/NA"",
   ""Code execution environment"": ""Not Required/Required/NA"",
   ""Image viewer"": ""Not Required/Required/NA"",
   ""Image generator"": ""Not Required/Required/NA"",
   ""Text editor"": ""Not Required/Required/NA"",
   ""Presentation software"": ""Not Required/Required/NA"",
   ""Online search engine"": ""Not Required/Required/NA"",
   ""Video conferencing"": ""Not Required/Required/NA"",
   ""Chat interfaces"": ""Not Required/Required/NA"",
   ""Email client"": ""Not Required/Required/NA"",
   ""Internet access"": ""Not Required/Required/NA"",
   ""Specialized software:""""Not Required/Required/NA"",
  },
  ""chain_of_thought"": ""Brief explanation (no more than 150 words).""
}",1000.0,Human Resources Managers,Prepare personnel forecast to project employment needs.,True,True,"Personnel forecasting is a data-driven task that can be performed remotely. A practical exam would involve providing historical workforce data, business projections, and organizational information, then asking candidates to create a personnel forecast. This requires spreadsheet software for calculations and analysis, plus a text editor for documenting methodology and recommendations. The exam can be objectively scored by evaluating the accuracy of calculations, methodology, and alignment with best practices in workforce planning.",Required,Required,Not Required,Not Required,Not Required,Not Required,Not Required,Required,Not Required,Not Required,Not Required,Required,Not Required,Not Required,Not Required,Not Required,Not Required,Not Required,Not Required,"['Spreadsheet software', 'Text editor']","['Text', 'Data']",management_occupations,False
304,304,305.0,305,"Task ID: 984

Your assignment is to determine if (1) the task can be performed remotely, (2) it is possible to design a meaningful, **practical** exam for this task and (3) whether such an exam can be evaluated using fact-based scoring. Further, you should identify the required tools and materials that exam takers need to use.

**Definitions:**
- **Remote feasibility**: A task can be performed remotely if it doesn't require a person to be at a specific place or interact with humans face-to-face.

- **Tools:** Software or applications (e.g. coding & development tools, text editor, presentation software, image generator), that are **absolutely** critical for an exam taker to complete any practically relevant and meaningful exam for this task. 

- **Materials:** Digital content (e.g., data files, text, images, audio files) that form part of the test content.

- **Fact based scoring:** Whether the exam can be evaluated using a predefined answer key (objective scoring) or requires subjective assessment, such as evaluating the quality of written responses or creative work.

- **Practical exam:** A practical exam is a an exam actually testing whether the described task can be performed successfully. An exam testing the knowledge about the task is NOT a practical exam.

- **Virtual lab:** A virtual lab is an interactive digital environment that simulates real-world settings, allowing users to perform tasks, collaborate with others, and test scenarios remotely.

- **Images:** Such as product images, photographs, maps, graphs and plots, etc.

- **Specialized software:** Specialized software refers to computer programs designed for specific industry tasks or technical functions, such as Simulink for system modeling, CAD for 3D design or SAP for enterprise resource planning. This category should be used if there is no way to solve the exam using combinations of the other tools and software listed under tools, but some more specialized software is required.

- **Specialized files:** Specialized files refers to files that cannot be parsed into text, data, images, audio or video but are also not part of a virtual lab. This category should be used if there is no way to provide the necessary exam materials using a combination of the other materials listed.

**Instructions:**
1. **Remote Feasibility:**  
   Evaluate whether Allocate human resources, ensuring appropriate matches between personnel. can be performed online/remotely or if it requires in-person presence.
   - **If in-person required:** Output `""can_be_performed_remotely"": false` and set all other fields (tools and materials) to `""NA""`.
   - **If remote:** Output `""can_be_performed_remotely"": true` and continue with the evaluation.

2. **Materials Required:**  
   For each material type, determine if it is necessary to provide materials of this type as part of an exam to evaluate Human Resources Managers's ability to perform the task (Allocate human resources, ensuring appropriate matches between personnel.). 
   Options are: ""Required""or ""Not required"" 
   The materials include:
   - ""Text""
   - ""Data""
   - ""Images""
   - ""Audio files""
   - ""Video files""
   - ""Virtual labs""
   - ""Specialized files""


3. **Tools Required:**  
   For each tool, assess whether it is needed to complete an exam that evaluates whether an individual can do Allocate human resources, ensuring appropriate matches between personnel..
  Options are: ""Required"" or ""Not Required"". 
  The tools include:
   - ""Spreadsheet software""
   - ""Code execution environment""
   - ""Text editor""
   - ""Image viewer""
   - ""Image generator""
   - ""Presentation software""
   - ""Online search engine""
   - ""Video conferencing""
   - ""Chat interfaces""
   - ""Email client""
   - ""Internet access""
   - ""Specialized software""


4. **Feasibility of a practical exam:**
    Evaluate whether the task can meaningfully be tested in a practical, remote exam.
    - If you think this is possible, answer True,
    - Otherwise answer False

5. **Chain-of-Thought Reasoning:**  
   Optionally, include a brief chain-of-thought explanation (no more than 150 words) for your evaluations in a field called `""chain_of_thought""`.

**Output Requirement:**  
Return a JSON object strictly adhering to the provided structure, without any extra commentary outside of the JSON fields.

**Expected JSON Structure:**
{
  ""task_id"": ""984"",
  ""occupation"": ""Human Resources Managers"",
  ""task_description"": ""Allocate human resources, ensuring appropriate matches between personnel."",
  ""can_be_performed_remotely"": true/false,
   ""feasibility_practical"": true/false,




  ""materials"": {
    ""Text"": ""Not Required/Required/NA"",
    ""Data"": ""Not Required/Required/NA"",
    ""Images"": ""Not Required/Required/NA"",
    ""Audio files"": ""Not Required/Required/NA"",
    ""Video files"": ""Not Required/Required/NA"",
    ""Virtual labs"": ""Not Required/Required/NA"",
    ""Specialized files"":""Not Required/Required/NA"",
  },

   ""tools"": {
   ""Spreadsheet software"": ""Not Required/Required/NA"",
   ""Code execution environment"": ""Not Required/Required/NA"",
   ""Image viewer"": ""Not Required/Required/NA"",
   ""Image generator"": ""Not Required/Required/NA"",
   ""Text editor"": ""Not Required/Required/NA"",
   ""Presentation software"": ""Not Required/Required/NA"",
   ""Online search engine"": ""Not Required/Required/NA"",
   ""Video conferencing"": ""Not Required/Required/NA"",
   ""Chat interfaces"": ""Not Required/Required/NA"",
   ""Email client"": ""Not Required/Required/NA"",
   ""Internet access"": ""Not Required/Required/NA"",
   ""Specialized software:""""Not Required/Required/NA"",
  },
  ""chain_of_thought"": ""Brief explanation (no more than 150 words).""
}",984.0,Human Resources Managers,"Allocate human resources, ensuring appropriate matches between personnel.",True,True,"Human resource allocation can be performed remotely as it involves analyzing personnel data and making matching decisions. A practical exam can present candidates with realistic scenarios containing employee profiles (skills, experience, preferences) and job requirements. The exam taker would need to allocate personnel optimally using spreadsheet software to organize and analyze the data. Success can be objectively measured by comparing allocations against predetermined optimal matches based on specific criteria like skill alignment, availability, and team balance.",Required,Required,Not Required,Not Required,Not Required,Not Required,Not Required,Required,Not Required,Not Required,Not Required,Required,Not Required,Not Required,Not Required,Not Required,Not Required,Not Required,Not Required,"['Spreadsheet software', 'Text editor']","['Text', 'Data']",management_occupations,False
306,306,307.0,307,"Task ID: 1019

Your assignment is to determine if (1) the task can be performed remotely, (2) it is possible to design a meaningful, **practical** exam for this task and (3) whether such an exam can be evaluated using fact-based scoring. Further, you should identify the required tools and materials that exam takers need to use.

**Definitions:**
- **Remote feasibility**: A task can be performed remotely if it doesn't require a person to be at a specific place or interact with humans face-to-face.

- **Tools:** Software or applications (e.g. coding & development tools, text editor, presentation software, image generator), that are **absolutely** critical for an exam taker to complete any practically relevant and meaningful exam for this task. 

- **Materials:** Digital content (e.g., data files, text, images, audio files) that form part of the test content.

- **Fact based scoring:** Whether the exam can be evaluated using a predefined answer key (objective scoring) or requires subjective assessment, such as evaluating the quality of written responses or creative work.

- **Practical exam:** A practical exam is a an exam actually testing whether the described task can be performed successfully. An exam testing the knowledge about the task is NOT a practical exam.

- **Virtual lab:** A virtual lab is an interactive digital environment that simulates real-world settings, allowing users to perform tasks, collaborate with others, and test scenarios remotely.

- **Images:** Such as product images, photographs, maps, graphs and plots, etc.

- **Specialized software:** Specialized software refers to computer programs designed for specific industry tasks or technical functions, such as Simulink for system modeling, CAD for 3D design or SAP for enterprise resource planning. This category should be used if there is no way to solve the exam using combinations of the other tools and software listed under tools, but some more specialized software is required.

- **Specialized files:** Specialized files refers to files that cannot be parsed into text, data, images, audio or video but are also not part of a virtual lab. This category should be used if there is no way to provide the necessary exam materials using a combination of the other materials listed.

**Instructions:**
1. **Remote Feasibility:**  
   Evaluate whether Prepare training budget for department or organization. can be performed online/remotely or if it requires in-person presence.
   - **If in-person required:** Output `""can_be_performed_remotely"": false` and set all other fields (tools and materials) to `""NA""`.
   - **If remote:** Output `""can_be_performed_remotely"": true` and continue with the evaluation.

2. **Materials Required:**  
   For each material type, determine if it is necessary to provide materials of this type as part of an exam to evaluate Training and Development Managers's ability to perform the task (Prepare training budget for department or organization.). 
   Options are: ""Required""or ""Not required"" 
   The materials include:
   - ""Text""
   - ""Data""
   - ""Images""
   - ""Audio files""
   - ""Video files""
   - ""Virtual labs""
   - ""Specialized files""


3. **Tools Required:**  
   For each tool, assess whether it is needed to complete an exam that evaluates whether an individual can do Prepare training budget for department or organization..
  Options are: ""Required"" or ""Not Required"". 
  The tools include:
   - ""Spreadsheet software""
   - ""Code execution environment""
   - ""Text editor""
   - ""Image viewer""
   - ""Image generator""
   - ""Presentation software""
   - ""Online search engine""
   - ""Video conferencing""
   - ""Chat interfaces""
   - ""Email client""
   - ""Internet access""
   - ""Specialized software""


4. **Feasibility of a practical exam:**
    Evaluate whether the task can meaningfully be tested in a practical, remote exam.
    - If you think this is possible, answer True,
    - Otherwise answer False

5. **Chain-of-Thought Reasoning:**  
   Optionally, include a brief chain-of-thought explanation (no more than 150 words) for your evaluations in a field called `""chain_of_thought""`.

**Output Requirement:**  
Return a JSON object strictly adhering to the provided structure, without any extra commentary outside of the JSON fields.

**Expected JSON Structure:**
{
  ""task_id"": ""1019"",
  ""occupation"": ""Training and Development Managers"",
  ""task_description"": ""Prepare training budget for department or organization."",
  ""can_be_performed_remotely"": true/false,
   ""feasibility_practical"": true/false,




  ""materials"": {
    ""Text"": ""Not Required/Required/NA"",
    ""Data"": ""Not Required/Required/NA"",
    ""Images"": ""Not Required/Required/NA"",
    ""Audio files"": ""Not Required/Required/NA"",
    ""Video files"": ""Not Required/Required/NA"",
    ""Virtual labs"": ""Not Required/Required/NA"",
    ""Specialized files"":""Not Required/Required/NA"",
  },

   ""tools"": {
   ""Spreadsheet software"": ""Not Required/Required/NA"",
   ""Code execution environment"": ""Not Required/Required/NA"",
   ""Image viewer"": ""Not Required/Required/NA"",
   ""Image generator"": ""Not Required/Required/NA"",
   ""Text editor"": ""Not Required/Required/NA"",
   ""Presentation software"": ""Not Required/Required/NA"",
   ""Online search engine"": ""Not Required/Required/NA"",
   ""Video conferencing"": ""Not Required/Required/NA"",
   ""Chat interfaces"": ""Not Required/Required/NA"",
   ""Email client"": ""Not Required/Required/NA"",
   ""Internet access"": ""Not Required/Required/NA"",
   ""Specialized software:""""Not Required/Required/NA"",
  },
  ""chain_of_thought"": ""Brief explanation (no more than 150 words).""
}",1019.0,Training and Development Managers,Prepare training budget for department or organization.,True,True,"Preparing a training budget is primarily a financial planning task that can be performed remotely. A practical exam would involve providing the candidate with relevant data (historical costs, projected training needs, etc.) and text (organizational requirements, constraints) to create a comprehensive budget. Spreadsheet software is essential for calculations, forecasting, and budget formatting. A text editor would be needed for explanatory notes or budget justifications. The exam can be objectively scored based on accuracy of calculations, comprehensiveness, and adherence to provided constraints.",Required,Required,Not Required,Not Required,Not Required,Not Required,Not Required,Required,Not Required,Not Required,Not Required,Required,Not Required,Not Required,Not Required,Not Required,Not Required,Not Required,Not Required,"['Spreadsheet software', 'Text editor']","['Text', 'Data']",management_occupations,False
315,315,316.0,316,"Task ID: 1010

Your assignment is to determine if (1) the task can be performed remotely, (2) it is possible to design a meaningful, **practical** exam for this task and (3) whether such an exam can be evaluated using fact-based scoring. Further, you should identify the required tools and materials that exam takers need to use.

**Definitions:**
- **Remote feasibility**: A task can be performed remotely if it doesn't require a person to be at a specific place or interact with humans face-to-face.

- **Tools:** Software or applications (e.g. coding & development tools, text editor, presentation software, image generator), that are **absolutely** critical for an exam taker to complete any practically relevant and meaningful exam for this task. 

- **Materials:** Digital content (e.g., data files, text, images, audio files) that form part of the test content.

- **Fact based scoring:** Whether the exam can be evaluated using a predefined answer key (objective scoring) or requires subjective assessment, such as evaluating the quality of written responses or creative work.

- **Practical exam:** A practical exam is a an exam actually testing whether the described task can be performed successfully. An exam testing the knowledge about the task is NOT a practical exam.

- **Virtual lab:** A virtual lab is an interactive digital environment that simulates real-world settings, allowing users to perform tasks, collaborate with others, and test scenarios remotely.

- **Images:** Such as product images, photographs, maps, graphs and plots, etc.

- **Specialized software:** Specialized software refers to computer programs designed for specific industry tasks or technical functions, such as Simulink for system modeling, CAD for 3D design or SAP for enterprise resource planning. This category should be used if there is no way to solve the exam using combinations of the other tools and software listed under tools, but some more specialized software is required.

- **Specialized files:** Specialized files refers to files that cannot be parsed into text, data, images, audio or video but are also not part of a virtual lab. This category should be used if there is no way to provide the necessary exam materials using a combination of the other materials listed.

**Instructions:**
1. **Remote Feasibility:**  
   Evaluate whether Develop testing and evaluation procedures. can be performed online/remotely or if it requires in-person presence.
   - **If in-person required:** Output `""can_be_performed_remotely"": false` and set all other fields (tools and materials) to `""NA""`.
   - **If remote:** Output `""can_be_performed_remotely"": true` and continue with the evaluation.

2. **Materials Required:**  
   For each material type, determine if it is necessary to provide materials of this type as part of an exam to evaluate Training and Development Managers's ability to perform the task (Develop testing and evaluation procedures.). 
   Options are: ""Required""or ""Not required"" 
   The materials include:
   - ""Text""
   - ""Data""
   - ""Images""
   - ""Audio files""
   - ""Video files""
   - ""Virtual labs""
   - ""Specialized files""


3. **Tools Required:**  
   For each tool, assess whether it is needed to complete an exam that evaluates whether an individual can do Develop testing and evaluation procedures..
  Options are: ""Required"" or ""Not Required"". 
  The tools include:
   - ""Spreadsheet software""
   - ""Code execution environment""
   - ""Text editor""
   - ""Image viewer""
   - ""Image generator""
   - ""Presentation software""
   - ""Online search engine""
   - ""Video conferencing""
   - ""Chat interfaces""
   - ""Email client""
   - ""Internet access""
   - ""Specialized software""


4. **Feasibility of a practical exam:**
    Evaluate whether the task can meaningfully be tested in a practical, remote exam.
    - If you think this is possible, answer True,
    - Otherwise answer False

5. **Chain-of-Thought Reasoning:**  
   Optionally, include a brief chain-of-thought explanation (no more than 150 words) for your evaluations in a field called `""chain_of_thought""`.

**Output Requirement:**  
Return a JSON object strictly adhering to the provided structure, without any extra commentary outside of the JSON fields.

**Expected JSON Structure:**
{
  ""task_id"": ""1010"",
  ""occupation"": ""Training and Development Managers"",
  ""task_description"": ""Develop testing and evaluation procedures."",
  ""can_be_performed_remotely"": true/false,
   ""feasibility_practical"": true/false,




  ""materials"": {
    ""Text"": ""Not Required/Required/NA"",
    ""Data"": ""Not Required/Required/NA"",
    ""Images"": ""Not Required/Required/NA"",
    ""Audio files"": ""Not Required/Required/NA"",
    ""Video files"": ""Not Required/Required/NA"",
    ""Virtual labs"": ""Not Required/Required/NA"",
    ""Specialized files"":""Not Required/Required/NA"",
  },

   ""tools"": {
   ""Spreadsheet software"": ""Not Required/Required/NA"",
   ""Code execution environment"": ""Not Required/Required/NA"",
   ""Image viewer"": ""Not Required/Required/NA"",
   ""Image generator"": ""Not Required/Required/NA"",
   ""Text editor"": ""Not Required/Required/NA"",
   ""Presentation software"": ""Not Required/Required/NA"",
   ""Online search engine"": ""Not Required/Required/NA"",
   ""Video conferencing"": ""Not Required/Required/NA"",
   ""Chat interfaces"": ""Not Required/Required/NA"",
   ""Email client"": ""Not Required/Required/NA"",
   ""Internet access"": ""Not Required/Required/NA"",
   ""Specialized software:""""Not Required/Required/NA"",
  },
  ""chain_of_thought"": ""Brief explanation (no more than 150 words).""
}",1010.0,Training and Development Managers,Develop testing and evaluation procedures.,True,True,"Developing testing and evaluation procedures can be performed remotely as it involves designing assessment methods, creating evaluation criteria, and developing measurement tools. A practical exam could ask candidates to create evaluation forms, design pre/post training assessments, or develop performance metrics for a given training scenario. Text materials (case studies, training objectives) and data (sample performance metrics) would be required. Spreadsheet software would be needed for creating scoring matrices and analyzing evaluation data, while a text editor is necessary for drafting evaluation procedures and assessment questions. The exam can be objectively scored based on whether key evaluation components are included and if the procedures follow best practices.",Required,Required,Not Required,Not Required,Not Required,Not Required,Not Required,Required,Not Required,Not Required,Not Required,Required,Not Required,Not Required,Not Required,Not Required,Not Required,Not Required,Not Required,"['Spreadsheet software', 'Text editor']","['Text', 'Data']",management_occupations,False
344,344,346.0,346,"Task ID: 18817

Your assignment is to determine if (1) the task can be performed remotely, (2) it is possible to design a meaningful, **practical** exam for this task and (3) whether such an exam can be evaluated using fact-based scoring. Further, you should identify the required tools and materials that exam takers need to use.

**Definitions:**
- **Remote feasibility**: A task can be performed remotely if it doesn't require a person to be at a specific place or interact with humans face-to-face.

- **Tools:** Software or applications (e.g. coding & development tools, text editor, presentation software, image generator), that are **absolutely** critical for an exam taker to complete any practically relevant and meaningful exam for this task. 

- **Materials:** Digital content (e.g., data files, text, images, audio files) that form part of the test content.

- **Fact based scoring:** Whether the exam can be evaluated using a predefined answer key (objective scoring) or requires subjective assessment, such as evaluating the quality of written responses or creative work.

- **Practical exam:** A practical exam is a an exam actually testing whether the described task can be performed successfully. An exam testing the knowledge about the task is NOT a practical exam.

- **Virtual lab:** A virtual lab is an interactive digital environment that simulates real-world settings, allowing users to perform tasks, collaborate with others, and test scenarios remotely.

- **Images:** Such as product images, photographs, maps, graphs and plots, etc.

- **Specialized software:** Specialized software refers to computer programs designed for specific industry tasks or technical functions, such as Simulink for system modeling, CAD for 3D design or SAP for enterprise resource planning. This category should be used if there is no way to solve the exam using combinations of the other tools and software listed under tools, but some more specialized software is required.

- **Specialized files:** Specialized files refers to files that cannot be parsed into text, data, images, audio or video but are also not part of a virtual lab. This category should be used if there is no way to provide the necessary exam materials using a combination of the other materials listed.

**Instructions:**
1. **Remote Feasibility:**  
   Evaluate whether Prepare budgets or financial reports for farm or ranch operations. can be performed online/remotely or if it requires in-person presence.
   - **If in-person required:** Output `""can_be_performed_remotely"": false` and set all other fields (tools and materials) to `""NA""`.
   - **If remote:** Output `""can_be_performed_remotely"": true` and continue with the evaluation.

2. **Materials Required:**  
   For each material type, determine if it is necessary to provide materials of this type as part of an exam to evaluate Farm and Ranch Managers's ability to perform the task (Prepare budgets or financial reports for farm or ranch operations.). 
   Options are: ""Required""or ""Not required"" 
   The materials include:
   - ""Text""
   - ""Data""
   - ""Images""
   - ""Audio files""
   - ""Video files""
   - ""Virtual labs""
   - ""Specialized files""


3. **Tools Required:**  
   For each tool, assess whether it is needed to complete an exam that evaluates whether an individual can do Prepare budgets or financial reports for farm or ranch operations..
  Options are: ""Required"" or ""Not Required"". 
  The tools include:
   - ""Spreadsheet software""
   - ""Code execution environment""
   - ""Text editor""
   - ""Image viewer""
   - ""Image generator""
   - ""Presentation software""
   - ""Online search engine""
   - ""Video conferencing""
   - ""Chat interfaces""
   - ""Email client""
   - ""Internet access""
   - ""Specialized software""


4. **Feasibility of a practical exam:**
    Evaluate whether the task can meaningfully be tested in a practical, remote exam.
    - If you think this is possible, answer True,
    - Otherwise answer False

5. **Chain-of-Thought Reasoning:**  
   Optionally, include a brief chain-of-thought explanation (no more than 150 words) for your evaluations in a field called `""chain_of_thought""`.

**Output Requirement:**  
Return a JSON object strictly adhering to the provided structure, without any extra commentary outside of the JSON fields.

**Expected JSON Structure:**
{
  ""task_id"": ""18817"",
  ""occupation"": ""Farm and Ranch Managers"",
  ""task_description"": ""Prepare budgets or financial reports for farm or ranch operations."",
  ""can_be_performed_remotely"": true/false,
   ""feasibility_practical"": true/false,




  ""materials"": {
    ""Text"": ""Not Required/Required/NA"",
    ""Data"": ""Not Required/Required/NA"",
    ""Images"": ""Not Required/Required/NA"",
    ""Audio files"": ""Not Required/Required/NA"",
    ""Video files"": ""Not Required/Required/NA"",
    ""Virtual labs"": ""Not Required/Required/NA"",
    ""Specialized files"":""Not Required/Required/NA"",
  },

   ""tools"": {
   ""Spreadsheet software"": ""Not Required/Required/NA"",
   ""Code execution environment"": ""Not Required/Required/NA"",
   ""Image viewer"": ""Not Required/Required/NA"",
   ""Image generator"": ""Not Required/Required/NA"",
   ""Text editor"": ""Not Required/Required/NA"",
   ""Presentation software"": ""Not Required/Required/NA"",
   ""Online search engine"": ""Not Required/Required/NA"",
   ""Video conferencing"": ""Not Required/Required/NA"",
   ""Chat interfaces"": ""Not Required/Required/NA"",
   ""Email client"": ""Not Required/Required/NA"",
   ""Internet access"": ""Not Required/Required/NA"",
   ""Specialized software:""""Not Required/Required/NA"",
  },
  ""chain_of_thought"": ""Brief explanation (no more than 150 words).""
}",18817.0,Farm and Ranch Managers,Prepare budgets or financial reports for farm or ranch operations.,True,True,"Preparing farm/ranch budgets and financial reports is primarily a financial analysis task that can be performed remotely using standard office tools. A practical exam would provide sample farm data (income, expenses, assets, etc.) and require candidates to create budgets or financial statements using spreadsheet software. Text materials would provide context and requirements. The exam can be objectively scored by comparing the candidate's calculations, formulas, and financial statement structure against a model answer. This is a practical test of actual budget preparation skills rather than theoretical knowledge.",Required,Required,Not Required,Not Required,Not Required,Not Required,Not Required,Required,Not Required,Not Required,Not Required,Required,Not Required,Not Required,Not Required,Not Required,Not Required,Not Required,Not Required,"['Spreadsheet software', 'Text editor']","['Text', 'Data']",management_occupations,False
356,356,358.0,358,"Task ID: 10814

Your assignment is to determine if (1) the task can be performed remotely, (2) it is possible to design a meaningful, **practical** exam for this task and (3) whether such an exam can be evaluated using fact-based scoring. Further, you should identify the required tools and materials that exam takers need to use.

**Definitions:**
- **Remote feasibility**: A task can be performed remotely if it doesn't require a person to be at a specific place or interact with humans face-to-face.

- **Tools:** Software or applications (e.g. coding & development tools, text editor, presentation software, image generator), that are **absolutely** critical for an exam taker to complete any practically relevant and meaningful exam for this task. 

- **Materials:** Digital content (e.g., data files, text, images, audio files) that form part of the test content.

- **Fact based scoring:** Whether the exam can be evaluated using a predefined answer key (objective scoring) or requires subjective assessment, such as evaluating the quality of written responses or creative work.

- **Practical exam:** A practical exam is a an exam actually testing whether the described task can be performed successfully. An exam testing the knowledge about the task is NOT a practical exam.

- **Virtual lab:** A virtual lab is an interactive digital environment that simulates real-world settings, allowing users to perform tasks, collaborate with others, and test scenarios remotely.

- **Images:** Such as product images, photographs, maps, graphs and plots, etc.

- **Specialized software:** Specialized software refers to computer programs designed for specific industry tasks or technical functions, such as Simulink for system modeling, CAD for 3D design or SAP for enterprise resource planning. This category should be used if there is no way to solve the exam using combinations of the other tools and software listed under tools, but some more specialized software is required.

- **Specialized files:** Specialized files refers to files that cannot be parsed into text, data, images, audio or video but are also not part of a virtual lab. This category should be used if there is no way to provide the necessary exam materials using a combination of the other materials listed.

**Instructions:**
1. **Remote Feasibility:**  
   Evaluate whether Account for and disburse funds. can be performed online/remotely or if it requires in-person presence.
   - **If in-person required:** Output `""can_be_performed_remotely"": false` and set all other fields (tools and materials) to `""NA""`.
   - **If remote:** Output `""can_be_performed_remotely"": true` and continue with the evaluation.

2. **Materials Required:**  
   For each material type, determine if it is necessary to provide materials of this type as part of an exam to evaluate Aquacultural Managers's ability to perform the task (Account for and disburse funds.). 
   Options are: ""Required""or ""Not required"" 
   The materials include:
   - ""Text""
   - ""Data""
   - ""Images""
   - ""Audio files""
   - ""Video files""
   - ""Virtual labs""
   - ""Specialized files""


3. **Tools Required:**  
   For each tool, assess whether it is needed to complete an exam that evaluates whether an individual can do Account for and disburse funds..
  Options are: ""Required"" or ""Not Required"". 
  The tools include:
   - ""Spreadsheet software""
   - ""Code execution environment""
   - ""Text editor""
   - ""Image viewer""
   - ""Image generator""
   - ""Presentation software""
   - ""Online search engine""
   - ""Video conferencing""
   - ""Chat interfaces""
   - ""Email client""
   - ""Internet access""
   - ""Specialized software""


4. **Feasibility of a practical exam:**
    Evaluate whether the task can meaningfully be tested in a practical, remote exam.
    - If you think this is possible, answer True,
    - Otherwise answer False

5. **Chain-of-Thought Reasoning:**  
   Optionally, include a brief chain-of-thought explanation (no more than 150 words) for your evaluations in a field called `""chain_of_thought""`.

**Output Requirement:**  
Return a JSON object strictly adhering to the provided structure, without any extra commentary outside of the JSON fields.

**Expected JSON Structure:**
{
  ""task_id"": ""10814"",
  ""occupation"": ""Aquacultural Managers"",
  ""task_description"": ""Account for and disburse funds."",
  ""can_be_performed_remotely"": true/false,
   ""feasibility_practical"": true/false,




  ""materials"": {
    ""Text"": ""Not Required/Required/NA"",
    ""Data"": ""Not Required/Required/NA"",
    ""Images"": ""Not Required/Required/NA"",
    ""Audio files"": ""Not Required/Required/NA"",
    ""Video files"": ""Not Required/Required/NA"",
    ""Virtual labs"": ""Not Required/Required/NA"",
    ""Specialized files"":""Not Required/Required/NA"",
  },

   ""tools"": {
   ""Spreadsheet software"": ""Not Required/Required/NA"",
   ""Code execution environment"": ""Not Required/Required/NA"",
   ""Image viewer"": ""Not Required/Required/NA"",
   ""Image generator"": ""Not Required/Required/NA"",
   ""Text editor"": ""Not Required/Required/NA"",
   ""Presentation software"": ""Not Required/Required/NA"",
   ""Online search engine"": ""Not Required/Required/NA"",
   ""Video conferencing"": ""Not Required/Required/NA"",
   ""Chat interfaces"": ""Not Required/Required/NA"",
   ""Email client"": ""Not Required/Required/NA"",
   ""Internet access"": ""Not Required/Required/NA"",
   ""Specialized software:""""Not Required/Required/NA"",
  },
  ""chain_of_thought"": ""Brief explanation (no more than 150 words).""
}",10814.0,Aquacultural Managers,Account for and disburse funds.,True,True,"Accounting for and disbursing funds is primarily a financial management task that can be performed remotely. A practical exam would involve providing financial scenarios specific to aquaculture operations (text) and financial data (spreadsheets) that require the manager to track expenses, allocate funds, process payments, and maintain financial records. Spreadsheet software is essential for calculations and financial tracking, while a text editor would be needed for documenting decisions and creating reports. The exam can be objectively scored by comparing the candidate's financial calculations, allocations, and documentation against predetermined correct answers.",Required,Required,Not Required,Not Required,Not Required,Not Required,Not Required,Required,Not Required,Not Required,Not Required,Required,Not Required,Not Required,Not Required,Not Required,Not Required,Not Required,Not Required,"['Spreadsheet software', 'Text editor']","['Text', 'Data']",management_occupations,False
412,412,414.0,414,"Task ID: 5229

Your assignment is to determine if (1) the task can be performed remotely, (2) it is possible to design a meaningful, **practical** exam for this task and (3) whether such an exam can be evaluated using fact-based scoring. Further, you should identify the required tools and materials that exam takers need to use.

**Definitions:**
- **Remote feasibility**: A task can be performed remotely if it doesn't require a person to be at a specific place or interact with humans face-to-face.

- **Tools:** Software or applications (e.g. coding & development tools, text editor, presentation software, image generator), that are **absolutely** critical for an exam taker to complete any practically relevant and meaningful exam for this task. 

- **Materials:** Digital content (e.g., data files, text, images, audio files) that form part of the test content.

- **Fact based scoring:** Whether the exam can be evaluated using a predefined answer key (objective scoring) or requires subjective assessment, such as evaluating the quality of written responses or creative work.

- **Practical exam:** A practical exam is a an exam actually testing whether the described task can be performed successfully. An exam testing the knowledge about the task is NOT a practical exam.

- **Virtual lab:** A virtual lab is an interactive digital environment that simulates real-world settings, allowing users to perform tasks, collaborate with others, and test scenarios remotely.

- **Images:** Such as product images, photographs, maps, graphs and plots, etc.

- **Specialized software:** Specialized software refers to computer programs designed for specific industry tasks or technical functions, such as Simulink for system modeling, CAD for 3D design or SAP for enterprise resource planning. This category should be used if there is no way to solve the exam using combinations of the other tools and software listed under tools, but some more specialized software is required.

- **Specialized files:** Specialized files refers to files that cannot be parsed into text, data, images, audio or video but are also not part of a virtual lab. This category should be used if there is no way to provide the necessary exam materials using a combination of the other materials listed.

**Instructions:**
1. **Remote Feasibility:**  
   Evaluate whether Determine allocations of funds for staff, supplies, materials, and equipment, and authorize purchases. can be performed online/remotely or if it requires in-person presence.
   - **If in-person required:** Output `""can_be_performed_remotely"": false` and set all other fields (tools and materials) to `""NA""`.
   - **If remote:** Output `""can_be_performed_remotely"": true` and continue with the evaluation.

2. **Materials Required:**  
   For each material type, determine if it is necessary to provide materials of this type as part of an exam to evaluate Education Administrators, Elementary and Secondary School's ability to perform the task (Determine allocations of funds for staff, supplies, materials, and equipment, and authorize purchases.). 
   Options are: ""Required""or ""Not required"" 
   The materials include:
   - ""Text""
   - ""Data""
   - ""Images""
   - ""Audio files""
   - ""Video files""
   - ""Virtual labs""
   - ""Specialized files""


3. **Tools Required:**  
   For each tool, assess whether it is needed to complete an exam that evaluates whether an individual can do Determine allocations of funds for staff, supplies, materials, and equipment, and authorize purchases..
  Options are: ""Required"" or ""Not Required"". 
  The tools include:
   - ""Spreadsheet software""
   - ""Code execution environment""
   - ""Text editor""
   - ""Image viewer""
   - ""Image generator""
   - ""Presentation software""
   - ""Online search engine""
   - ""Video conferencing""
   - ""Chat interfaces""
   - ""Email client""
   - ""Internet access""
   - ""Specialized software""


4. **Feasibility of a practical exam:**
    Evaluate whether the task can meaningfully be tested in a practical, remote exam.
    - If you think this is possible, answer True,
    - Otherwise answer False

5. **Chain-of-Thought Reasoning:**  
   Optionally, include a brief chain-of-thought explanation (no more than 150 words) for your evaluations in a field called `""chain_of_thought""`.

**Output Requirement:**  
Return a JSON object strictly adhering to the provided structure, without any extra commentary outside of the JSON fields.

**Expected JSON Structure:**
{
  ""task_id"": ""5229"",
  ""occupation"": ""Education Administrators, Elementary and Secondary School"",
  ""task_description"": ""Determine allocations of funds for staff, supplies, materials, and equipment, and authorize purchases."",
  ""can_be_performed_remotely"": true/false,
   ""feasibility_practical"": true/false,




  ""materials"": {
    ""Text"": ""Not Required/Required/NA"",
    ""Data"": ""Not Required/Required/NA"",
    ""Images"": ""Not Required/Required/NA"",
    ""Audio files"": ""Not Required/Required/NA"",
    ""Video files"": ""Not Required/Required/NA"",
    ""Virtual labs"": ""Not Required/Required/NA"",
    ""Specialized files"":""Not Required/Required/NA"",
  },

   ""tools"": {
   ""Spreadsheet software"": ""Not Required/Required/NA"",
   ""Code execution environment"": ""Not Required/Required/NA"",
   ""Image viewer"": ""Not Required/Required/NA"",
   ""Image generator"": ""Not Required/Required/NA"",
   ""Text editor"": ""Not Required/Required/NA"",
   ""Presentation software"": ""Not Required/Required/NA"",
   ""Online search engine"": ""Not Required/Required/NA"",
   ""Video conferencing"": ""Not Required/Required/NA"",
   ""Chat interfaces"": ""Not Required/Required/NA"",
   ""Email client"": ""Not Required/Required/NA"",
   ""Internet access"": ""Not Required/Required/NA"",
   ""Specialized software:""""Not Required/Required/NA"",
  },
  ""chain_of_thought"": ""Brief explanation (no more than 150 words).""
}",5229.0,"Education Administrators, Elementary and Secondary School","Determine allocations of funds for staff, supplies, materials, and equipment, and authorize purchases.",True,True,"Fund allocation and purchase authorization can be performed remotely as they involve budgeting, analysis, and decision-making based on financial data. A practical exam could present candidates with a school budget scenario, requiring them to allocate funds across departments and authorize specific purchases within constraints. This would require spreadsheet software for budget calculations and a text editor for justifications. The exam can be objectively scored by evaluating if allocations meet requirements, stay within budget limits, and follow proper authorization procedures.",Required,Required,Not Required,Not Required,Not Required,Not Required,Not Required,Required,Not Required,Not Required,Not Required,Required,Not Required,Not Required,Not Required,Not Required,Not Required,Not Required,Not Required,"['Spreadsheet software', 'Text editor']","['Text', 'Data']",management_occupations,False
414,414,416.0,416,"Task ID: 5234

Your assignment is to determine if (1) the task can be performed remotely, (2) it is possible to design a meaningful, **practical** exam for this task and (3) whether such an exam can be evaluated using fact-based scoring. Further, you should identify the required tools and materials that exam takers need to use.

**Definitions:**
- **Remote feasibility**: A task can be performed remotely if it doesn't require a person to be at a specific place or interact with humans face-to-face.

- **Tools:** Software or applications (e.g. coding & development tools, text editor, presentation software, image generator), that are **absolutely** critical for an exam taker to complete any practically relevant and meaningful exam for this task. 

- **Materials:** Digital content (e.g., data files, text, images, audio files) that form part of the test content.

- **Fact based scoring:** Whether the exam can be evaluated using a predefined answer key (objective scoring) or requires subjective assessment, such as evaluating the quality of written responses or creative work.

- **Practical exam:** A practical exam is a an exam actually testing whether the described task can be performed successfully. An exam testing the knowledge about the task is NOT a practical exam.

- **Virtual lab:** A virtual lab is an interactive digital environment that simulates real-world settings, allowing users to perform tasks, collaborate with others, and test scenarios remotely.

- **Images:** Such as product images, photographs, maps, graphs and plots, etc.

- **Specialized software:** Specialized software refers to computer programs designed for specific industry tasks or technical functions, such as Simulink for system modeling, CAD for 3D design or SAP for enterprise resource planning. This category should be used if there is no way to solve the exam using combinations of the other tools and software listed under tools, but some more specialized software is required.

- **Specialized files:** Specialized files refers to files that cannot be parsed into text, data, images, audio or video but are also not part of a virtual lab. This category should be used if there is no way to provide the necessary exam materials using a combination of the other materials listed.

**Instructions:**
1. **Remote Feasibility:**  
   Evaluate whether Determine the scope of educational program offerings, and prepare drafts of course schedules and descriptions to estimate staffing and facility requirements. can be performed online/remotely or if it requires in-person presence.
   - **If in-person required:** Output `""can_be_performed_remotely"": false` and set all other fields (tools and materials) to `""NA""`.
   - **If remote:** Output `""can_be_performed_remotely"": true` and continue with the evaluation.

2. **Materials Required:**  
   For each material type, determine if it is necessary to provide materials of this type as part of an exam to evaluate Education Administrators, Elementary and Secondary School's ability to perform the task (Determine the scope of educational program offerings, and prepare drafts of course schedules and descriptions to estimate staffing and facility requirements.). 
   Options are: ""Required""or ""Not required"" 
   The materials include:
   - ""Text""
   - ""Data""
   - ""Images""
   - ""Audio files""
   - ""Video files""
   - ""Virtual labs""
   - ""Specialized files""


3. **Tools Required:**  
   For each tool, assess whether it is needed to complete an exam that evaluates whether an individual can do Determine the scope of educational program offerings, and prepare drafts of course schedules and descriptions to estimate staffing and facility requirements..
  Options are: ""Required"" or ""Not Required"". 
  The tools include:
   - ""Spreadsheet software""
   - ""Code execution environment""
   - ""Text editor""
   - ""Image viewer""
   - ""Image generator""
   - ""Presentation software""
   - ""Online search engine""
   - ""Video conferencing""
   - ""Chat interfaces""
   - ""Email client""
   - ""Internet access""
   - ""Specialized software""


4. **Feasibility of a practical exam:**
    Evaluate whether the task can meaningfully be tested in a practical, remote exam.
    - If you think this is possible, answer True,
    - Otherwise answer False

5. **Chain-of-Thought Reasoning:**  
   Optionally, include a brief chain-of-thought explanation (no more than 150 words) for your evaluations in a field called `""chain_of_thought""`.

**Output Requirement:**  
Return a JSON object strictly adhering to the provided structure, without any extra commentary outside of the JSON fields.

**Expected JSON Structure:**
{
  ""task_id"": ""5234"",
  ""occupation"": ""Education Administrators, Elementary and Secondary School"",
  ""task_description"": ""Determine the scope of educational program offerings, and prepare drafts of course schedules and descriptions to estimate staffing and facility requirements."",
  ""can_be_performed_remotely"": true/false,
   ""feasibility_practical"": true/false,




  ""materials"": {
    ""Text"": ""Not Required/Required/NA"",
    ""Data"": ""Not Required/Required/NA"",
    ""Images"": ""Not Required/Required/NA"",
    ""Audio files"": ""Not Required/Required/NA"",
    ""Video files"": ""Not Required/Required/NA"",
    ""Virtual labs"": ""Not Required/Required/NA"",
    ""Specialized files"":""Not Required/Required/NA"",
  },

   ""tools"": {
   ""Spreadsheet software"": ""Not Required/Required/NA"",
   ""Code execution environment"": ""Not Required/Required/NA"",
   ""Image viewer"": ""Not Required/Required/NA"",
   ""Image generator"": ""Not Required/Required/NA"",
   ""Text editor"": ""Not Required/Required/NA"",
   ""Presentation software"": ""Not Required/Required/NA"",
   ""Online search engine"": ""Not Required/Required/NA"",
   ""Video conferencing"": ""Not Required/Required/NA"",
   ""Chat interfaces"": ""Not Required/Required/NA"",
   ""Email client"": ""Not Required/Required/NA"",
   ""Internet access"": ""Not Required/Required/NA"",
   ""Specialized software:""""Not Required/Required/NA"",
  },
  ""chain_of_thought"": ""Brief explanation (no more than 150 words).""
}",5234.0,"Education Administrators, Elementary and Secondary School","Determine the scope of educational program offerings, and prepare drafts of course schedules and descriptions to estimate staffing and facility requirements.",True,True,"This task involves planning educational programs and creating schedules, which can be done remotely using digital tools. A practical exam would provide school data (enrollment numbers, teacher qualifications, facility information) and ask candidates to develop program offerings and schedules. Spreadsheet software is essential for creating schedules and calculating staffing needs, while a text editor is needed for writing course descriptions. The exam can be objectively scored by evaluating if the candidate's plans meet specific criteria like curriculum requirements, efficient resource allocation, and realistic staffing estimates.",Required,Required,Not Required,Not Required,Not Required,Not Required,Not Required,Required,Not Required,Not Required,Not Required,Required,Not Required,Not Required,Not Required,Not Required,Not Required,Not Required,Not Required,"['Spreadsheet software', 'Text editor']","['Text', 'Data']",management_occupations,False
415,415,417.0,417,"Task ID: 5211

Your assignment is to determine if (1) the task can be performed remotely, (2) it is possible to design a meaningful, **practical** exam for this task and (3) whether such an exam can be evaluated using fact-based scoring. Further, you should identify the required tools and materials that exam takers need to use.

**Definitions:**
- **Remote feasibility**: A task can be performed remotely if it doesn't require a person to be at a specific place or interact with humans face-to-face.

- **Tools:** Software or applications (e.g. coding & development tools, text editor, presentation software, image generator), that are **absolutely** critical for an exam taker to complete any practically relevant and meaningful exam for this task. 

- **Materials:** Digital content (e.g., data files, text, images, audio files) that form part of the test content.

- **Fact based scoring:** Whether the exam can be evaluated using a predefined answer key (objective scoring) or requires subjective assessment, such as evaluating the quality of written responses or creative work.

- **Practical exam:** A practical exam is a an exam actually testing whether the described task can be performed successfully. An exam testing the knowledge about the task is NOT a practical exam.

- **Virtual lab:** A virtual lab is an interactive digital environment that simulates real-world settings, allowing users to perform tasks, collaborate with others, and test scenarios remotely.

- **Images:** Such as product images, photographs, maps, graphs and plots, etc.

- **Specialized software:** Specialized software refers to computer programs designed for specific industry tasks or technical functions, such as Simulink for system modeling, CAD for 3D design or SAP for enterprise resource planning. This category should be used if there is no way to solve the exam using combinations of the other tools and software listed under tools, but some more specialized software is required.

- **Specialized files:** Specialized files refers to files that cannot be parsed into text, data, images, audio or video but are also not part of a virtual lab. This category should be used if there is no way to provide the necessary exam materials using a combination of the other materials listed.

**Instructions:**
1. **Remote Feasibility:**  
   Evaluate whether Prepare, maintain, or oversee the preparation and maintenance of attendance, activity, planning, or personnel reports and records. can be performed online/remotely or if it requires in-person presence.
   - **If in-person required:** Output `""can_be_performed_remotely"": false` and set all other fields (tools and materials) to `""NA""`.
   - **If remote:** Output `""can_be_performed_remotely"": true` and continue with the evaluation.

2. **Materials Required:**  
   For each material type, determine if it is necessary to provide materials of this type as part of an exam to evaluate Education Administrators, Elementary and Secondary School's ability to perform the task (Prepare, maintain, or oversee the preparation and maintenance of attendance, activity, planning, or personnel reports and records.). 
   Options are: ""Required""or ""Not required"" 
   The materials include:
   - ""Text""
   - ""Data""
   - ""Images""
   - ""Audio files""
   - ""Video files""
   - ""Virtual labs""
   - ""Specialized files""


3. **Tools Required:**  
   For each tool, assess whether it is needed to complete an exam that evaluates whether an individual can do Prepare, maintain, or oversee the preparation and maintenance of attendance, activity, planning, or personnel reports and records..
  Options are: ""Required"" or ""Not Required"". 
  The tools include:
   - ""Spreadsheet software""
   - ""Code execution environment""
   - ""Text editor""
   - ""Image viewer""
   - ""Image generator""
   - ""Presentation software""
   - ""Online search engine""
   - ""Video conferencing""
   - ""Chat interfaces""
   - ""Email client""
   - ""Internet access""
   - ""Specialized software""


4. **Feasibility of a practical exam:**
    Evaluate whether the task can meaningfully be tested in a practical, remote exam.
    - If you think this is possible, answer True,
    - Otherwise answer False

5. **Chain-of-Thought Reasoning:**  
   Optionally, include a brief chain-of-thought explanation (no more than 150 words) for your evaluations in a field called `""chain_of_thought""`.

**Output Requirement:**  
Return a JSON object strictly adhering to the provided structure, without any extra commentary outside of the JSON fields.

**Expected JSON Structure:**
{
  ""task_id"": ""5211"",
  ""occupation"": ""Education Administrators, Elementary and Secondary School"",
  ""task_description"": ""Prepare, maintain, or oversee the preparation and maintenance of attendance, activity, planning, or personnel reports and records."",
  ""can_be_performed_remotely"": true/false,
   ""feasibility_practical"": true/false,




  ""materials"": {
    ""Text"": ""Not Required/Required/NA"",
    ""Data"": ""Not Required/Required/NA"",
    ""Images"": ""Not Required/Required/NA"",
    ""Audio files"": ""Not Required/Required/NA"",
    ""Video files"": ""Not Required/Required/NA"",
    ""Virtual labs"": ""Not Required/Required/NA"",
    ""Specialized files"":""Not Required/Required/NA"",
  },

   ""tools"": {
   ""Spreadsheet software"": ""Not Required/Required/NA"",
   ""Code execution environment"": ""Not Required/Required/NA"",
   ""Image viewer"": ""Not Required/Required/NA"",
   ""Image generator"": ""Not Required/Required/NA"",
   ""Text editor"": ""Not Required/Required/NA"",
   ""Presentation software"": ""Not Required/Required/NA"",
   ""Online search engine"": ""Not Required/Required/NA"",
   ""Video conferencing"": ""Not Required/Required/NA"",
   ""Chat interfaces"": ""Not Required/Required/NA"",
   ""Email client"": ""Not Required/Required/NA"",
   ""Internet access"": ""Not Required/Required/NA"",
   ""Specialized software:""""Not Required/Required/NA"",
  },
  ""chain_of_thought"": ""Brief explanation (no more than 150 words).""
}",5211.0,"Education Administrators, Elementary and Secondary School","Prepare, maintain, or oversee the preparation and maintenance of attendance, activity, planning, or personnel reports and records.",True,True,"This administrative task can be performed remotely as it involves digital record-keeping and report preparation. A practical exam would provide sample school data and require candidates to create/maintain attendance records, activity logs, and personnel reports using spreadsheet software and text editors. The exam can be objectively scored by evaluating if the candidate correctly entered data, created appropriate formulas, maintained data integrity, and produced accurate reports according to specifications.",Required,Required,Not Required,Not Required,Not Required,Not Required,Not Required,Required,Not Required,Not Required,Not Required,Required,Not Required,Not Required,Not Required,Not Required,Not Required,Not Required,Not Required,"['Spreadsheet software', 'Text editor']","['Text', 'Data']",management_occupations,False
417,417,419.0,419,"Task ID: 5231

Your assignment is to determine if (1) the task can be performed remotely, (2) it is possible to design a meaningful, **practical** exam for this task and (3) whether such an exam can be evaluated using fact-based scoring. Further, you should identify the required tools and materials that exam takers need to use.

**Definitions:**
- **Remote feasibility**: A task can be performed remotely if it doesn't require a person to be at a specific place or interact with humans face-to-face.

- **Tools:** Software or applications (e.g. coding & development tools, text editor, presentation software, image generator), that are **absolutely** critical for an exam taker to complete any practically relevant and meaningful exam for this task. 

- **Materials:** Digital content (e.g., data files, text, images, audio files) that form part of the test content.

- **Fact based scoring:** Whether the exam can be evaluated using a predefined answer key (objective scoring) or requires subjective assessment, such as evaluating the quality of written responses or creative work.

- **Practical exam:** A practical exam is a an exam actually testing whether the described task can be performed successfully. An exam testing the knowledge about the task is NOT a practical exam.

- **Virtual lab:** A virtual lab is an interactive digital environment that simulates real-world settings, allowing users to perform tasks, collaborate with others, and test scenarios remotely.

- **Images:** Such as product images, photographs, maps, graphs and plots, etc.

- **Specialized software:** Specialized software refers to computer programs designed for specific industry tasks or technical functions, such as Simulink for system modeling, CAD for 3D design or SAP for enterprise resource planning. This category should be used if there is no way to solve the exam using combinations of the other tools and software listed under tools, but some more specialized software is required.

- **Specialized files:** Specialized files refers to files that cannot be parsed into text, data, images, audio or video but are also not part of a virtual lab. This category should be used if there is no way to provide the necessary exam materials using a combination of the other materials listed.

**Instructions:**
1. **Remote Feasibility:**  
   Evaluate whether Recommend personnel actions related to programs and services. can be performed online/remotely or if it requires in-person presence.
   - **If in-person required:** Output `""can_be_performed_remotely"": false` and set all other fields (tools and materials) to `""NA""`.
   - **If remote:** Output `""can_be_performed_remotely"": true` and continue with the evaluation.

2. **Materials Required:**  
   For each material type, determine if it is necessary to provide materials of this type as part of an exam to evaluate Education Administrators, Elementary and Secondary School's ability to perform the task (Recommend personnel actions related to programs and services.). 
   Options are: ""Required""or ""Not required"" 
   The materials include:
   - ""Text""
   - ""Data""
   - ""Images""
   - ""Audio files""
   - ""Video files""
   - ""Virtual labs""
   - ""Specialized files""


3. **Tools Required:**  
   For each tool, assess whether it is needed to complete an exam that evaluates whether an individual can do Recommend personnel actions related to programs and services..
  Options are: ""Required"" or ""Not Required"". 
  The tools include:
   - ""Spreadsheet software""
   - ""Code execution environment""
   - ""Text editor""
   - ""Image viewer""
   - ""Image generator""
   - ""Presentation software""
   - ""Online search engine""
   - ""Video conferencing""
   - ""Chat interfaces""
   - ""Email client""
   - ""Internet access""
   - ""Specialized software""


4. **Feasibility of a practical exam:**
    Evaluate whether the task can meaningfully be tested in a practical, remote exam.
    - If you think this is possible, answer True,
    - Otherwise answer False

5. **Chain-of-Thought Reasoning:**  
   Optionally, include a brief chain-of-thought explanation (no more than 150 words) for your evaluations in a field called `""chain_of_thought""`.

**Output Requirement:**  
Return a JSON object strictly adhering to the provided structure, without any extra commentary outside of the JSON fields.

**Expected JSON Structure:**
{
  ""task_id"": ""5231"",
  ""occupation"": ""Education Administrators, Elementary and Secondary School"",
  ""task_description"": ""Recommend personnel actions related to programs and services."",
  ""can_be_performed_remotely"": true/false,
   ""feasibility_practical"": true/false,




  ""materials"": {
    ""Text"": ""Not Required/Required/NA"",
    ""Data"": ""Not Required/Required/NA"",
    ""Images"": ""Not Required/Required/NA"",
    ""Audio files"": ""Not Required/Required/NA"",
    ""Video files"": ""Not Required/Required/NA"",
    ""Virtual labs"": ""Not Required/Required/NA"",
    ""Specialized files"":""Not Required/Required/NA"",
  },

   ""tools"": {
   ""Spreadsheet software"": ""Not Required/Required/NA"",
   ""Code execution environment"": ""Not Required/Required/NA"",
   ""Image viewer"": ""Not Required/Required/NA"",
   ""Image generator"": ""Not Required/Required/NA"",
   ""Text editor"": ""Not Required/Required/NA"",
   ""Presentation software"": ""Not Required/Required/NA"",
   ""Online search engine"": ""Not Required/Required/NA"",
   ""Video conferencing"": ""Not Required/Required/NA"",
   ""Chat interfaces"": ""Not Required/Required/NA"",
   ""Email client"": ""Not Required/Required/NA"",
   ""Internet access"": ""Not Required/Required/NA"",
   ""Specialized software:""""Not Required/Required/NA"",
  },
  ""chain_of_thought"": ""Brief explanation (no more than 150 words).""
}",5231.0,"Education Administrators, Elementary and Secondary School",Recommend personnel actions related to programs and services.,True,True,"Education administrators can recommend personnel actions remotely by reviewing documentation and data. A practical exam can present scenarios with staff performance data, program outcomes, and budget constraints, requiring candidates to make and justify personnel recommendations. This can be evaluated objectively by comparing recommendations against predetermined criteria for effectiveness, compliance with policies, and resource optimization. Text documents and data files with spreadsheet and text editing tools would be sufficient for analyzing information and documenting recommendations.",Required,Required,Not Required,Not Required,Not Required,Not Required,Not Required,Required,Not Required,Not Required,Not Required,Required,Not Required,Not Required,Not Required,Not Required,Not Required,Not Required,Not Required,"['Spreadsheet software', 'Text editor']","['Text', 'Data']",management_occupations,False
443,443,447.0,447,"Task ID: 15530

Your assignment is to determine if (1) the task can be performed remotely, (2) it is possible to design a meaningful, **practical** exam for this task and (3) whether such an exam can be evaluated using fact-based scoring. Further, you should identify the required tools and materials that exam takers need to use.

**Definitions:**
- **Remote feasibility**: A task can be performed remotely if it doesn't require a person to be at a specific place or interact with humans face-to-face.

- **Tools:** Software or applications (e.g. coding & development tools, text editor, presentation software, image generator), that are **absolutely** critical for an exam taker to complete any practically relevant and meaningful exam for this task. 

- **Materials:** Digital content (e.g., data files, text, images, audio files) that form part of the test content.

- **Fact based scoring:** Whether the exam can be evaluated using a predefined answer key (objective scoring) or requires subjective assessment, such as evaluating the quality of written responses or creative work.

- **Practical exam:** A practical exam is a an exam actually testing whether the described task can be performed successfully. An exam testing the knowledge about the task is NOT a practical exam.

- **Virtual lab:** A virtual lab is an interactive digital environment that simulates real-world settings, allowing users to perform tasks, collaborate with others, and test scenarios remotely.

- **Images:** Such as product images, photographs, maps, graphs and plots, etc.

- **Specialized software:** Specialized software refers to computer programs designed for specific industry tasks or technical functions, such as Simulink for system modeling, CAD for 3D design or SAP for enterprise resource planning. This category should be used if there is no way to solve the exam using combinations of the other tools and software listed under tools, but some more specialized software is required.

- **Specialized files:** Specialized files refers to files that cannot be parsed into text, data, images, audio or video but are also not part of a virtual lab. This category should be used if there is no way to provide the necessary exam materials using a combination of the other materials listed.

**Instructions:**
1. **Remote Feasibility:**  
   Evaluate whether Prepare and manage distance learning program budgets. can be performed online/remotely or if it requires in-person presence.
   - **If in-person required:** Output `""can_be_performed_remotely"": false` and set all other fields (tools and materials) to `""NA""`.
   - **If remote:** Output `""can_be_performed_remotely"": true` and continue with the evaluation.

2. **Materials Required:**  
   For each material type, determine if it is necessary to provide materials of this type as part of an exam to evaluate Distance Learning Coordinators's ability to perform the task (Prepare and manage distance learning program budgets.). 
   Options are: ""Required""or ""Not required"" 
   The materials include:
   - ""Text""
   - ""Data""
   - ""Images""
   - ""Audio files""
   - ""Video files""
   - ""Virtual labs""
   - ""Specialized files""


3. **Tools Required:**  
   For each tool, assess whether it is needed to complete an exam that evaluates whether an individual can do Prepare and manage distance learning program budgets..
  Options are: ""Required"" or ""Not Required"". 
  The tools include:
   - ""Spreadsheet software""
   - ""Code execution environment""
   - ""Text editor""
   - ""Image viewer""
   - ""Image generator""
   - ""Presentation software""
   - ""Online search engine""
   - ""Video conferencing""
   - ""Chat interfaces""
   - ""Email client""
   - ""Internet access""
   - ""Specialized software""


4. **Feasibility of a practical exam:**
    Evaluate whether the task can meaningfully be tested in a practical, remote exam.
    - If you think this is possible, answer True,
    - Otherwise answer False

5. **Chain-of-Thought Reasoning:**  
   Optionally, include a brief chain-of-thought explanation (no more than 150 words) for your evaluations in a field called `""chain_of_thought""`.

**Output Requirement:**  
Return a JSON object strictly adhering to the provided structure, without any extra commentary outside of the JSON fields.

**Expected JSON Structure:**
{
  ""task_id"": ""15530"",
  ""occupation"": ""Distance Learning Coordinators"",
  ""task_description"": ""Prepare and manage distance learning program budgets."",
  ""can_be_performed_remotely"": true/false,
   ""feasibility_practical"": true/false,




  ""materials"": {
    ""Text"": ""Not Required/Required/NA"",
    ""Data"": ""Not Required/Required/NA"",
    ""Images"": ""Not Required/Required/NA"",
    ""Audio files"": ""Not Required/Required/NA"",
    ""Video files"": ""Not Required/Required/NA"",
    ""Virtual labs"": ""Not Required/Required/NA"",
    ""Specialized files"":""Not Required/Required/NA"",
  },

   ""tools"": {
   ""Spreadsheet software"": ""Not Required/Required/NA"",
   ""Code execution environment"": ""Not Required/Required/NA"",
   ""Image viewer"": ""Not Required/Required/NA"",
   ""Image generator"": ""Not Required/Required/NA"",
   ""Text editor"": ""Not Required/Required/NA"",
   ""Presentation software"": ""Not Required/Required/NA"",
   ""Online search engine"": ""Not Required/Required/NA"",
   ""Video conferencing"": ""Not Required/Required/NA"",
   ""Chat interfaces"": ""Not Required/Required/NA"",
   ""Email client"": ""Not Required/Required/NA"",
   ""Internet access"": ""Not Required/Required/NA"",
   ""Specialized software:""""Not Required/Required/NA"",
  },
  ""chain_of_thought"": ""Brief explanation (no more than 150 words).""
}",15530.0,Distance Learning Coordinators,Prepare and manage distance learning program budgets.,True,True,"Budget preparation and management is inherently a remote-compatible task that primarily requires working with financial data and documents. A practical exam can provide scenarios with program costs, revenue projections, and financial constraints, requiring candidates to create and manage a functional budget. Spreadsheet software is essential for calculations, projections, and budget formatting. A text editor would be needed for budget narratives and explanations. The exam can be objectively scored by evaluating mathematical accuracy, budget completeness, and adherence to given constraints.",Required,Required,Not Required,Not Required,Not Required,Not Required,Not Required,Required,Not Required,Not Required,Not Required,Required,Not Required,Not Required,Not Required,Not Required,Not Required,Not Required,Not Required,"['Spreadsheet software', 'Text editor']","['Text', 'Data']",management_occupations,False
467,467,471.0,471,"Task ID: 15558

Your assignment is to determine if (1) the task can be performed remotely, (2) it is possible to design a meaningful, **practical** exam for this task and (3) whether such an exam can be evaluated using fact-based scoring. Further, you should identify the required tools and materials that exam takers need to use.

**Definitions:**
- **Remote feasibility**: A task can be performed remotely if it doesn't require a person to be at a specific place or interact with humans face-to-face.

- **Tools:** Software or applications (e.g. coding & development tools, text editor, presentation software, image generator), that are **absolutely** critical for an exam taker to complete any practically relevant and meaningful exam for this task. 

- **Materials:** Digital content (e.g., data files, text, images, audio files) that form part of the test content.

- **Fact based scoring:** Whether the exam can be evaluated using a predefined answer key (objective scoring) or requires subjective assessment, such as evaluating the quality of written responses or creative work.

- **Practical exam:** A practical exam is a an exam actually testing whether the described task can be performed successfully. An exam testing the knowledge about the task is NOT a practical exam.

- **Virtual lab:** A virtual lab is an interactive digital environment that simulates real-world settings, allowing users to perform tasks, collaborate with others, and test scenarios remotely.

- **Images:** Such as product images, photographs, maps, graphs and plots, etc.

- **Specialized software:** Specialized software refers to computer programs designed for specific industry tasks or technical functions, such as Simulink for system modeling, CAD for 3D design or SAP for enterprise resource planning. This category should be used if there is no way to solve the exam using combinations of the other tools and software listed under tools, but some more specialized software is required.

- **Specialized files:** Specialized files refers to files that cannot be parsed into text, data, images, audio or video but are also not part of a virtual lab. This category should be used if there is no way to provide the necessary exam materials using a combination of the other materials listed.

**Instructions:**
1. **Remote Feasibility:**  
   Evaluate whether Maintain wellness- and fitness-related schedules, records, or reports. can be performed online/remotely or if it requires in-person presence.
   - **If in-person required:** Output `""can_be_performed_remotely"": false` and set all other fields (tools and materials) to `""NA""`.
   - **If remote:** Output `""can_be_performed_remotely"": true` and continue with the evaluation.

2. **Materials Required:**  
   For each material type, determine if it is necessary to provide materials of this type as part of an exam to evaluate Fitness and Wellness Coordinators's ability to perform the task (Maintain wellness- and fitness-related schedules, records, or reports.). 
   Options are: ""Required""or ""Not required"" 
   The materials include:
   - ""Text""
   - ""Data""
   - ""Images""
   - ""Audio files""
   - ""Video files""
   - ""Virtual labs""
   - ""Specialized files""


3. **Tools Required:**  
   For each tool, assess whether it is needed to complete an exam that evaluates whether an individual can do Maintain wellness- and fitness-related schedules, records, or reports..
  Options are: ""Required"" or ""Not Required"". 
  The tools include:
   - ""Spreadsheet software""
   - ""Code execution environment""
   - ""Text editor""
   - ""Image viewer""
   - ""Image generator""
   - ""Presentation software""
   - ""Online search engine""
   - ""Video conferencing""
   - ""Chat interfaces""
   - ""Email client""
   - ""Internet access""
   - ""Specialized software""


4. **Feasibility of a practical exam:**
    Evaluate whether the task can meaningfully be tested in a practical, remote exam.
    - If you think this is possible, answer True,
    - Otherwise answer False

5. **Chain-of-Thought Reasoning:**  
   Optionally, include a brief chain-of-thought explanation (no more than 150 words) for your evaluations in a field called `""chain_of_thought""`.

**Output Requirement:**  
Return a JSON object strictly adhering to the provided structure, without any extra commentary outside of the JSON fields.

**Expected JSON Structure:**
{
  ""task_id"": ""15558"",
  ""occupation"": ""Fitness and Wellness Coordinators"",
  ""task_description"": ""Maintain wellness- and fitness-related schedules, records, or reports."",
  ""can_be_performed_remotely"": true/false,
   ""feasibility_practical"": true/false,




  ""materials"": {
    ""Text"": ""Not Required/Required/NA"",
    ""Data"": ""Not Required/Required/NA"",
    ""Images"": ""Not Required/Required/NA"",
    ""Audio files"": ""Not Required/Required/NA"",
    ""Video files"": ""Not Required/Required/NA"",
    ""Virtual labs"": ""Not Required/Required/NA"",
    ""Specialized files"":""Not Required/Required/NA"",
  },

   ""tools"": {
   ""Spreadsheet software"": ""Not Required/Required/NA"",
   ""Code execution environment"": ""Not Required/Required/NA"",
   ""Image viewer"": ""Not Required/Required/NA"",
   ""Image generator"": ""Not Required/Required/NA"",
   ""Text editor"": ""Not Required/Required/NA"",
   ""Presentation software"": ""Not Required/Required/NA"",
   ""Online search engine"": ""Not Required/Required/NA"",
   ""Video conferencing"": ""Not Required/Required/NA"",
   ""Chat interfaces"": ""Not Required/Required/NA"",
   ""Email client"": ""Not Required/Required/NA"",
   ""Internet access"": ""Not Required/Required/NA"",
   ""Specialized software:""""Not Required/Required/NA"",
  },
  ""chain_of_thought"": ""Brief explanation (no more than 150 words).""
}",15558.0,Fitness and Wellness Coordinators,"Maintain wellness- and fitness-related schedules, records, or reports.",True,True,"Maintaining wellness and fitness schedules, records, and reports is primarily a documentation task that can be performed remotely. A practical exam would involve providing sample client data and asking candidates to create, update, or analyze fitness schedules and records. This requires spreadsheet software for tracking metrics and a text editor for reports. The exam can be objectively scored by evaluating if the candidate correctly organized information, calculated relevant statistics, and produced appropriate documentation according to industry standards.",Required,Required,Not Required,Not Required,Not Required,Not Required,Not Required,Required,Not Required,Not Required,Not Required,Required,Not Required,Not Required,Not Required,Not Required,Not Required,Not Required,Not Required,"['Spreadsheet software', 'Text editor']","['Text', 'Data']",management_occupations,False
472,472,476.0,476,"Task ID: 15544

Your assignment is to determine if (1) the task can be performed remotely, (2) it is possible to design a meaningful, **practical** exam for this task and (3) whether such an exam can be evaluated using fact-based scoring. Further, you should identify the required tools and materials that exam takers need to use.

**Definitions:**
- **Remote feasibility**: A task can be performed remotely if it doesn't require a person to be at a specific place or interact with humans face-to-face.

- **Tools:** Software or applications (e.g. coding & development tools, text editor, presentation software, image generator), that are **absolutely** critical for an exam taker to complete any practically relevant and meaningful exam for this task. 

- **Materials:** Digital content (e.g., data files, text, images, audio files) that form part of the test content.

- **Fact based scoring:** Whether the exam can be evaluated using a predefined answer key (objective scoring) or requires subjective assessment, such as evaluating the quality of written responses or creative work.

- **Practical exam:** A practical exam is a an exam actually testing whether the described task can be performed successfully. An exam testing the knowledge about the task is NOT a practical exam.

- **Virtual lab:** A virtual lab is an interactive digital environment that simulates real-world settings, allowing users to perform tasks, collaborate with others, and test scenarios remotely.

- **Images:** Such as product images, photographs, maps, graphs and plots, etc.

- **Specialized software:** Specialized software refers to computer programs designed for specific industry tasks or technical functions, such as Simulink for system modeling, CAD for 3D design or SAP for enterprise resource planning. This category should be used if there is no way to solve the exam using combinations of the other tools and software listed under tools, but some more specialized software is required.

- **Specialized files:** Specialized files refers to files that cannot be parsed into text, data, images, audio or video but are also not part of a virtual lab. This category should be used if there is no way to provide the necessary exam materials using a combination of the other materials listed.

**Instructions:**
1. **Remote Feasibility:**  
   Evaluate whether Track attendance, participation, or performance data related to wellness events. can be performed online/remotely or if it requires in-person presence.
   - **If in-person required:** Output `""can_be_performed_remotely"": false` and set all other fields (tools and materials) to `""NA""`.
   - **If remote:** Output `""can_be_performed_remotely"": true` and continue with the evaluation.

2. **Materials Required:**  
   For each material type, determine if it is necessary to provide materials of this type as part of an exam to evaluate Fitness and Wellness Coordinators's ability to perform the task (Track attendance, participation, or performance data related to wellness events.). 
   Options are: ""Required""or ""Not required"" 
   The materials include:
   - ""Text""
   - ""Data""
   - ""Images""
   - ""Audio files""
   - ""Video files""
   - ""Virtual labs""
   - ""Specialized files""


3. **Tools Required:**  
   For each tool, assess whether it is needed to complete an exam that evaluates whether an individual can do Track attendance, participation, or performance data related to wellness events..
  Options are: ""Required"" or ""Not Required"". 
  The tools include:
   - ""Spreadsheet software""
   - ""Code execution environment""
   - ""Text editor""
   - ""Image viewer""
   - ""Image generator""
   - ""Presentation software""
   - ""Online search engine""
   - ""Video conferencing""
   - ""Chat interfaces""
   - ""Email client""
   - ""Internet access""
   - ""Specialized software""


4. **Feasibility of a practical exam:**
    Evaluate whether the task can meaningfully be tested in a practical, remote exam.
    - If you think this is possible, answer True,
    - Otherwise answer False

5. **Chain-of-Thought Reasoning:**  
   Optionally, include a brief chain-of-thought explanation (no more than 150 words) for your evaluations in a field called `""chain_of_thought""`.

**Output Requirement:**  
Return a JSON object strictly adhering to the provided structure, without any extra commentary outside of the JSON fields.

**Expected JSON Structure:**
{
  ""task_id"": ""15544"",
  ""occupation"": ""Fitness and Wellness Coordinators"",
  ""task_description"": ""Track attendance, participation, or performance data related to wellness events."",
  ""can_be_performed_remotely"": true/false,
   ""feasibility_practical"": true/false,




  ""materials"": {
    ""Text"": ""Not Required/Required/NA"",
    ""Data"": ""Not Required/Required/NA"",
    ""Images"": ""Not Required/Required/NA"",
    ""Audio files"": ""Not Required/Required/NA"",
    ""Video files"": ""Not Required/Required/NA"",
    ""Virtual labs"": ""Not Required/Required/NA"",
    ""Specialized files"":""Not Required/Required/NA"",
  },

   ""tools"": {
   ""Spreadsheet software"": ""Not Required/Required/NA"",
   ""Code execution environment"": ""Not Required/Required/NA"",
   ""Image viewer"": ""Not Required/Required/NA"",
   ""Image generator"": ""Not Required/Required/NA"",
   ""Text editor"": ""Not Required/Required/NA"",
   ""Presentation software"": ""Not Required/Required/NA"",
   ""Online search engine"": ""Not Required/Required/NA"",
   ""Video conferencing"": ""Not Required/Required/NA"",
   ""Chat interfaces"": ""Not Required/Required/NA"",
   ""Email client"": ""Not Required/Required/NA"",
   ""Internet access"": ""Not Required/Required/NA"",
   ""Specialized software:""""Not Required/Required/NA"",
  },
  ""chain_of_thought"": ""Brief explanation (no more than 150 words).""
}",15544.0,Fitness and Wellness Coordinators,"Track attendance, participation, or performance data related to wellness events.",True,True,"Tracking attendance, participation, and performance data for wellness events can be done remotely using spreadsheet software and text editors. A practical exam could provide sample attendance data and ask candidates to create tracking systems, generate reports, analyze participation trends, and calculate performance metrics. This would test their ability to organize data, create formulas, and generate meaningful insights. The exam can be objectively scored based on accuracy of calculations, completeness of tracking systems, and proper data organization.",Required,Required,Not Required,Not Required,Not Required,Not Required,Not Required,Required,Not Required,Not Required,Not Required,Required,Not Required,Not Required,Not Required,Not Required,Not Required,Not Required,Not Required,"['Spreadsheet software', 'Text editor']","['Text', 'Data']",management_occupations,False
511,511,515.0,515,"Task ID: 1081

Your assignment is to determine if (1) the task can be performed remotely, (2) it is possible to design a meaningful, **practical** exam for this task and (3) whether such an exam can be evaluated using fact-based scoring. Further, you should identify the required tools and materials that exam takers need to use.

**Definitions:**
- **Remote feasibility**: A task can be performed remotely if it doesn't require a person to be at a specific place or interact with humans face-to-face.

- **Tools:** Software or applications (e.g. coding & development tools, text editor, presentation software, image generator), that are **absolutely** critical for an exam taker to complete any practically relevant and meaningful exam for this task. 

- **Materials:** Digital content (e.g., data files, text, images, audio files) that form part of the test content.

- **Fact based scoring:** Whether the exam can be evaluated using a predefined answer key (objective scoring) or requires subjective assessment, such as evaluating the quality of written responses or creative work.

- **Practical exam:** A practical exam is a an exam actually testing whether the described task can be performed successfully. An exam testing the knowledge about the task is NOT a practical exam.

- **Virtual lab:** A virtual lab is an interactive digital environment that simulates real-world settings, allowing users to perform tasks, collaborate with others, and test scenarios remotely.

- **Images:** Such as product images, photographs, maps, graphs and plots, etc.

- **Specialized software:** Specialized software refers to computer programs designed for specific industry tasks or technical functions, such as Simulink for system modeling, CAD for 3D design or SAP for enterprise resource planning. This category should be used if there is no way to solve the exam using combinations of the other tools and software listed under tools, but some more specialized software is required.

- **Specialized files:** Specialized files refers to files that cannot be parsed into text, data, images, audio or video but are also not part of a virtual lab. This category should be used if there is no way to provide the necessary exam materials using a combination of the other materials listed.

**Instructions:**
1. **Remote Feasibility:**  
   Evaluate whether Monitor budgets and payroll records, and review financial transactions to ensure that expenditures are authorized and budgeted. can be performed online/remotely or if it requires in-person presence.
   - **If in-person required:** Output `""can_be_performed_remotely"": false` and set all other fields (tools and materials) to `""NA""`.
   - **If remote:** Output `""can_be_performed_remotely"": true` and continue with the evaluation.

2. **Materials Required:**  
   For each material type, determine if it is necessary to provide materials of this type as part of an exam to evaluate Food Service Managers's ability to perform the task (Monitor budgets and payroll records, and review financial transactions to ensure that expenditures are authorized and budgeted.). 
   Options are: ""Required""or ""Not required"" 
   The materials include:
   - ""Text""
   - ""Data""
   - ""Images""
   - ""Audio files""
   - ""Video files""
   - ""Virtual labs""
   - ""Specialized files""


3. **Tools Required:**  
   For each tool, assess whether it is needed to complete an exam that evaluates whether an individual can do Monitor budgets and payroll records, and review financial transactions to ensure that expenditures are authorized and budgeted..
  Options are: ""Required"" or ""Not Required"". 
  The tools include:
   - ""Spreadsheet software""
   - ""Code execution environment""
   - ""Text editor""
   - ""Image viewer""
   - ""Image generator""
   - ""Presentation software""
   - ""Online search engine""
   - ""Video conferencing""
   - ""Chat interfaces""
   - ""Email client""
   - ""Internet access""
   - ""Specialized software""


4. **Feasibility of a practical exam:**
    Evaluate whether the task can meaningfully be tested in a practical, remote exam.
    - If you think this is possible, answer True,
    - Otherwise answer False

5. **Chain-of-Thought Reasoning:**  
   Optionally, include a brief chain-of-thought explanation (no more than 150 words) for your evaluations in a field called `""chain_of_thought""`.

**Output Requirement:**  
Return a JSON object strictly adhering to the provided structure, without any extra commentary outside of the JSON fields.

**Expected JSON Structure:**
{
  ""task_id"": ""1081"",
  ""occupation"": ""Food Service Managers"",
  ""task_description"": ""Monitor budgets and payroll records, and review financial transactions to ensure that expenditures are authorized and budgeted."",
  ""can_be_performed_remotely"": true/false,
   ""feasibility_practical"": true/false,




  ""materials"": {
    ""Text"": ""Not Required/Required/NA"",
    ""Data"": ""Not Required/Required/NA"",
    ""Images"": ""Not Required/Required/NA"",
    ""Audio files"": ""Not Required/Required/NA"",
    ""Video files"": ""Not Required/Required/NA"",
    ""Virtual labs"": ""Not Required/Required/NA"",
    ""Specialized files"":""Not Required/Required/NA"",
  },

   ""tools"": {
   ""Spreadsheet software"": ""Not Required/Required/NA"",
   ""Code execution environment"": ""Not Required/Required/NA"",
   ""Image viewer"": ""Not Required/Required/NA"",
   ""Image generator"": ""Not Required/Required/NA"",
   ""Text editor"": ""Not Required/Required/NA"",
   ""Presentation software"": ""Not Required/Required/NA"",
   ""Online search engine"": ""Not Required/Required/NA"",
   ""Video conferencing"": ""Not Required/Required/NA"",
   ""Chat interfaces"": ""Not Required/Required/NA"",
   ""Email client"": ""Not Required/Required/NA"",
   ""Internet access"": ""Not Required/Required/NA"",
   ""Specialized software:""""Not Required/Required/NA"",
  },
  ""chain_of_thought"": ""Brief explanation (no more than 150 words).""
}",1081.0,Food Service Managers,"Monitor budgets and payroll records, and review financial transactions to ensure that expenditures are authorized and budgeted.",True,True,"Monitoring budgets, payroll records, and financial transactions can be performed remotely as it involves reviewing digital financial documents. A practical exam can provide budget spreadsheets, payroll records, and transaction logs (text and data) for candidates to analyze. Candidates would need spreadsheet software to review financial data and a text editor to document findings or create reports. The exam can be objectively scored by evaluating whether candidates correctly identify unauthorized expenditures, budget discrepancies, or payroll errors based on predefined criteria.",Required,Required,Not Required,Not Required,Not Required,Not Required,Not Required,Required,Not Required,Not Required,Not Required,Required,Not Required,Not Required,Not Required,Not Required,Not Required,Not Required,Not Required,"['Spreadsheet software', 'Text editor']","['Text', 'Data']",management_occupations,False
513,513,517.0,517,"Task ID: 1082

Your assignment is to determine if (1) the task can be performed remotely, (2) it is possible to design a meaningful, **practical** exam for this task and (3) whether such an exam can be evaluated using fact-based scoring. Further, you should identify the required tools and materials that exam takers need to use.

**Definitions:**
- **Remote feasibility**: A task can be performed remotely if it doesn't require a person to be at a specific place or interact with humans face-to-face.

- **Tools:** Software or applications (e.g. coding & development tools, text editor, presentation software, image generator), that are **absolutely** critical for an exam taker to complete any practically relevant and meaningful exam for this task. 

- **Materials:** Digital content (e.g., data files, text, images, audio files) that form part of the test content.

- **Fact based scoring:** Whether the exam can be evaluated using a predefined answer key (objective scoring) or requires subjective assessment, such as evaluating the quality of written responses or creative work.

- **Practical exam:** A practical exam is a an exam actually testing whether the described task can be performed successfully. An exam testing the knowledge about the task is NOT a practical exam.

- **Virtual lab:** A virtual lab is an interactive digital environment that simulates real-world settings, allowing users to perform tasks, collaborate with others, and test scenarios remotely.

- **Images:** Such as product images, photographs, maps, graphs and plots, etc.

- **Specialized software:** Specialized software refers to computer programs designed for specific industry tasks or technical functions, such as Simulink for system modeling, CAD for 3D design or SAP for enterprise resource planning. This category should be used if there is no way to solve the exam using combinations of the other tools and software listed under tools, but some more specialized software is required.

- **Specialized files:** Specialized files refers to files that cannot be parsed into text, data, images, audio or video but are also not part of a virtual lab. This category should be used if there is no way to provide the necessary exam materials using a combination of the other materials listed.

**Instructions:**
1. **Remote Feasibility:**  
   Evaluate whether Schedule staff hours and assign duties. can be performed online/remotely or if it requires in-person presence.
   - **If in-person required:** Output `""can_be_performed_remotely"": false` and set all other fields (tools and materials) to `""NA""`.
   - **If remote:** Output `""can_be_performed_remotely"": true` and continue with the evaluation.

2. **Materials Required:**  
   For each material type, determine if it is necessary to provide materials of this type as part of an exam to evaluate Food Service Managers's ability to perform the task (Schedule staff hours and assign duties.). 
   Options are: ""Required""or ""Not required"" 
   The materials include:
   - ""Text""
   - ""Data""
   - ""Images""
   - ""Audio files""
   - ""Video files""
   - ""Virtual labs""
   - ""Specialized files""


3. **Tools Required:**  
   For each tool, assess whether it is needed to complete an exam that evaluates whether an individual can do Schedule staff hours and assign duties..
  Options are: ""Required"" or ""Not Required"". 
  The tools include:
   - ""Spreadsheet software""
   - ""Code execution environment""
   - ""Text editor""
   - ""Image viewer""
   - ""Image generator""
   - ""Presentation software""
   - ""Online search engine""
   - ""Video conferencing""
   - ""Chat interfaces""
   - ""Email client""
   - ""Internet access""
   - ""Specialized software""


4. **Feasibility of a practical exam:**
    Evaluate whether the task can meaningfully be tested in a practical, remote exam.
    - If you think this is possible, answer True,
    - Otherwise answer False

5. **Chain-of-Thought Reasoning:**  
   Optionally, include a brief chain-of-thought explanation (no more than 150 words) for your evaluations in a field called `""chain_of_thought""`.

**Output Requirement:**  
Return a JSON object strictly adhering to the provided structure, without any extra commentary outside of the JSON fields.

**Expected JSON Structure:**
{
  ""task_id"": ""1082"",
  ""occupation"": ""Food Service Managers"",
  ""task_description"": ""Schedule staff hours and assign duties."",
  ""can_be_performed_remotely"": true/false,
   ""feasibility_practical"": true/false,




  ""materials"": {
    ""Text"": ""Not Required/Required/NA"",
    ""Data"": ""Not Required/Required/NA"",
    ""Images"": ""Not Required/Required/NA"",
    ""Audio files"": ""Not Required/Required/NA"",
    ""Video files"": ""Not Required/Required/NA"",
    ""Virtual labs"": ""Not Required/Required/NA"",
    ""Specialized files"":""Not Required/Required/NA"",
  },

   ""tools"": {
   ""Spreadsheet software"": ""Not Required/Required/NA"",
   ""Code execution environment"": ""Not Required/Required/NA"",
   ""Image viewer"": ""Not Required/Required/NA"",
   ""Image generator"": ""Not Required/Required/NA"",
   ""Text editor"": ""Not Required/Required/NA"",
   ""Presentation software"": ""Not Required/Required/NA"",
   ""Online search engine"": ""Not Required/Required/NA"",
   ""Video conferencing"": ""Not Required/Required/NA"",
   ""Chat interfaces"": ""Not Required/Required/NA"",
   ""Email client"": ""Not Required/Required/NA"",
   ""Internet access"": ""Not Required/Required/NA"",
   ""Specialized software:""""Not Required/Required/NA"",
  },
  ""chain_of_thought"": ""Brief explanation (no more than 150 words).""
}",1082.0,Food Service Managers,Schedule staff hours and assign duties.,True,True,"Scheduling staff hours and assigning duties can be performed remotely as it involves planning and organization rather than physical presence. A practical exam can provide scenarios with staff availability constraints, business needs, and skill requirements. Examinees would need spreadsheet software to create schedules and a text editor to document duty assignments. The exam would require text descriptions of scenarios and data about staff availability, skills, and business needs. Scoring can be fact-based by evaluating if schedules meet requirements like adequate coverage, compliance with labor laws, and appropriate duty assignments based on skills.",Required,Required,Not Required,Not Required,Not Required,Not Required,Not Required,Required,Not Required,Not Required,Not Required,Required,Not Required,Not Required,Not Required,Not Required,Not Required,Not Required,Not Required,"['Spreadsheet software', 'Text editor']","['Text', 'Data']",management_occupations,False
524,524,528.0,528,"Task ID: 1094

Your assignment is to determine if (1) the task can be performed remotely, (2) it is possible to design a meaningful, **practical** exam for this task and (3) whether such an exam can be evaluated using fact-based scoring. Further, you should identify the required tools and materials that exam takers need to use.

**Definitions:**
- **Remote feasibility**: A task can be performed remotely if it doesn't require a person to be at a specific place or interact with humans face-to-face.

- **Tools:** Software or applications (e.g. coding & development tools, text editor, presentation software, image generator), that are **absolutely** critical for an exam taker to complete any practically relevant and meaningful exam for this task. 

- **Materials:** Digital content (e.g., data files, text, images, audio files) that form part of the test content.

- **Fact based scoring:** Whether the exam can be evaluated using a predefined answer key (objective scoring) or requires subjective assessment, such as evaluating the quality of written responses or creative work.

- **Practical exam:** A practical exam is a an exam actually testing whether the described task can be performed successfully. An exam testing the knowledge about the task is NOT a practical exam.

- **Virtual lab:** A virtual lab is an interactive digital environment that simulates real-world settings, allowing users to perform tasks, collaborate with others, and test scenarios remotely.

- **Images:** Such as product images, photographs, maps, graphs and plots, etc.

- **Specialized software:** Specialized software refers to computer programs designed for specific industry tasks or technical functions, such as Simulink for system modeling, CAD for 3D design or SAP for enterprise resource planning. This category should be used if there is no way to solve the exam using combinations of the other tools and software listed under tools, but some more specialized software is required.

- **Specialized files:** Specialized files refers to files that cannot be parsed into text, data, images, audio or video but are also not part of a virtual lab. This category should be used if there is no way to provide the necessary exam materials using a combination of the other materials listed.

**Instructions:**
1. **Remote Feasibility:**  
   Evaluate whether Record the number, type, and cost of items sold to determine which items may be unpopular or less profitable. can be performed online/remotely or if it requires in-person presence.
   - **If in-person required:** Output `""can_be_performed_remotely"": false` and set all other fields (tools and materials) to `""NA""`.
   - **If remote:** Output `""can_be_performed_remotely"": true` and continue with the evaluation.

2. **Materials Required:**  
   For each material type, determine if it is necessary to provide materials of this type as part of an exam to evaluate Food Service Managers's ability to perform the task (Record the number, type, and cost of items sold to determine which items may be unpopular or less profitable.). 
   Options are: ""Required""or ""Not required"" 
   The materials include:
   - ""Text""
   - ""Data""
   - ""Images""
   - ""Audio files""
   - ""Video files""
   - ""Virtual labs""
   - ""Specialized files""


3. **Tools Required:**  
   For each tool, assess whether it is needed to complete an exam that evaluates whether an individual can do Record the number, type, and cost of items sold to determine which items may be unpopular or less profitable..
  Options are: ""Required"" or ""Not Required"". 
  The tools include:
   - ""Spreadsheet software""
   - ""Code execution environment""
   - ""Text editor""
   - ""Image viewer""
   - ""Image generator""
   - ""Presentation software""
   - ""Online search engine""
   - ""Video conferencing""
   - ""Chat interfaces""
   - ""Email client""
   - ""Internet access""
   - ""Specialized software""


4. **Feasibility of a practical exam:**
    Evaluate whether the task can meaningfully be tested in a practical, remote exam.
    - If you think this is possible, answer True,
    - Otherwise answer False

5. **Chain-of-Thought Reasoning:**  
   Optionally, include a brief chain-of-thought explanation (no more than 150 words) for your evaluations in a field called `""chain_of_thought""`.

**Output Requirement:**  
Return a JSON object strictly adhering to the provided structure, without any extra commentary outside of the JSON fields.

**Expected JSON Structure:**
{
  ""task_id"": ""1094"",
  ""occupation"": ""Food Service Managers"",
  ""task_description"": ""Record the number, type, and cost of items sold to determine which items may be unpopular or less profitable."",
  ""can_be_performed_remotely"": true/false,
   ""feasibility_practical"": true/false,




  ""materials"": {
    ""Text"": ""Not Required/Required/NA"",
    ""Data"": ""Not Required/Required/NA"",
    ""Images"": ""Not Required/Required/NA"",
    ""Audio files"": ""Not Required/Required/NA"",
    ""Video files"": ""Not Required/Required/NA"",
    ""Virtual labs"": ""Not Required/Required/NA"",
    ""Specialized files"":""Not Required/Required/NA"",
  },

   ""tools"": {
   ""Spreadsheet software"": ""Not Required/Required/NA"",
   ""Code execution environment"": ""Not Required/Required/NA"",
   ""Image viewer"": ""Not Required/Required/NA"",
   ""Image generator"": ""Not Required/Required/NA"",
   ""Text editor"": ""Not Required/Required/NA"",
   ""Presentation software"": ""Not Required/Required/NA"",
   ""Online search engine"": ""Not Required/Required/NA"",
   ""Video conferencing"": ""Not Required/Required/NA"",
   ""Chat interfaces"": ""Not Required/Required/NA"",
   ""Email client"": ""Not Required/Required/NA"",
   ""Internet access"": ""Not Required/Required/NA"",
   ""Specialized software:""""Not Required/Required/NA"",
  },
  ""chain_of_thought"": ""Brief explanation (no more than 150 words).""
}",1094.0,Food Service Managers,"Record the number, type, and cost of items sold to determine which items may be unpopular or less profitable.",True,True,"This task involves analyzing sales data to identify unpopular or less profitable menu items, which can be performed remotely. A practical exam would provide sales data (number of items sold, prices, costs) and require candidates to organize, analyze, and identify underperforming items using spreadsheet software. The exam can be objectively scored by checking if candidates correctly identify the least profitable items and calculate relevant metrics like profit margins and sales volumes.",Required,Required,Not Required,Not Required,Not Required,Not Required,Not Required,Required,Not Required,Not Required,Not Required,Not Required,Not Required,Not Required,Not Required,Not Required,Not Required,Not Required,Not Required,['Spreadsheet software'],"['Text', 'Data']",management_occupations,False
525,525,529.0,529,"Task ID: 1093

Your assignment is to determine if (1) the task can be performed remotely, (2) it is possible to design a meaningful, **practical** exam for this task and (3) whether such an exam can be evaluated using fact-based scoring. Further, you should identify the required tools and materials that exam takers need to use.

**Definitions:**
- **Remote feasibility**: A task can be performed remotely if it doesn't require a person to be at a specific place or interact with humans face-to-face.

- **Tools:** Software or applications (e.g. coding & development tools, text editor, presentation software, image generator), that are **absolutely** critical for an exam taker to complete any practically relevant and meaningful exam for this task. 

- **Materials:** Digital content (e.g., data files, text, images, audio files) that form part of the test content.

- **Fact based scoring:** Whether the exam can be evaluated using a predefined answer key (objective scoring) or requires subjective assessment, such as evaluating the quality of written responses or creative work.

- **Practical exam:** A practical exam is a an exam actually testing whether the described task can be performed successfully. An exam testing the knowledge about the task is NOT a practical exam.

- **Virtual lab:** A virtual lab is an interactive digital environment that simulates real-world settings, allowing users to perform tasks, collaborate with others, and test scenarios remotely.

- **Images:** Such as product images, photographs, maps, graphs and plots, etc.

- **Specialized software:** Specialized software refers to computer programs designed for specific industry tasks or technical functions, such as Simulink for system modeling, CAD for 3D design or SAP for enterprise resource planning. This category should be used if there is no way to solve the exam using combinations of the other tools and software listed under tools, but some more specialized software is required.

- **Specialized files:** Specialized files refers to files that cannot be parsed into text, data, images, audio or video but are also not part of a virtual lab. This category should be used if there is no way to provide the necessary exam materials using a combination of the other materials listed.

**Instructions:**
1. **Remote Feasibility:**  
   Evaluate whether Review menus and analyze recipes to determine labor and overhead costs, and assign prices to menu items. can be performed online/remotely or if it requires in-person presence.
   - **If in-person required:** Output `""can_be_performed_remotely"": false` and set all other fields (tools and materials) to `""NA""`.
   - **If remote:** Output `""can_be_performed_remotely"": true` and continue with the evaluation.

2. **Materials Required:**  
   For each material type, determine if it is necessary to provide materials of this type as part of an exam to evaluate Food Service Managers's ability to perform the task (Review menus and analyze recipes to determine labor and overhead costs, and assign prices to menu items.). 
   Options are: ""Required""or ""Not required"" 
   The materials include:
   - ""Text""
   - ""Data""
   - ""Images""
   - ""Audio files""
   - ""Video files""
   - ""Virtual labs""
   - ""Specialized files""


3. **Tools Required:**  
   For each tool, assess whether it is needed to complete an exam that evaluates whether an individual can do Review menus and analyze recipes to determine labor and overhead costs, and assign prices to menu items..
  Options are: ""Required"" or ""Not Required"". 
  The tools include:
   - ""Spreadsheet software""
   - ""Code execution environment""
   - ""Text editor""
   - ""Image viewer""
   - ""Image generator""
   - ""Presentation software""
   - ""Online search engine""
   - ""Video conferencing""
   - ""Chat interfaces""
   - ""Email client""
   - ""Internet access""
   - ""Specialized software""


4. **Feasibility of a practical exam:**
    Evaluate whether the task can meaningfully be tested in a practical, remote exam.
    - If you think this is possible, answer True,
    - Otherwise answer False

5. **Chain-of-Thought Reasoning:**  
   Optionally, include a brief chain-of-thought explanation (no more than 150 words) for your evaluations in a field called `""chain_of_thought""`.

**Output Requirement:**  
Return a JSON object strictly adhering to the provided structure, without any extra commentary outside of the JSON fields.

**Expected JSON Structure:**
{
  ""task_id"": ""1093"",
  ""occupation"": ""Food Service Managers"",
  ""task_description"": ""Review menus and analyze recipes to determine labor and overhead costs, and assign prices to menu items."",
  ""can_be_performed_remotely"": true/false,
   ""feasibility_practical"": true/false,




  ""materials"": {
    ""Text"": ""Not Required/Required/NA"",
    ""Data"": ""Not Required/Required/NA"",
    ""Images"": ""Not Required/Required/NA"",
    ""Audio files"": ""Not Required/Required/NA"",
    ""Video files"": ""Not Required/Required/NA"",
    ""Virtual labs"": ""Not Required/Required/NA"",
    ""Specialized files"":""Not Required/Required/NA"",
  },

   ""tools"": {
   ""Spreadsheet software"": ""Not Required/Required/NA"",
   ""Code execution environment"": ""Not Required/Required/NA"",
   ""Image viewer"": ""Not Required/Required/NA"",
   ""Image generator"": ""Not Required/Required/NA"",
   ""Text editor"": ""Not Required/Required/NA"",
   ""Presentation software"": ""Not Required/Required/NA"",
   ""Online search engine"": ""Not Required/Required/NA"",
   ""Video conferencing"": ""Not Required/Required/NA"",
   ""Chat interfaces"": ""Not Required/Required/NA"",
   ""Email client"": ""Not Required/Required/NA"",
   ""Internet access"": ""Not Required/Required/NA"",
   ""Specialized software:""""Not Required/Required/NA"",
  },
  ""chain_of_thought"": ""Brief explanation (no more than 150 words).""
}",1093.0,Food Service Managers,"Review menus and analyze recipes to determine labor and overhead costs, and assign prices to menu items.",True,True,"This task involves analyzing recipes and menus to calculate costs and determine pricing, which can be done remotely. A practical exam would provide recipe details, ingredient costs, labor rates, and overhead figures as text and data. Examinees would use spreadsheet software to calculate food costs, labor requirements, and overhead allocations, then determine appropriate menu prices based on target profit margins. The exam can be objectively scored by comparing calculated costs and recommended prices against standard solutions.",Required,Required,Not Required,Not Required,Not Required,Not Required,Not Required,Required,Not Required,Not Required,Not Required,Required,Not Required,Not Required,Not Required,Not Required,Not Required,Not Required,Not Required,"['Spreadsheet software', 'Text editor']","['Text', 'Data']",management_occupations,False
536,536,540.0,540,"Task ID: 18851

Your assignment is to determine if (1) the task can be performed remotely, (2) it is possible to design a meaningful, **practical** exam for this task and (3) whether such an exam can be evaluated using fact-based scoring. Further, you should identify the required tools and materials that exam takers need to use.

**Definitions:**
- **Remote feasibility**: A task can be performed remotely if it doesn't require a person to be at a specific place or interact with humans face-to-face.

- **Tools:** Software or applications (e.g. coding & development tools, text editor, presentation software, image generator), that are **absolutely** critical for an exam taker to complete any practically relevant and meaningful exam for this task. 

- **Materials:** Digital content (e.g., data files, text, images, audio files) that form part of the test content.

- **Fact based scoring:** Whether the exam can be evaluated using a predefined answer key (objective scoring) or requires subjective assessment, such as evaluating the quality of written responses or creative work.

- **Practical exam:** A practical exam is a an exam actually testing whether the described task can be performed successfully. An exam testing the knowledge about the task is NOT a practical exam.

- **Virtual lab:** A virtual lab is an interactive digital environment that simulates real-world settings, allowing users to perform tasks, collaborate with others, and test scenarios remotely.

- **Images:** Such as product images, photographs, maps, graphs and plots, etc.

- **Specialized software:** Specialized software refers to computer programs designed for specific industry tasks or technical functions, such as Simulink for system modeling, CAD for 3D design or SAP for enterprise resource planning. This category should be used if there is no way to solve the exam using combinations of the other tools and software listed under tools, but some more specialized software is required.

- **Specialized files:** Specialized files refers to files that cannot be parsed into text, data, images, audio or video but are also not part of a virtual lab. This category should be used if there is no way to provide the necessary exam materials using a combination of the other materials listed.

**Instructions:**
1. **Remote Feasibility:**  
   Evaluate whether Schedule work hours for funeral home or contract employees. can be performed online/remotely or if it requires in-person presence.
   - **If in-person required:** Output `""can_be_performed_remotely"": false` and set all other fields (tools and materials) to `""NA""`.
   - **If remote:** Output `""can_be_performed_remotely"": true` and continue with the evaluation.

2. **Materials Required:**  
   For each material type, determine if it is necessary to provide materials of this type as part of an exam to evaluate Funeral Service Managers's ability to perform the task (Schedule work hours for funeral home or contract employees.). 
   Options are: ""Required""or ""Not required"" 
   The materials include:
   - ""Text""
   - ""Data""
   - ""Images""
   - ""Audio files""
   - ""Video files""
   - ""Virtual labs""
   - ""Specialized files""


3. **Tools Required:**  
   For each tool, assess whether it is needed to complete an exam that evaluates whether an individual can do Schedule work hours for funeral home or contract employees..
  Options are: ""Required"" or ""Not Required"". 
  The tools include:
   - ""Spreadsheet software""
   - ""Code execution environment""
   - ""Text editor""
   - ""Image viewer""
   - ""Image generator""
   - ""Presentation software""
   - ""Online search engine""
   - ""Video conferencing""
   - ""Chat interfaces""
   - ""Email client""
   - ""Internet access""
   - ""Specialized software""


4. **Feasibility of a practical exam:**
    Evaluate whether the task can meaningfully be tested in a practical, remote exam.
    - If you think this is possible, answer True,
    - Otherwise answer False

5. **Chain-of-Thought Reasoning:**  
   Optionally, include a brief chain-of-thought explanation (no more than 150 words) for your evaluations in a field called `""chain_of_thought""`.

**Output Requirement:**  
Return a JSON object strictly adhering to the provided structure, without any extra commentary outside of the JSON fields.

**Expected JSON Structure:**
{
  ""task_id"": ""18851"",
  ""occupation"": ""Funeral Service Managers"",
  ""task_description"": ""Schedule work hours for funeral home or contract employees."",
  ""can_be_performed_remotely"": true/false,
   ""feasibility_practical"": true/false,




  ""materials"": {
    ""Text"": ""Not Required/Required/NA"",
    ""Data"": ""Not Required/Required/NA"",
    ""Images"": ""Not Required/Required/NA"",
    ""Audio files"": ""Not Required/Required/NA"",
    ""Video files"": ""Not Required/Required/NA"",
    ""Virtual labs"": ""Not Required/Required/NA"",
    ""Specialized files"":""Not Required/Required/NA"",
  },

   ""tools"": {
   ""Spreadsheet software"": ""Not Required/Required/NA"",
   ""Code execution environment"": ""Not Required/Required/NA"",
   ""Image viewer"": ""Not Required/Required/NA"",
   ""Image generator"": ""Not Required/Required/NA"",
   ""Text editor"": ""Not Required/Required/NA"",
   ""Presentation software"": ""Not Required/Required/NA"",
   ""Online search engine"": ""Not Required/Required/NA"",
   ""Video conferencing"": ""Not Required/Required/NA"",
   ""Chat interfaces"": ""Not Required/Required/NA"",
   ""Email client"": ""Not Required/Required/NA"",
   ""Internet access"": ""Not Required/Required/NA"",
   ""Specialized software:""""Not Required/Required/NA"",
  },
  ""chain_of_thought"": ""Brief explanation (no more than 150 words).""
}",18851.0,Funeral Service Managers,Schedule work hours for funeral home or contract employees.,True,True,"Scheduling work hours is primarily an administrative task that can be performed remotely using standard office tools. A practical exam could provide employee availability data, funeral service requirements, and staffing constraints, then ask candidates to create a functional schedule using spreadsheet software. The exam can be objectively scored by evaluating if the schedule meets all requirements (adequate coverage, legal work hour limits, proper qualifications matching). This tests the actual skill of creating workable schedules rather than just knowledge about scheduling.",Required,Required,Not Required,Not Required,Not Required,Not Required,Not Required,Required,Not Required,Not Required,Not Required,Required,Not Required,Not Required,Not Required,Not Required,Not Required,Not Required,Not Required,"['Spreadsheet software', 'Text editor']","['Text', 'Data']",management_occupations,False
543,543,547.0,547,"Task ID: 18849

Your assignment is to determine if (1) the task can be performed remotely, (2) it is possible to design a meaningful, **practical** exam for this task and (3) whether such an exam can be evaluated using fact-based scoring. Further, you should identify the required tools and materials that exam takers need to use.

**Definitions:**
- **Remote feasibility**: A task can be performed remotely if it doesn't require a person to be at a specific place or interact with humans face-to-face.

- **Tools:** Software or applications (e.g. coding & development tools, text editor, presentation software, image generator), that are **absolutely** critical for an exam taker to complete any practically relevant and meaningful exam for this task. 

- **Materials:** Digital content (e.g., data files, text, images, audio files) that form part of the test content.

- **Fact based scoring:** Whether the exam can be evaluated using a predefined answer key (objective scoring) or requires subjective assessment, such as evaluating the quality of written responses or creative work.

- **Practical exam:** A practical exam is a an exam actually testing whether the described task can be performed successfully. An exam testing the knowledge about the task is NOT a practical exam.

- **Virtual lab:** A virtual lab is an interactive digital environment that simulates real-world settings, allowing users to perform tasks, collaborate with others, and test scenarios remotely.

- **Images:** Such as product images, photographs, maps, graphs and plots, etc.

- **Specialized software:** Specialized software refers to computer programs designed for specific industry tasks or technical functions, such as Simulink for system modeling, CAD for 3D design or SAP for enterprise resource planning. This category should be used if there is no way to solve the exam using combinations of the other tools and software listed under tools, but some more specialized software is required.

- **Specialized files:** Specialized files refers to files that cannot be parsed into text, data, images, audio or video but are also not part of a virtual lab. This category should be used if there is no way to provide the necessary exam materials using a combination of the other materials listed.

**Instructions:**
1. **Remote Feasibility:**  
   Evaluate whether Identify skill development needs for funeral home staff. can be performed online/remotely or if it requires in-person presence.
   - **If in-person required:** Output `""can_be_performed_remotely"": false` and set all other fields (tools and materials) to `""NA""`.
   - **If remote:** Output `""can_be_performed_remotely"": true` and continue with the evaluation.

2. **Materials Required:**  
   For each material type, determine if it is necessary to provide materials of this type as part of an exam to evaluate Funeral Service Managers's ability to perform the task (Identify skill development needs for funeral home staff.). 
   Options are: ""Required""or ""Not required"" 
   The materials include:
   - ""Text""
   - ""Data""
   - ""Images""
   - ""Audio files""
   - ""Video files""
   - ""Virtual labs""
   - ""Specialized files""


3. **Tools Required:**  
   For each tool, assess whether it is needed to complete an exam that evaluates whether an individual can do Identify skill development needs for funeral home staff..
  Options are: ""Required"" or ""Not Required"". 
  The tools include:
   - ""Spreadsheet software""
   - ""Code execution environment""
   - ""Text editor""
   - ""Image viewer""
   - ""Image generator""
   - ""Presentation software""
   - ""Online search engine""
   - ""Video conferencing""
   - ""Chat interfaces""
   - ""Email client""
   - ""Internet access""
   - ""Specialized software""


4. **Feasibility of a practical exam:**
    Evaluate whether the task can meaningfully be tested in a practical, remote exam.
    - If you think this is possible, answer True,
    - Otherwise answer False

5. **Chain-of-Thought Reasoning:**  
   Optionally, include a brief chain-of-thought explanation (no more than 150 words) for your evaluations in a field called `""chain_of_thought""`.

**Output Requirement:**  
Return a JSON object strictly adhering to the provided structure, without any extra commentary outside of the JSON fields.

**Expected JSON Structure:**
{
  ""task_id"": ""18849"",
  ""occupation"": ""Funeral Service Managers"",
  ""task_description"": ""Identify skill development needs for funeral home staff."",
  ""can_be_performed_remotely"": true/false,
   ""feasibility_practical"": true/false,




  ""materials"": {
    ""Text"": ""Not Required/Required/NA"",
    ""Data"": ""Not Required/Required/NA"",
    ""Images"": ""Not Required/Required/NA"",
    ""Audio files"": ""Not Required/Required/NA"",
    ""Video files"": ""Not Required/Required/NA"",
    ""Virtual labs"": ""Not Required/Required/NA"",
    ""Specialized files"":""Not Required/Required/NA"",
  },

   ""tools"": {
   ""Spreadsheet software"": ""Not Required/Required/NA"",
   ""Code execution environment"": ""Not Required/Required/NA"",
   ""Image viewer"": ""Not Required/Required/NA"",
   ""Image generator"": ""Not Required/Required/NA"",
   ""Text editor"": ""Not Required/Required/NA"",
   ""Presentation software"": ""Not Required/Required/NA"",
   ""Online search engine"": ""Not Required/Required/NA"",
   ""Video conferencing"": ""Not Required/Required/NA"",
   ""Chat interfaces"": ""Not Required/Required/NA"",
   ""Email client"": ""Not Required/Required/NA"",
   ""Internet access"": ""Not Required/Required/NA"",
   ""Specialized software:""""Not Required/Required/NA"",
  },
  ""chain_of_thought"": ""Brief explanation (no more than 150 words).""
}",18849.0,Funeral Service Managers,Identify skill development needs for funeral home staff.,True,True,"Identifying skill development needs for funeral home staff can be performed remotely as it involves analyzing staff performance data, reviewing job requirements, and creating development plans. A practical exam could present scenarios with staff profiles, performance metrics, and job descriptions, requiring examinees to identify skill gaps and create development plans. This can be evaluated objectively by comparing against expert-determined skill gaps and appropriate development strategies. Basic tools like text editors and spreadsheets are sufficient for analyzing data and documenting findings.",Required,Required,Not Required,Not Required,Not Required,Not Required,Not Required,Required,Not Required,Not Required,Not Required,Required,Not Required,Not Required,Not Required,Not Required,Not Required,Not Required,Not Required,"['Spreadsheet software', 'Text editor']","['Text', 'Data']",management_occupations,False
552,552,556.0,556,"Task ID: 7193

Your assignment is to determine if (1) the task can be performed remotely, (2) it is possible to design a meaningful, **practical** exam for this task and (3) whether such an exam can be evaluated using fact-based scoring. Further, you should identify the required tools and materials that exam takers need to use.

**Definitions:**
- **Remote feasibility**: A task can be performed remotely if it doesn't require a person to be at a specific place or interact with humans face-to-face.

- **Tools:** Software or applications (e.g. coding & development tools, text editor, presentation software, image generator), that are **absolutely** critical for an exam taker to complete any practically relevant and meaningful exam for this task. 

- **Materials:** Digital content (e.g., data files, text, images, audio files) that form part of the test content.

- **Fact based scoring:** Whether the exam can be evaluated using a predefined answer key (objective scoring) or requires subjective assessment, such as evaluating the quality of written responses or creative work.

- **Practical exam:** A practical exam is a an exam actually testing whether the described task can be performed successfully. An exam testing the knowledge about the task is NOT a practical exam.

- **Virtual lab:** A virtual lab is an interactive digital environment that simulates real-world settings, allowing users to perform tasks, collaborate with others, and test scenarios remotely.

- **Images:** Such as product images, photographs, maps, graphs and plots, etc.

- **Specialized software:** Specialized software refers to computer programs designed for specific industry tasks or technical functions, such as Simulink for system modeling, CAD for 3D design or SAP for enterprise resource planning. This category should be used if there is no way to solve the exam using combinations of the other tools and software listed under tools, but some more specialized software is required.

- **Specialized files:** Specialized files refers to files that cannot be parsed into text, data, images, audio or video but are also not part of a virtual lab. This category should be used if there is no way to provide the necessary exam materials using a combination of the other materials listed.

**Instructions:**
1. **Remote Feasibility:**  
   Evaluate whether Prepare work schedules and station arrangements and keep attendance records. can be performed online/remotely or if it requires in-person presence.
   - **If in-person required:** Output `""can_be_performed_remotely"": false` and set all other fields (tools and materials) to `""NA""`.
   - **If remote:** Output `""can_be_performed_remotely"": true` and continue with the evaluation.

2. **Materials Required:**  
   For each material type, determine if it is necessary to provide materials of this type as part of an exam to evaluate Gaming Managers's ability to perform the task (Prepare work schedules and station arrangements and keep attendance records.). 
   Options are: ""Required""or ""Not required"" 
   The materials include:
   - ""Text""
   - ""Data""
   - ""Images""
   - ""Audio files""
   - ""Video files""
   - ""Virtual labs""
   - ""Specialized files""


3. **Tools Required:**  
   For each tool, assess whether it is needed to complete an exam that evaluates whether an individual can do Prepare work schedules and station arrangements and keep attendance records..
  Options are: ""Required"" or ""Not Required"". 
  The tools include:
   - ""Spreadsheet software""
   - ""Code execution environment""
   - ""Text editor""
   - ""Image viewer""
   - ""Image generator""
   - ""Presentation software""
   - ""Online search engine""
   - ""Video conferencing""
   - ""Chat interfaces""
   - ""Email client""
   - ""Internet access""
   - ""Specialized software""


4. **Feasibility of a practical exam:**
    Evaluate whether the task can meaningfully be tested in a practical, remote exam.
    - If you think this is possible, answer True,
    - Otherwise answer False

5. **Chain-of-Thought Reasoning:**  
   Optionally, include a brief chain-of-thought explanation (no more than 150 words) for your evaluations in a field called `""chain_of_thought""`.

**Output Requirement:**  
Return a JSON object strictly adhering to the provided structure, without any extra commentary outside of the JSON fields.

**Expected JSON Structure:**
{
  ""task_id"": ""7193"",
  ""occupation"": ""Gaming Managers"",
  ""task_description"": ""Prepare work schedules and station arrangements and keep attendance records."",
  ""can_be_performed_remotely"": true/false,
   ""feasibility_practical"": true/false,




  ""materials"": {
    ""Text"": ""Not Required/Required/NA"",
    ""Data"": ""Not Required/Required/NA"",
    ""Images"": ""Not Required/Required/NA"",
    ""Audio files"": ""Not Required/Required/NA"",
    ""Video files"": ""Not Required/Required/NA"",
    ""Virtual labs"": ""Not Required/Required/NA"",
    ""Specialized files"":""Not Required/Required/NA"",
  },

   ""tools"": {
   ""Spreadsheet software"": ""Not Required/Required/NA"",
   ""Code execution environment"": ""Not Required/Required/NA"",
   ""Image viewer"": ""Not Required/Required/NA"",
   ""Image generator"": ""Not Required/Required/NA"",
   ""Text editor"": ""Not Required/Required/NA"",
   ""Presentation software"": ""Not Required/Required/NA"",
   ""Online search engine"": ""Not Required/Required/NA"",
   ""Video conferencing"": ""Not Required/Required/NA"",
   ""Chat interfaces"": ""Not Required/Required/NA"",
   ""Email client"": ""Not Required/Required/NA"",
   ""Internet access"": ""Not Required/Required/NA"",
   ""Specialized software:""""Not Required/Required/NA"",
  },
  ""chain_of_thought"": ""Brief explanation (no more than 150 words).""
}",7193.0,Gaming Managers,Prepare work schedules and station arrangements and keep attendance records.,True,True,"Creating work schedules, station arrangements, and attendance records can be performed remotely as these are administrative tasks. A practical exam can test these skills by providing sample employee data, shift requirements, and station layouts, then asking candidates to create schedules, arrange stations optimally, and maintain attendance records. Spreadsheet software is essential for creating schedules and tracking attendance, while a text editor would be needed for documentation. The exam can be objectively scored by comparing the candidate's solutions against optimal schedules, proper station arrangements, and accurate attendance tracking.",Required,Required,Not Required,Not Required,Not Required,Not Required,Not Required,Required,Not Required,Not Required,Not Required,Required,Not Required,Not Required,Not Required,Not Required,Not Required,Not Required,Not Required,"['Spreadsheet software', 'Text editor']","['Text', 'Data']",management_occupations,False
556,556,560.0,560,"Task ID: 7199

Your assignment is to determine if (1) the task can be performed remotely, (2) it is possible to design a meaningful, **practical** exam for this task and (3) whether such an exam can be evaluated using fact-based scoring. Further, you should identify the required tools and materials that exam takers need to use.

**Definitions:**
- **Remote feasibility**: A task can be performed remotely if it doesn't require a person to be at a specific place or interact with humans face-to-face.

- **Tools:** Software or applications (e.g. coding & development tools, text editor, presentation software, image generator), that are **absolutely** critical for an exam taker to complete any practically relevant and meaningful exam for this task. 

- **Materials:** Digital content (e.g., data files, text, images, audio files) that form part of the test content.

- **Fact based scoring:** Whether the exam can be evaluated using a predefined answer key (objective scoring) or requires subjective assessment, such as evaluating the quality of written responses or creative work.

- **Practical exam:** A practical exam is a an exam actually testing whether the described task can be performed successfully. An exam testing the knowledge about the task is NOT a practical exam.

- **Virtual lab:** A virtual lab is an interactive digital environment that simulates real-world settings, allowing users to perform tasks, collaborate with others, and test scenarios remotely.

- **Images:** Such as product images, photographs, maps, graphs and plots, etc.

- **Specialized software:** Specialized software refers to computer programs designed for specific industry tasks or technical functions, such as Simulink for system modeling, CAD for 3D design or SAP for enterprise resource planning. This category should be used if there is no way to solve the exam using combinations of the other tools and software listed under tools, but some more specialized software is required.

- **Specialized files:** Specialized files refers to files that cannot be parsed into text, data, images, audio or video but are also not part of a virtual lab. This category should be used if there is no way to provide the necessary exam materials using a combination of the other materials listed.

**Instructions:**
1. **Remote Feasibility:**  
   Evaluate whether Review operational expenses, budget estimates, betting accounts, or collection reports for accuracy. can be performed online/remotely or if it requires in-person presence.
   - **If in-person required:** Output `""can_be_performed_remotely"": false` and set all other fields (tools and materials) to `""NA""`.
   - **If remote:** Output `""can_be_performed_remotely"": true` and continue with the evaluation.

2. **Materials Required:**  
   For each material type, determine if it is necessary to provide materials of this type as part of an exam to evaluate Gaming Managers's ability to perform the task (Review operational expenses, budget estimates, betting accounts, or collection reports for accuracy.). 
   Options are: ""Required""or ""Not required"" 
   The materials include:
   - ""Text""
   - ""Data""
   - ""Images""
   - ""Audio files""
   - ""Video files""
   - ""Virtual labs""
   - ""Specialized files""


3. **Tools Required:**  
   For each tool, assess whether it is needed to complete an exam that evaluates whether an individual can do Review operational expenses, budget estimates, betting accounts, or collection reports for accuracy..
  Options are: ""Required"" or ""Not Required"". 
  The tools include:
   - ""Spreadsheet software""
   - ""Code execution environment""
   - ""Text editor""
   - ""Image viewer""
   - ""Image generator""
   - ""Presentation software""
   - ""Online search engine""
   - ""Video conferencing""
   - ""Chat interfaces""
   - ""Email client""
   - ""Internet access""
   - ""Specialized software""


4. **Feasibility of a practical exam:**
    Evaluate whether the task can meaningfully be tested in a practical, remote exam.
    - If you think this is possible, answer True,
    - Otherwise answer False

5. **Chain-of-Thought Reasoning:**  
   Optionally, include a brief chain-of-thought explanation (no more than 150 words) for your evaluations in a field called `""chain_of_thought""`.

**Output Requirement:**  
Return a JSON object strictly adhering to the provided structure, without any extra commentary outside of the JSON fields.

**Expected JSON Structure:**
{
  ""task_id"": ""7199"",
  ""occupation"": ""Gaming Managers"",
  ""task_description"": ""Review operational expenses, budget estimates, betting accounts, or collection reports for accuracy."",
  ""can_be_performed_remotely"": true/false,
   ""feasibility_practical"": true/false,




  ""materials"": {
    ""Text"": ""Not Required/Required/NA"",
    ""Data"": ""Not Required/Required/NA"",
    ""Images"": ""Not Required/Required/NA"",
    ""Audio files"": ""Not Required/Required/NA"",
    ""Video files"": ""Not Required/Required/NA"",
    ""Virtual labs"": ""Not Required/Required/NA"",
    ""Specialized files"":""Not Required/Required/NA"",
  },

   ""tools"": {
   ""Spreadsheet software"": ""Not Required/Required/NA"",
   ""Code execution environment"": ""Not Required/Required/NA"",
   ""Image viewer"": ""Not Required/Required/NA"",
   ""Image generator"": ""Not Required/Required/NA"",
   ""Text editor"": ""Not Required/Required/NA"",
   ""Presentation software"": ""Not Required/Required/NA"",
   ""Online search engine"": ""Not Required/Required/NA"",
   ""Video conferencing"": ""Not Required/Required/NA"",
   ""Chat interfaces"": ""Not Required/Required/NA"",
   ""Email client"": ""Not Required/Required/NA"",
   ""Internet access"": ""Not Required/Required/NA"",
   ""Specialized software:""""Not Required/Required/NA"",
  },
  ""chain_of_thought"": ""Brief explanation (no more than 150 words).""
}",7199.0,Gaming Managers,"Review operational expenses, budget estimates, betting accounts, or collection reports for accuracy.",True,True,"Reviewing financial documents for accuracy is a task that can be performed remotely as it involves analyzing digital documents. A practical exam would provide sample operational expenses, budget estimates, betting accounts, and collection reports containing deliberate errors that the candidate must identify. This requires text documents and numerical data that can be reviewed using spreadsheet software and a text editor. The exam can be objectively scored by checking if the candidate correctly identified all errors against a predefined answer key.",Required,Required,Not Required,Not Required,Not Required,Not Required,Not Required,Required,Not Required,Not Required,Not Required,Required,Not Required,Not Required,Not Required,Not Required,Not Required,Not Required,Not Required,"['Spreadsheet software', 'Text editor']","['Text', 'Data']",management_occupations,False
559,559,563.0,563,"Task ID: 7194

Your assignment is to determine if (1) the task can be performed remotely, (2) it is possible to design a meaningful, **practical** exam for this task and (3) whether such an exam can be evaluated using fact-based scoring. Further, you should identify the required tools and materials that exam takers need to use.

**Definitions:**
- **Remote feasibility**: A task can be performed remotely if it doesn't require a person to be at a specific place or interact with humans face-to-face.

- **Tools:** Software or applications (e.g. coding & development tools, text editor, presentation software, image generator), that are **absolutely** critical for an exam taker to complete any practically relevant and meaningful exam for this task. 

- **Materials:** Digital content (e.g., data files, text, images, audio files) that form part of the test content.

- **Fact based scoring:** Whether the exam can be evaluated using a predefined answer key (objective scoring) or requires subjective assessment, such as evaluating the quality of written responses or creative work.

- **Practical exam:** A practical exam is a an exam actually testing whether the described task can be performed successfully. An exam testing the knowledge about the task is NOT a practical exam.

- **Virtual lab:** A virtual lab is an interactive digital environment that simulates real-world settings, allowing users to perform tasks, collaborate with others, and test scenarios remotely.

- **Images:** Such as product images, photographs, maps, graphs and plots, etc.

- **Specialized software:** Specialized software refers to computer programs designed for specific industry tasks or technical functions, such as Simulink for system modeling, CAD for 3D design or SAP for enterprise resource planning. This category should be used if there is no way to solve the exam using combinations of the other tools and software listed under tools, but some more specialized software is required.

- **Specialized files:** Specialized files refers to files that cannot be parsed into text, data, images, audio or video but are also not part of a virtual lab. This category should be used if there is no way to provide the necessary exam materials using a combination of the other materials listed.

**Instructions:**
1. **Remote Feasibility:**  
   Evaluate whether Direct the distribution of complimentary hotel rooms, meals, or other discounts or free items given to players, based on their length of play and betting totals. can be performed online/remotely or if it requires in-person presence.
   - **If in-person required:** Output `""can_be_performed_remotely"": false` and set all other fields (tools and materials) to `""NA""`.
   - **If remote:** Output `""can_be_performed_remotely"": true` and continue with the evaluation.

2. **Materials Required:**  
   For each material type, determine if it is necessary to provide materials of this type as part of an exam to evaluate Gaming Managers's ability to perform the task (Direct the distribution of complimentary hotel rooms, meals, or other discounts or free items given to players, based on their length of play and betting totals.). 
   Options are: ""Required""or ""Not required"" 
   The materials include:
   - ""Text""
   - ""Data""
   - ""Images""
   - ""Audio files""
   - ""Video files""
   - ""Virtual labs""
   - ""Specialized files""


3. **Tools Required:**  
   For each tool, assess whether it is needed to complete an exam that evaluates whether an individual can do Direct the distribution of complimentary hotel rooms, meals, or other discounts or free items given to players, based on their length of play and betting totals..
  Options are: ""Required"" or ""Not Required"". 
  The tools include:
   - ""Spreadsheet software""
   - ""Code execution environment""
   - ""Text editor""
   - ""Image viewer""
   - ""Image generator""
   - ""Presentation software""
   - ""Online search engine""
   - ""Video conferencing""
   - ""Chat interfaces""
   - ""Email client""
   - ""Internet access""
   - ""Specialized software""


4. **Feasibility of a practical exam:**
    Evaluate whether the task can meaningfully be tested in a practical, remote exam.
    - If you think this is possible, answer True,
    - Otherwise answer False

5. **Chain-of-Thought Reasoning:**  
   Optionally, include a brief chain-of-thought explanation (no more than 150 words) for your evaluations in a field called `""chain_of_thought""`.

**Output Requirement:**  
Return a JSON object strictly adhering to the provided structure, without any extra commentary outside of the JSON fields.

**Expected JSON Structure:**
{
  ""task_id"": ""7194"",
  ""occupation"": ""Gaming Managers"",
  ""task_description"": ""Direct the distribution of complimentary hotel rooms, meals, or other discounts or free items given to players, based on their length of play and betting totals."",
  ""can_be_performed_remotely"": true/false,
   ""feasibility_practical"": true/false,




  ""materials"": {
    ""Text"": ""Not Required/Required/NA"",
    ""Data"": ""Not Required/Required/NA"",
    ""Images"": ""Not Required/Required/NA"",
    ""Audio files"": ""Not Required/Required/NA"",
    ""Video files"": ""Not Required/Required/NA"",
    ""Virtual labs"": ""Not Required/Required/NA"",
    ""Specialized files"":""Not Required/Required/NA"",
  },

   ""tools"": {
   ""Spreadsheet software"": ""Not Required/Required/NA"",
   ""Code execution environment"": ""Not Required/Required/NA"",
   ""Image viewer"": ""Not Required/Required/NA"",
   ""Image generator"": ""Not Required/Required/NA"",
   ""Text editor"": ""Not Required/Required/NA"",
   ""Presentation software"": ""Not Required/Required/NA"",
   ""Online search engine"": ""Not Required/Required/NA"",
   ""Video conferencing"": ""Not Required/Required/NA"",
   ""Chat interfaces"": ""Not Required/Required/NA"",
   ""Email client"": ""Not Required/Required/NA"",
   ""Internet access"": ""Not Required/Required/NA"",
   ""Specialized software:""""Not Required/Required/NA"",
  },
  ""chain_of_thought"": ""Brief explanation (no more than 150 words).""
}",7194.0,Gaming Managers,"Direct the distribution of complimentary hotel rooms, meals, or other discounts or free items given to players, based on their length of play and betting totals.",True,True,"This task involves analyzing player data and making decisions about comps based on established criteria. It can be performed remotely using player tracking data. A practical exam would provide candidate with player data (length of play, betting totals, player status) and ask them to determine appropriate comps based on casino policies. Spreadsheet software would be needed to analyze data and calculate comp values. A text editor would be needed to document decisions and justifications. The exam can be objectively scored by comparing the candidate's comp decisions against predetermined correct answers based on the casino's comp policies.",Required,Required,Not Required,Not Required,Not Required,Not Required,Not Required,Required,Not Required,Not Required,Not Required,Required,Not Required,Not Required,Not Required,Not Required,Not Required,Not Required,Not Required,"['Spreadsheet software', 'Text editor']","['Text', 'Data']",management_occupations,False
560,560,564.0,564,"Task ID: 7195

Your assignment is to determine if (1) the task can be performed remotely, (2) it is possible to design a meaningful, **practical** exam for this task and (3) whether such an exam can be evaluated using fact-based scoring. Further, you should identify the required tools and materials that exam takers need to use.

**Definitions:**
- **Remote feasibility**: A task can be performed remotely if it doesn't require a person to be at a specific place or interact with humans face-to-face.

- **Tools:** Software or applications (e.g. coding & development tools, text editor, presentation software, image generator), that are **absolutely** critical for an exam taker to complete any practically relevant and meaningful exam for this task. 

- **Materials:** Digital content (e.g., data files, text, images, audio files) that form part of the test content.

- **Fact based scoring:** Whether the exam can be evaluated using a predefined answer key (objective scoring) or requires subjective assessment, such as evaluating the quality of written responses or creative work.

- **Practical exam:** A practical exam is a an exam actually testing whether the described task can be performed successfully. An exam testing the knowledge about the task is NOT a practical exam.

- **Virtual lab:** A virtual lab is an interactive digital environment that simulates real-world settings, allowing users to perform tasks, collaborate with others, and test scenarios remotely.

- **Images:** Such as product images, photographs, maps, graphs and plots, etc.

- **Specialized software:** Specialized software refers to computer programs designed for specific industry tasks or technical functions, such as Simulink for system modeling, CAD for 3D design or SAP for enterprise resource planning. This category should be used if there is no way to solve the exam using combinations of the other tools and software listed under tools, but some more specialized software is required.

- **Specialized files:** Specialized files refers to files that cannot be parsed into text, data, images, audio or video but are also not part of a virtual lab. This category should be used if there is no way to provide the necessary exam materials using a combination of the other materials listed.

**Instructions:**
1. **Remote Feasibility:**  
   Evaluate whether Establish policies on issues such as the type of gambling offered and the odds, the extension of credit, or the serving of food and beverages. can be performed online/remotely or if it requires in-person presence.
   - **If in-person required:** Output `""can_be_performed_remotely"": false` and set all other fields (tools and materials) to `""NA""`.
   - **If remote:** Output `""can_be_performed_remotely"": true` and continue with the evaluation.

2. **Materials Required:**  
   For each material type, determine if it is necessary to provide materials of this type as part of an exam to evaluate Gaming Managers's ability to perform the task (Establish policies on issues such as the type of gambling offered and the odds, the extension of credit, or the serving of food and beverages.). 
   Options are: ""Required""or ""Not required"" 
   The materials include:
   - ""Text""
   - ""Data""
   - ""Images""
   - ""Audio files""
   - ""Video files""
   - ""Virtual labs""
   - ""Specialized files""


3. **Tools Required:**  
   For each tool, assess whether it is needed to complete an exam that evaluates whether an individual can do Establish policies on issues such as the type of gambling offered and the odds, the extension of credit, or the serving of food and beverages..
  Options are: ""Required"" or ""Not Required"". 
  The tools include:
   - ""Spreadsheet software""
   - ""Code execution environment""
   - ""Text editor""
   - ""Image viewer""
   - ""Image generator""
   - ""Presentation software""
   - ""Online search engine""
   - ""Video conferencing""
   - ""Chat interfaces""
   - ""Email client""
   - ""Internet access""
   - ""Specialized software""


4. **Feasibility of a practical exam:**
    Evaluate whether the task can meaningfully be tested in a practical, remote exam.
    - If you think this is possible, answer True,
    - Otherwise answer False

5. **Chain-of-Thought Reasoning:**  
   Optionally, include a brief chain-of-thought explanation (no more than 150 words) for your evaluations in a field called `""chain_of_thought""`.

**Output Requirement:**  
Return a JSON object strictly adhering to the provided structure, without any extra commentary outside of the JSON fields.

**Expected JSON Structure:**
{
  ""task_id"": ""7195"",
  ""occupation"": ""Gaming Managers"",
  ""task_description"": ""Establish policies on issues such as the type of gambling offered and the odds, the extension of credit, or the serving of food and beverages."",
  ""can_be_performed_remotely"": true/false,
   ""feasibility_practical"": true/false,




  ""materials"": {
    ""Text"": ""Not Required/Required/NA"",
    ""Data"": ""Not Required/Required/NA"",
    ""Images"": ""Not Required/Required/NA"",
    ""Audio files"": ""Not Required/Required/NA"",
    ""Video files"": ""Not Required/Required/NA"",
    ""Virtual labs"": ""Not Required/Required/NA"",
    ""Specialized files"":""Not Required/Required/NA"",
  },

   ""tools"": {
   ""Spreadsheet software"": ""Not Required/Required/NA"",
   ""Code execution environment"": ""Not Required/Required/NA"",
   ""Image viewer"": ""Not Required/Required/NA"",
   ""Image generator"": ""Not Required/Required/NA"",
   ""Text editor"": ""Not Required/Required/NA"",
   ""Presentation software"": ""Not Required/Required/NA"",
   ""Online search engine"": ""Not Required/Required/NA"",
   ""Video conferencing"": ""Not Required/Required/NA"",
   ""Chat interfaces"": ""Not Required/Required/NA"",
   ""Email client"": ""Not Required/Required/NA"",
   ""Internet access"": ""Not Required/Required/NA"",
   ""Specialized software:""""Not Required/Required/NA"",
  },
  ""chain_of_thought"": ""Brief explanation (no more than 150 words).""
}",7195.0,Gaming Managers,"Establish policies on issues such as the type of gambling offered and the odds, the extension of credit, or the serving of food and beverages.",True,True,"Establishing gambling policies is primarily analytical and documentation work that can be done remotely. A practical exam would present candidates with scenarios requiring them to develop specific policies (e.g., setting odds, credit limits, F&B service standards). Candidates would need text materials (regulations, industry standards), data (financial information), spreadsheet software (for calculations), and text editors (for policy drafting). Responses can be objectively scored against regulatory compliance, financial viability, and operational standards.",Required,Required,Not Required,Not Required,Not Required,Not Required,Not Required,Required,Not Required,Not Required,Not Required,Required,Not Required,Not Required,Not Required,Not Required,Not Required,Not Required,Not Required,"['Spreadsheet software', 'Text editor']","['Text', 'Data']",management_occupations,False
575,575,579.0,579,"Task ID: 1106

Your assignment is to determine if (1) the task can be performed remotely, (2) it is possible to design a meaningful, **practical** exam for this task and (3) whether such an exam can be evaluated using fact-based scoring. Further, you should identify the required tools and materials that exam takers need to use.

**Definitions:**
- **Remote feasibility**: A task can be performed remotely if it doesn't require a person to be at a specific place or interact with humans face-to-face.

- **Tools:** Software or applications (e.g. coding & development tools, text editor, presentation software, image generator), that are **absolutely** critical for an exam taker to complete any practically relevant and meaningful exam for this task. 

- **Materials:** Digital content (e.g., data files, text, images, audio files) that form part of the test content.

- **Fact based scoring:** Whether the exam can be evaluated using a predefined answer key (objective scoring) or requires subjective assessment, such as evaluating the quality of written responses or creative work.

- **Practical exam:** A practical exam is a an exam actually testing whether the described task can be performed successfully. An exam testing the knowledge about the task is NOT a practical exam.

- **Virtual lab:** A virtual lab is an interactive digital environment that simulates real-world settings, allowing users to perform tasks, collaborate with others, and test scenarios remotely.

- **Images:** Such as product images, photographs, maps, graphs and plots, etc.

- **Specialized software:** Specialized software refers to computer programs designed for specific industry tasks or technical functions, such as Simulink for system modeling, CAD for 3D design or SAP for enterprise resource planning. This category should be used if there is no way to solve the exam using combinations of the other tools and software listed under tools, but some more specialized software is required.

- **Specialized files:** Specialized files refers to files that cannot be parsed into text, data, images, audio or video but are also not part of a virtual lab. This category should be used if there is no way to provide the necessary exam materials using a combination of the other materials listed.

**Instructions:**
1. **Remote Feasibility:**  
   Evaluate whether Assign duties to workers, and schedule shifts. can be performed online/remotely or if it requires in-person presence.
   - **If in-person required:** Output `""can_be_performed_remotely"": false` and set all other fields (tools and materials) to `""NA""`.
   - **If remote:** Output `""can_be_performed_remotely"": true` and continue with the evaluation.

2. **Materials Required:**  
   For each material type, determine if it is necessary to provide materials of this type as part of an exam to evaluate Lodging Managers's ability to perform the task (Assign duties to workers, and schedule shifts.). 
   Options are: ""Required""or ""Not required"" 
   The materials include:
   - ""Text""
   - ""Data""
   - ""Images""
   - ""Audio files""
   - ""Video files""
   - ""Virtual labs""
   - ""Specialized files""


3. **Tools Required:**  
   For each tool, assess whether it is needed to complete an exam that evaluates whether an individual can do Assign duties to workers, and schedule shifts..
  Options are: ""Required"" or ""Not Required"". 
  The tools include:
   - ""Spreadsheet software""
   - ""Code execution environment""
   - ""Text editor""
   - ""Image viewer""
   - ""Image generator""
   - ""Presentation software""
   - ""Online search engine""
   - ""Video conferencing""
   - ""Chat interfaces""
   - ""Email client""
   - ""Internet access""
   - ""Specialized software""


4. **Feasibility of a practical exam:**
    Evaluate whether the task can meaningfully be tested in a practical, remote exam.
    - If you think this is possible, answer True,
    - Otherwise answer False

5. **Chain-of-Thought Reasoning:**  
   Optionally, include a brief chain-of-thought explanation (no more than 150 words) for your evaluations in a field called `""chain_of_thought""`.

**Output Requirement:**  
Return a JSON object strictly adhering to the provided structure, without any extra commentary outside of the JSON fields.

**Expected JSON Structure:**
{
  ""task_id"": ""1106"",
  ""occupation"": ""Lodging Managers"",
  ""task_description"": ""Assign duties to workers, and schedule shifts."",
  ""can_be_performed_remotely"": true/false,
   ""feasibility_practical"": true/false,




  ""materials"": {
    ""Text"": ""Not Required/Required/NA"",
    ""Data"": ""Not Required/Required/NA"",
    ""Images"": ""Not Required/Required/NA"",
    ""Audio files"": ""Not Required/Required/NA"",
    ""Video files"": ""Not Required/Required/NA"",
    ""Virtual labs"": ""Not Required/Required/NA"",
    ""Specialized files"":""Not Required/Required/NA"",
  },

   ""tools"": {
   ""Spreadsheet software"": ""Not Required/Required/NA"",
   ""Code execution environment"": ""Not Required/Required/NA"",
   ""Image viewer"": ""Not Required/Required/NA"",
   ""Image generator"": ""Not Required/Required/NA"",
   ""Text editor"": ""Not Required/Required/NA"",
   ""Presentation software"": ""Not Required/Required/NA"",
   ""Online search engine"": ""Not Required/Required/NA"",
   ""Video conferencing"": ""Not Required/Required/NA"",
   ""Chat interfaces"": ""Not Required/Required/NA"",
   ""Email client"": ""Not Required/Required/NA"",
   ""Internet access"": ""Not Required/Required/NA"",
   ""Specialized software:""""Not Required/Required/NA"",
  },
  ""chain_of_thought"": ""Brief explanation (no more than 150 words).""
}",1106.0,Lodging Managers,"Assign duties to workers, and schedule shifts.",True,True,"Assigning duties and scheduling shifts can be performed remotely as it involves planning and coordination that doesn't require physical presence. A practical exam can be designed where candidates use spreadsheet software to create staff schedules based on provided scenarios, staff availability data, and business requirements. The exam can be objectively scored by evaluating if the schedule meets all requirements (adequate coverage, compliance with labor laws, efficient resource allocation). Text and data about staff, business needs, and constraints are essential materials, while spreadsheet software and text editors are the primary tools needed.",Required,Required,Not Required,Not Required,Not Required,Not Required,Not Required,Required,Not Required,Not Required,Not Required,Required,Not Required,Not Required,Not Required,Not Required,Not Required,Not Required,Not Required,"['Spreadsheet software', 'Text editor']","['Text', 'Data']",management_occupations,False
623,623,627.0,627,"Task ID: 15586

Your assignment is to determine if (1) the task can be performed remotely, (2) it is possible to design a meaningful, **practical** exam for this task and (3) whether such an exam can be evaluated using fact-based scoring. Further, you should identify the required tools and materials that exam takers need to use.

**Definitions:**
- **Remote feasibility**: A task can be performed remotely if it doesn't require a person to be at a specific place or interact with humans face-to-face.

- **Tools:** Software or applications (e.g. coding & development tools, text editor, presentation software, image generator), that are **absolutely** critical for an exam taker to complete any practically relevant and meaningful exam for this task. 

- **Materials:** Digital content (e.g., data files, text, images, audio files) that form part of the test content.

- **Fact based scoring:** Whether the exam can be evaluated using a predefined answer key (objective scoring) or requires subjective assessment, such as evaluating the quality of written responses or creative work.

- **Practical exam:** A practical exam is a an exam actually testing whether the described task can be performed successfully. An exam testing the knowledge about the task is NOT a practical exam.

- **Virtual lab:** A virtual lab is an interactive digital environment that simulates real-world settings, allowing users to perform tasks, collaborate with others, and test scenarios remotely.

- **Images:** Such as product images, photographs, maps, graphs and plots, etc.

- **Specialized software:** Specialized software refers to computer programs designed for specific industry tasks or technical functions, such as Simulink for system modeling, CAD for 3D design or SAP for enterprise resource planning. This category should be used if there is no way to solve the exam using combinations of the other tools and software listed under tools, but some more specialized software is required.

- **Specialized files:** Specialized files refers to files that cannot be parsed into text, data, images, audio or video but are also not part of a virtual lab. This category should be used if there is no way to provide the necessary exam materials using a combination of the other materials listed.

**Instructions:**
1. **Remote Feasibility:**  
   Evaluate whether Participate in preparation and management of research budgets and monetary disbursements. can be performed online/remotely or if it requires in-person presence.
   - **If in-person required:** Output `""can_be_performed_remotely"": false` and set all other fields (tools and materials) to `""NA""`.
   - **If remote:** Output `""can_be_performed_remotely"": true` and continue with the evaluation.

2. **Materials Required:**  
   For each material type, determine if it is necessary to provide materials of this type as part of an exam to evaluate Clinical Research Coordinators's ability to perform the task (Participate in preparation and management of research budgets and monetary disbursements.). 
   Options are: ""Required""or ""Not required"" 
   The materials include:
   - ""Text""
   - ""Data""
   - ""Images""
   - ""Audio files""
   - ""Video files""
   - ""Virtual labs""
   - ""Specialized files""


3. **Tools Required:**  
   For each tool, assess whether it is needed to complete an exam that evaluates whether an individual can do Participate in preparation and management of research budgets and monetary disbursements..
  Options are: ""Required"" or ""Not Required"". 
  The tools include:
   - ""Spreadsheet software""
   - ""Code execution environment""
   - ""Text editor""
   - ""Image viewer""
   - ""Image generator""
   - ""Presentation software""
   - ""Online search engine""
   - ""Video conferencing""
   - ""Chat interfaces""
   - ""Email client""
   - ""Internet access""
   - ""Specialized software""


4. **Feasibility of a practical exam:**
    Evaluate whether the task can meaningfully be tested in a practical, remote exam.
    - If you think this is possible, answer True,
    - Otherwise answer False

5. **Chain-of-Thought Reasoning:**  
   Optionally, include a brief chain-of-thought explanation (no more than 150 words) for your evaluations in a field called `""chain_of_thought""`.

**Output Requirement:**  
Return a JSON object strictly adhering to the provided structure, without any extra commentary outside of the JSON fields.

**Expected JSON Structure:**
{
  ""task_id"": ""15586"",
  ""occupation"": ""Clinical Research Coordinators"",
  ""task_description"": ""Participate in preparation and management of research budgets and monetary disbursements."",
  ""can_be_performed_remotely"": true/false,
   ""feasibility_practical"": true/false,




  ""materials"": {
    ""Text"": ""Not Required/Required/NA"",
    ""Data"": ""Not Required/Required/NA"",
    ""Images"": ""Not Required/Required/NA"",
    ""Audio files"": ""Not Required/Required/NA"",
    ""Video files"": ""Not Required/Required/NA"",
    ""Virtual labs"": ""Not Required/Required/NA"",
    ""Specialized files"":""Not Required/Required/NA"",
  },

   ""tools"": {
   ""Spreadsheet software"": ""Not Required/Required/NA"",
   ""Code execution environment"": ""Not Required/Required/NA"",
   ""Image viewer"": ""Not Required/Required/NA"",
   ""Image generator"": ""Not Required/Required/NA"",
   ""Text editor"": ""Not Required/Required/NA"",
   ""Presentation software"": ""Not Required/Required/NA"",
   ""Online search engine"": ""Not Required/Required/NA"",
   ""Video conferencing"": ""Not Required/Required/NA"",
   ""Chat interfaces"": ""Not Required/Required/NA"",
   ""Email client"": ""Not Required/Required/NA"",
   ""Internet access"": ""Not Required/Required/NA"",
   ""Specialized software:""""Not Required/Required/NA"",
  },
  ""chain_of_thought"": ""Brief explanation (no more than 150 words).""
}",15586.0,Clinical Research Coordinators,Participate in preparation and management of research budgets and monetary disbursements.,True,True,"Budget preparation and management for clinical research can be performed remotely as it primarily involves financial calculations, documentation, and tracking. A practical exam could provide candidates with sample research protocols, cost data, and funding information, requiring them to create a comprehensive research budget, identify allowable costs, calculate personnel expenses, and develop a disbursement schedule. This can be evaluated objectively by comparing calculations, budget categorizations, and compliance with provided guidelines. Spreadsheet software is essential for budget calculations, while a text editor would be needed for narrative budget justifications.",Required,Required,Not Required,Not Required,Not Required,Not Required,Not Required,Required,Not Required,Not Required,Not Required,Required,Not Required,Not Required,Not Required,Not Required,Not Required,Not Required,Not Required,"['Spreadsheet software', 'Text editor']","['Text', 'Data']",management_occupations,False
652,652,658.0,658,"Task ID: 5264

Your assignment is to determine if (1) the task can be performed remotely, (2) it is possible to design a meaningful, **practical** exam for this task and (3) whether such an exam can be evaluated using fact-based scoring. Further, you should identify the required tools and materials that exam takers need to use.

**Definitions:**
- **Remote feasibility**: A task can be performed remotely if it doesn't require a person to be at a specific place or interact with humans face-to-face.

- **Tools:** Software or applications (e.g. coding & development tools, text editor, presentation software, image generator), that are **absolutely** critical for an exam taker to complete any practically relevant and meaningful exam for this task. 

- **Materials:** Digital content (e.g., data files, text, images, audio files) that form part of the test content.

- **Fact based scoring:** Whether the exam can be evaluated using a predefined answer key (objective scoring) or requires subjective assessment, such as evaluating the quality of written responses or creative work.

- **Practical exam:** A practical exam is a an exam actually testing whether the described task can be performed successfully. An exam testing the knowledge about the task is NOT a practical exam.

- **Virtual lab:** A virtual lab is an interactive digital environment that simulates real-world settings, allowing users to perform tasks, collaborate with others, and test scenarios remotely.

- **Images:** Such as product images, photographs, maps, graphs and plots, etc.

- **Specialized software:** Specialized software refers to computer programs designed for specific industry tasks or technical functions, such as Simulink for system modeling, CAD for 3D design or SAP for enterprise resource planning. This category should be used if there is no way to solve the exam using combinations of the other tools and software listed under tools, but some more specialized software is required.

- **Specialized files:** Specialized files refers to files that cannot be parsed into text, data, images, audio or video but are also not part of a virtual lab. This category should be used if there is no way to provide the necessary exam materials using a combination of the other materials listed.

**Instructions:**
1. **Remote Feasibility:**  
   Evaluate whether Prepare employee work schedules. can be performed online/remotely or if it requires in-person presence.
   - **If in-person required:** Output `""can_be_performed_remotely"": false` and set all other fields (tools and materials) to `""NA""`.
   - **If remote:** Output `""can_be_performed_remotely"": true` and continue with the evaluation.

2. **Materials Required:**  
   For each material type, determine if it is necessary to provide materials of this type as part of an exam to evaluate Postmasters and Mail Superintendents's ability to perform the task (Prepare employee work schedules.). 
   Options are: ""Required""or ""Not required"" 
   The materials include:
   - ""Text""
   - ""Data""
   - ""Images""
   - ""Audio files""
   - ""Video files""
   - ""Virtual labs""
   - ""Specialized files""


3. **Tools Required:**  
   For each tool, assess whether it is needed to complete an exam that evaluates whether an individual can do Prepare employee work schedules..
  Options are: ""Required"" or ""Not Required"". 
  The tools include:
   - ""Spreadsheet software""
   - ""Code execution environment""
   - ""Text editor""
   - ""Image viewer""
   - ""Image generator""
   - ""Presentation software""
   - ""Online search engine""
   - ""Video conferencing""
   - ""Chat interfaces""
   - ""Email client""
   - ""Internet access""
   - ""Specialized software""


4. **Feasibility of a practical exam:**
    Evaluate whether the task can meaningfully be tested in a practical, remote exam.
    - If you think this is possible, answer True,
    - Otherwise answer False

5. **Chain-of-Thought Reasoning:**  
   Optionally, include a brief chain-of-thought explanation (no more than 150 words) for your evaluations in a field called `""chain_of_thought""`.

**Output Requirement:**  
Return a JSON object strictly adhering to the provided structure, without any extra commentary outside of the JSON fields.

**Expected JSON Structure:**
{
  ""task_id"": ""5264"",
  ""occupation"": ""Postmasters and Mail Superintendents"",
  ""task_description"": ""Prepare employee work schedules."",
  ""can_be_performed_remotely"": true/false,
   ""feasibility_practical"": true/false,




  ""materials"": {
    ""Text"": ""Not Required/Required/NA"",
    ""Data"": ""Not Required/Required/NA"",
    ""Images"": ""Not Required/Required/NA"",
    ""Audio files"": ""Not Required/Required/NA"",
    ""Video files"": ""Not Required/Required/NA"",
    ""Virtual labs"": ""Not Required/Required/NA"",
    ""Specialized files"":""Not Required/Required/NA"",
  },

   ""tools"": {
   ""Spreadsheet software"": ""Not Required/Required/NA"",
   ""Code execution environment"": ""Not Required/Required/NA"",
   ""Image viewer"": ""Not Required/Required/NA"",
   ""Image generator"": ""Not Required/Required/NA"",
   ""Text editor"": ""Not Required/Required/NA"",
   ""Presentation software"": ""Not Required/Required/NA"",
   ""Online search engine"": ""Not Required/Required/NA"",
   ""Video conferencing"": ""Not Required/Required/NA"",
   ""Chat interfaces"": ""Not Required/Required/NA"",
   ""Email client"": ""Not Required/Required/NA"",
   ""Internet access"": ""Not Required/Required/NA"",
   ""Specialized software:""""Not Required/Required/NA"",
  },
  ""chain_of_thought"": ""Brief explanation (no more than 150 words).""
}",5264.0,Postmasters and Mail Superintendents,Prepare employee work schedules.,True,True,"Preparing employee work schedules can be done remotely using spreadsheet software and text editors. A practical exam could provide employee data (availability, qualifications, hours), postal facility requirements, and scheduling constraints. Exam takers would create compliant schedules using spreadsheets. Scoring can be fact-based by checking if schedules meet requirements like proper coverage, legal work hour limits, and fair distribution. This task doesn't require specialized software, as standard spreadsheet applications are sufficient for schedule creation.",Required,Required,Not Required,Not Required,Not Required,Not Required,Not Required,Required,Not Required,Not Required,Not Required,Required,Not Required,Not Required,Not Required,Not Required,Not Required,Not Required,Not Required,"['Spreadsheet software', 'Text editor']","['Text', 'Data']",management_occupations,False
662,662,668.0,668,"Task ID: 7228

Your assignment is to determine if (1) the task can be performed remotely, (2) it is possible to design a meaningful, **practical** exam for this task and (3) whether such an exam can be evaluated using fact-based scoring. Further, you should identify the required tools and materials that exam takers need to use.

**Definitions:**
- **Remote feasibility**: A task can be performed remotely if it doesn't require a person to be at a specific place or interact with humans face-to-face.

- **Tools:** Software or applications (e.g. coding & development tools, text editor, presentation software, image generator), that are **absolutely** critical for an exam taker to complete any practically relevant and meaningful exam for this task. 

- **Materials:** Digital content (e.g., data files, text, images, audio files) that form part of the test content.

- **Fact based scoring:** Whether the exam can be evaluated using a predefined answer key (objective scoring) or requires subjective assessment, such as evaluating the quality of written responses or creative work.

- **Practical exam:** A practical exam is a an exam actually testing whether the described task can be performed successfully. An exam testing the knowledge about the task is NOT a practical exam.

- **Virtual lab:** A virtual lab is an interactive digital environment that simulates real-world settings, allowing users to perform tasks, collaborate with others, and test scenarios remotely.

- **Images:** Such as product images, photographs, maps, graphs and plots, etc.

- **Specialized software:** Specialized software refers to computer programs designed for specific industry tasks or technical functions, such as Simulink for system modeling, CAD for 3D design or SAP for enterprise resource planning. This category should be used if there is no way to solve the exam using combinations of the other tools and software listed under tools, but some more specialized software is required.

- **Specialized files:** Specialized files refers to files that cannot be parsed into text, data, images, audio or video but are also not part of a virtual lab. This category should be used if there is no way to provide the necessary exam materials using a combination of the other materials listed.

**Instructions:**
1. **Remote Feasibility:**  
   Evaluate whether Prepare detailed budgets and financial reports for properties. can be performed online/remotely or if it requires in-person presence.
   - **If in-person required:** Output `""can_be_performed_remotely"": false` and set all other fields (tools and materials) to `""NA""`.
   - **If remote:** Output `""can_be_performed_remotely"": true` and continue with the evaluation.

2. **Materials Required:**  
   For each material type, determine if it is necessary to provide materials of this type as part of an exam to evaluate Property, Real Estate, and Community Association Managers's ability to perform the task (Prepare detailed budgets and financial reports for properties.). 
   Options are: ""Required""or ""Not required"" 
   The materials include:
   - ""Text""
   - ""Data""
   - ""Images""
   - ""Audio files""
   - ""Video files""
   - ""Virtual labs""
   - ""Specialized files""


3. **Tools Required:**  
   For each tool, assess whether it is needed to complete an exam that evaluates whether an individual can do Prepare detailed budgets and financial reports for properties..
  Options are: ""Required"" or ""Not Required"". 
  The tools include:
   - ""Spreadsheet software""
   - ""Code execution environment""
   - ""Text editor""
   - ""Image viewer""
   - ""Image generator""
   - ""Presentation software""
   - ""Online search engine""
   - ""Video conferencing""
   - ""Chat interfaces""
   - ""Email client""
   - ""Internet access""
   - ""Specialized software""


4. **Feasibility of a practical exam:**
    Evaluate whether the task can meaningfully be tested in a practical, remote exam.
    - If you think this is possible, answer True,
    - Otherwise answer False

5. **Chain-of-Thought Reasoning:**  
   Optionally, include a brief chain-of-thought explanation (no more than 150 words) for your evaluations in a field called `""chain_of_thought""`.

**Output Requirement:**  
Return a JSON object strictly adhering to the provided structure, without any extra commentary outside of the JSON fields.

**Expected JSON Structure:**
{
  ""task_id"": ""7228"",
  ""occupation"": ""Property, Real Estate, and Community Association Managers"",
  ""task_description"": ""Prepare detailed budgets and financial reports for properties."",
  ""can_be_performed_remotely"": true/false,
   ""feasibility_practical"": true/false,




  ""materials"": {
    ""Text"": ""Not Required/Required/NA"",
    ""Data"": ""Not Required/Required/NA"",
    ""Images"": ""Not Required/Required/NA"",
    ""Audio files"": ""Not Required/Required/NA"",
    ""Video files"": ""Not Required/Required/NA"",
    ""Virtual labs"": ""Not Required/Required/NA"",
    ""Specialized files"":""Not Required/Required/NA"",
  },

   ""tools"": {
   ""Spreadsheet software"": ""Not Required/Required/NA"",
   ""Code execution environment"": ""Not Required/Required/NA"",
   ""Image viewer"": ""Not Required/Required/NA"",
   ""Image generator"": ""Not Required/Required/NA"",
   ""Text editor"": ""Not Required/Required/NA"",
   ""Presentation software"": ""Not Required/Required/NA"",
   ""Online search engine"": ""Not Required/Required/NA"",
   ""Video conferencing"": ""Not Required/Required/NA"",
   ""Chat interfaces"": ""Not Required/Required/NA"",
   ""Email client"": ""Not Required/Required/NA"",
   ""Internet access"": ""Not Required/Required/NA"",
   ""Specialized software:""""Not Required/Required/NA"",
  },
  ""chain_of_thought"": ""Brief explanation (no more than 150 words).""
}",7228.0,"Property, Real Estate, and Community Association Managers",Prepare detailed budgets and financial reports for properties.,True,True,"Preparing property budgets and financial reports is primarily a desk-based task that can be performed remotely. A practical exam would involve providing candidates with property data (income, expenses, maintenance costs) and asking them to create budgets and financial reports. Spreadsheet software is essential for calculations and formatting financial data. A text editor would be needed for narrative explanations. The exam can be objectively scored by comparing calculations, formulas, and report components against a model answer.",Required,Required,Not Required,Not Required,Not Required,Not Required,Not Required,Required,Not Required,Not Required,Not Required,Required,Not Required,Not Required,Not Required,Not Required,Not Required,Not Required,Not Required,"['Spreadsheet software', 'Text editor']","['Text', 'Data']",management_occupations,False
678,678,685.0,685,"Task ID: 1137

Your assignment is to determine if (1) the task can be performed remotely, (2) it is possible to design a meaningful, **practical** exam for this task and (3) whether such an exam can be evaluated using fact-based scoring. Further, you should identify the required tools and materials that exam takers need to use.

**Definitions:**
- **Remote feasibility**: A task can be performed remotely if it doesn't require a person to be at a specific place or interact with humans face-to-face.

- **Tools:** Software or applications (e.g. coding & development tools, text editor, presentation software, image generator), that are **absolutely** critical for an exam taker to complete any practically relevant and meaningful exam for this task. 

- **Materials:** Digital content (e.g., data files, text, images, audio files) that form part of the test content.

- **Fact based scoring:** Whether the exam can be evaluated using a predefined answer key (objective scoring) or requires subjective assessment, such as evaluating the quality of written responses or creative work.

- **Practical exam:** A practical exam is a an exam actually testing whether the described task can be performed successfully. An exam testing the knowledge about the task is NOT a practical exam.

- **Virtual lab:** A virtual lab is an interactive digital environment that simulates real-world settings, allowing users to perform tasks, collaborate with others, and test scenarios remotely.

- **Images:** Such as product images, photographs, maps, graphs and plots, etc.

- **Specialized software:** Specialized software refers to computer programs designed for specific industry tasks or technical functions, such as Simulink for system modeling, CAD for 3D design or SAP for enterprise resource planning. This category should be used if there is no way to solve the exam using combinations of the other tools and software listed under tools, but some more specialized software is required.

- **Specialized files:** Specialized files refers to files that cannot be parsed into text, data, images, audio or video but are also not part of a virtual lab. This category should be used if there is no way to provide the necessary exam materials using a combination of the other materials listed.

**Instructions:**
1. **Remote Feasibility:**  
   Evaluate whether Plan and administer budgets for programs, equipment, and support services. can be performed online/remotely or if it requires in-person presence.
   - **If in-person required:** Output `""can_be_performed_remotely"": false` and set all other fields (tools and materials) to `""NA""`.
   - **If remote:** Output `""can_be_performed_remotely"": true` and continue with the evaluation.

2. **Materials Required:**  
   For each material type, determine if it is necessary to provide materials of this type as part of an exam to evaluate Social and Community Service Managers's ability to perform the task (Plan and administer budgets for programs, equipment, and support services.). 
   Options are: ""Required""or ""Not required"" 
   The materials include:
   - ""Text""
   - ""Data""
   - ""Images""
   - ""Audio files""
   - ""Video files""
   - ""Virtual labs""
   - ""Specialized files""


3. **Tools Required:**  
   For each tool, assess whether it is needed to complete an exam that evaluates whether an individual can do Plan and administer budgets for programs, equipment, and support services..
  Options are: ""Required"" or ""Not Required"". 
  The tools include:
   - ""Spreadsheet software""
   - ""Code execution environment""
   - ""Text editor""
   - ""Image viewer""
   - ""Image generator""
   - ""Presentation software""
   - ""Online search engine""
   - ""Video conferencing""
   - ""Chat interfaces""
   - ""Email client""
   - ""Internet access""
   - ""Specialized software""


4. **Feasibility of a practical exam:**
    Evaluate whether the task can meaningfully be tested in a practical, remote exam.
    - If you think this is possible, answer True,
    - Otherwise answer False

5. **Chain-of-Thought Reasoning:**  
   Optionally, include a brief chain-of-thought explanation (no more than 150 words) for your evaluations in a field called `""chain_of_thought""`.

**Output Requirement:**  
Return a JSON object strictly adhering to the provided structure, without any extra commentary outside of the JSON fields.

**Expected JSON Structure:**
{
  ""task_id"": ""1137"",
  ""occupation"": ""Social and Community Service Managers"",
  ""task_description"": ""Plan and administer budgets for programs, equipment, and support services."",
  ""can_be_performed_remotely"": true/false,
   ""feasibility_practical"": true/false,




  ""materials"": {
    ""Text"": ""Not Required/Required/NA"",
    ""Data"": ""Not Required/Required/NA"",
    ""Images"": ""Not Required/Required/NA"",
    ""Audio files"": ""Not Required/Required/NA"",
    ""Video files"": ""Not Required/Required/NA"",
    ""Virtual labs"": ""Not Required/Required/NA"",
    ""Specialized files"":""Not Required/Required/NA"",
  },

   ""tools"": {
   ""Spreadsheet software"": ""Not Required/Required/NA"",
   ""Code execution environment"": ""Not Required/Required/NA"",
   ""Image viewer"": ""Not Required/Required/NA"",
   ""Image generator"": ""Not Required/Required/NA"",
   ""Text editor"": ""Not Required/Required/NA"",
   ""Presentation software"": ""Not Required/Required/NA"",
   ""Online search engine"": ""Not Required/Required/NA"",
   ""Video conferencing"": ""Not Required/Required/NA"",
   ""Chat interfaces"": ""Not Required/Required/NA"",
   ""Email client"": ""Not Required/Required/NA"",
   ""Internet access"": ""Not Required/Required/NA"",
   ""Specialized software:""""Not Required/Required/NA"",
  },
  ""chain_of_thought"": ""Brief explanation (no more than 150 words).""
}",1137.0,Social and Community Service Managers,"Plan and administer budgets for programs, equipment, and support services.",True,True,"Budget planning and administration is primarily a digital task that can be performed remotely. A practical exam would involve providing candidates with program descriptions, financial constraints, and resource requirements (text and data), then asking them to create and manage a budget using spreadsheet software. Candidates would need to allocate funds appropriately, track expenses, make adjustments based on scenarios, and justify decisions. This can be objectively scored by evaluating mathematical accuracy, compliance with constraints, and appropriate allocation decisions against a rubric.",Required,Required,Not Required,Not Required,Not Required,Not Required,Not Required,Required,Not Required,Not Required,Not Required,Required,Not Required,Not Required,Not Required,Not Required,Not Required,Not Required,Not Required,"['Spreadsheet software', 'Text editor']","['Text', 'Data']",management_occupations,False
679,679,686.0,686,"Task ID: 1132

Your assignment is to determine if (1) the task can be performed remotely, (2) it is possible to design a meaningful, **practical** exam for this task and (3) whether such an exam can be evaluated using fact-based scoring. Further, you should identify the required tools and materials that exam takers need to use.

**Definitions:**
- **Remote feasibility**: A task can be performed remotely if it doesn't require a person to be at a specific place or interact with humans face-to-face.

- **Tools:** Software or applications (e.g. coding & development tools, text editor, presentation software, image generator), that are **absolutely** critical for an exam taker to complete any practically relevant and meaningful exam for this task. 

- **Materials:** Digital content (e.g., data files, text, images, audio files) that form part of the test content.

- **Fact based scoring:** Whether the exam can be evaluated using a predefined answer key (objective scoring) or requires subjective assessment, such as evaluating the quality of written responses or creative work.

- **Practical exam:** A practical exam is a an exam actually testing whether the described task can be performed successfully. An exam testing the knowledge about the task is NOT a practical exam.

- **Virtual lab:** A virtual lab is an interactive digital environment that simulates real-world settings, allowing users to perform tasks, collaborate with others, and test scenarios remotely.

- **Images:** Such as product images, photographs, maps, graphs and plots, etc.

- **Specialized software:** Specialized software refers to computer programs designed for specific industry tasks or technical functions, such as Simulink for system modeling, CAD for 3D design or SAP for enterprise resource planning. This category should be used if there is no way to solve the exam using combinations of the other tools and software listed under tools, but some more specialized software is required.

- **Specialized files:** Specialized files refers to files that cannot be parsed into text, data, images, audio or video but are also not part of a virtual lab. This category should be used if there is no way to provide the necessary exam materials using a combination of the other materials listed.

**Instructions:**
1. **Remote Feasibility:**  
   Evaluate whether Participate in the determination of organizational policies regarding such issues as participant eligibility, program requirements, and program benefits. can be performed online/remotely or if it requires in-person presence.
   - **If in-person required:** Output `""can_be_performed_remotely"": false` and set all other fields (tools and materials) to `""NA""`.
   - **If remote:** Output `""can_be_performed_remotely"": true` and continue with the evaluation.

2. **Materials Required:**  
   For each material type, determine if it is necessary to provide materials of this type as part of an exam to evaluate Social and Community Service Managers's ability to perform the task (Participate in the determination of organizational policies regarding such issues as participant eligibility, program requirements, and program benefits.). 
   Options are: ""Required""or ""Not required"" 
   The materials include:
   - ""Text""
   - ""Data""
   - ""Images""
   - ""Audio files""
   - ""Video files""
   - ""Virtual labs""
   - ""Specialized files""


3. **Tools Required:**  
   For each tool, assess whether it is needed to complete an exam that evaluates whether an individual can do Participate in the determination of organizational policies regarding such issues as participant eligibility, program requirements, and program benefits..
  Options are: ""Required"" or ""Not Required"". 
  The tools include:
   - ""Spreadsheet software""
   - ""Code execution environment""
   - ""Text editor""
   - ""Image viewer""
   - ""Image generator""
   - ""Presentation software""
   - ""Online search engine""
   - ""Video conferencing""
   - ""Chat interfaces""
   - ""Email client""
   - ""Internet access""
   - ""Specialized software""


4. **Feasibility of a practical exam:**
    Evaluate whether the task can meaningfully be tested in a practical, remote exam.
    - If you think this is possible, answer True,
    - Otherwise answer False

5. **Chain-of-Thought Reasoning:**  
   Optionally, include a brief chain-of-thought explanation (no more than 150 words) for your evaluations in a field called `""chain_of_thought""`.

**Output Requirement:**  
Return a JSON object strictly adhering to the provided structure, without any extra commentary outside of the JSON fields.

**Expected JSON Structure:**
{
  ""task_id"": ""1132"",
  ""occupation"": ""Social and Community Service Managers"",
  ""task_description"": ""Participate in the determination of organizational policies regarding such issues as participant eligibility, program requirements, and program benefits."",
  ""can_be_performed_remotely"": true/false,
   ""feasibility_practical"": true/false,




  ""materials"": {
    ""Text"": ""Not Required/Required/NA"",
    ""Data"": ""Not Required/Required/NA"",
    ""Images"": ""Not Required/Required/NA"",
    ""Audio files"": ""Not Required/Required/NA"",
    ""Video files"": ""Not Required/Required/NA"",
    ""Virtual labs"": ""Not Required/Required/NA"",
    ""Specialized files"":""Not Required/Required/NA"",
  },

   ""tools"": {
   ""Spreadsheet software"": ""Not Required/Required/NA"",
   ""Code execution environment"": ""Not Required/Required/NA"",
   ""Image viewer"": ""Not Required/Required/NA"",
   ""Image generator"": ""Not Required/Required/NA"",
   ""Text editor"": ""Not Required/Required/NA"",
   ""Presentation software"": ""Not Required/Required/NA"",
   ""Online search engine"": ""Not Required/Required/NA"",
   ""Video conferencing"": ""Not Required/Required/NA"",
   ""Chat interfaces"": ""Not Required/Required/NA"",
   ""Email client"": ""Not Required/Required/NA"",
   ""Internet access"": ""Not Required/Required/NA"",
   ""Specialized software:""""Not Required/Required/NA"",
  },
  ""chain_of_thought"": ""Brief explanation (no more than 150 words).""
}",1132.0,Social and Community Service Managers,"Participate in the determination of organizational policies regarding such issues as participant eligibility, program requirements, and program benefits.",True,True,"This task involves policy determination which can be done remotely through document review and analysis. A practical exam could present candidates with case studies, demographic data, budget constraints, and regulatory requirements, asking them to develop or revise policies for eligibility criteria and program benefits. Text materials (policy documents, regulations) and data (demographic information, budget figures) would be essential. Spreadsheet software would help analyze financial implications, while a text editor would be needed to draft policy recommendations. The exam can be objectively scored against rubrics evaluating policy compliance, feasibility, and comprehensiveness.",Required,Required,Not Required,Not Required,Not Required,Not Required,Not Required,Required,Not Required,Not Required,Not Required,Required,Not Required,Not Required,Not Required,Not Required,Not Required,Not Required,Not Required,"['Spreadsheet software', 'Text editor']","['Text', 'Data']",management_occupations,False
680,680,687.0,687,"Task ID: 1128

Your assignment is to determine if (1) the task can be performed remotely, (2) it is possible to design a meaningful, **practical** exam for this task and (3) whether such an exam can be evaluated using fact-based scoring. Further, you should identify the required tools and materials that exam takers need to use.

**Definitions:**
- **Remote feasibility**: A task can be performed remotely if it doesn't require a person to be at a specific place or interact with humans face-to-face.

- **Tools:** Software or applications (e.g. coding & development tools, text editor, presentation software, image generator), that are **absolutely** critical for an exam taker to complete any practically relevant and meaningful exam for this task. 

- **Materials:** Digital content (e.g., data files, text, images, audio files) that form part of the test content.

- **Fact based scoring:** Whether the exam can be evaluated using a predefined answer key (objective scoring) or requires subjective assessment, such as evaluating the quality of written responses or creative work.

- **Practical exam:** A practical exam is a an exam actually testing whether the described task can be performed successfully. An exam testing the knowledge about the task is NOT a practical exam.

- **Virtual lab:** A virtual lab is an interactive digital environment that simulates real-world settings, allowing users to perform tasks, collaborate with others, and test scenarios remotely.

- **Images:** Such as product images, photographs, maps, graphs and plots, etc.

- **Specialized software:** Specialized software refers to computer programs designed for specific industry tasks or technical functions, such as Simulink for system modeling, CAD for 3D design or SAP for enterprise resource planning. This category should be used if there is no way to solve the exam using combinations of the other tools and software listed under tools, but some more specialized software is required.

- **Specialized files:** Specialized files refers to files that cannot be parsed into text, data, images, audio or video but are also not part of a virtual lab. This category should be used if there is no way to provide the necessary exam materials using a combination of the other materials listed.

**Instructions:**
1. **Remote Feasibility:**  
   Evaluate whether Prepare and maintain records and reports, such as budgets, personnel records, or training manuals. can be performed online/remotely or if it requires in-person presence.
   - **If in-person required:** Output `""can_be_performed_remotely"": false` and set all other fields (tools and materials) to `""NA""`.
   - **If remote:** Output `""can_be_performed_remotely"": true` and continue with the evaluation.

2. **Materials Required:**  
   For each material type, determine if it is necessary to provide materials of this type as part of an exam to evaluate Social and Community Service Managers's ability to perform the task (Prepare and maintain records and reports, such as budgets, personnel records, or training manuals.). 
   Options are: ""Required""or ""Not required"" 
   The materials include:
   - ""Text""
   - ""Data""
   - ""Images""
   - ""Audio files""
   - ""Video files""
   - ""Virtual labs""
   - ""Specialized files""


3. **Tools Required:**  
   For each tool, assess whether it is needed to complete an exam that evaluates whether an individual can do Prepare and maintain records and reports, such as budgets, personnel records, or training manuals..
  Options are: ""Required"" or ""Not Required"". 
  The tools include:
   - ""Spreadsheet software""
   - ""Code execution environment""
   - ""Text editor""
   - ""Image viewer""
   - ""Image generator""
   - ""Presentation software""
   - ""Online search engine""
   - ""Video conferencing""
   - ""Chat interfaces""
   - ""Email client""
   - ""Internet access""
   - ""Specialized software""


4. **Feasibility of a practical exam:**
    Evaluate whether the task can meaningfully be tested in a practical, remote exam.
    - If you think this is possible, answer True,
    - Otherwise answer False

5. **Chain-of-Thought Reasoning:**  
   Optionally, include a brief chain-of-thought explanation (no more than 150 words) for your evaluations in a field called `""chain_of_thought""`.

**Output Requirement:**  
Return a JSON object strictly adhering to the provided structure, without any extra commentary outside of the JSON fields.

**Expected JSON Structure:**
{
  ""task_id"": ""1128"",
  ""occupation"": ""Social and Community Service Managers"",
  ""task_description"": ""Prepare and maintain records and reports, such as budgets, personnel records, or training manuals."",
  ""can_be_performed_remotely"": true/false,
   ""feasibility_practical"": true/false,




  ""materials"": {
    ""Text"": ""Not Required/Required/NA"",
    ""Data"": ""Not Required/Required/NA"",
    ""Images"": ""Not Required/Required/NA"",
    ""Audio files"": ""Not Required/Required/NA"",
    ""Video files"": ""Not Required/Required/NA"",
    ""Virtual labs"": ""Not Required/Required/NA"",
    ""Specialized files"":""Not Required/Required/NA"",
  },

   ""tools"": {
   ""Spreadsheet software"": ""Not Required/Required/NA"",
   ""Code execution environment"": ""Not Required/Required/NA"",
   ""Image viewer"": ""Not Required/Required/NA"",
   ""Image generator"": ""Not Required/Required/NA"",
   ""Text editor"": ""Not Required/Required/NA"",
   ""Presentation software"": ""Not Required/Required/NA"",
   ""Online search engine"": ""Not Required/Required/NA"",
   ""Video conferencing"": ""Not Required/Required/NA"",
   ""Chat interfaces"": ""Not Required/Required/NA"",
   ""Email client"": ""Not Required/Required/NA"",
   ""Internet access"": ""Not Required/Required/NA"",
   ""Specialized software:""""Not Required/Required/NA"",
  },
  ""chain_of_thought"": ""Brief explanation (no more than 150 words).""
}",1128.0,Social and Community Service Managers,"Prepare and maintain records and reports, such as budgets, personnel records, or training manuals.",True,True,"Preparing and maintaining records and reports can be performed remotely as it involves digital documentation. A practical exam can test this by providing sample data and requiring candidates to create budgets, personnel records, or training manuals. This requires text (instructions, templates) and data (financial figures, personnel information). Essential tools include spreadsheet software (for budgets and data organization) and text editors (for reports and manuals). The exam can be objectively scored by comparing outputs against predefined criteria for accuracy, completeness, and proper formatting.",Required,Required,Not Required,Not Required,Not Required,Not Required,Not Required,Required,Not Required,Not Required,Not Required,Required,Not Required,Not Required,Not Required,Not Required,Not Required,Not Required,Not Required,"['Spreadsheet software', 'Text editor']","['Text', 'Data']",management_occupations,False
720,720,728.0,728,"Task ID: 18042

Your assignment is to determine if (1) the task can be performed remotely, (2) it is possible to design a meaningful, **practical** exam for this task and (3) whether such an exam can be evaluated using fact-based scoring. Further, you should identify the required tools and materials that exam takers need to use.

**Definitions:**
- **Remote feasibility**: A task can be performed remotely if it doesn't require a person to be at a specific place or interact with humans face-to-face.

- **Tools:** Software or applications (e.g. coding & development tools, text editor, presentation software, image generator), that are **absolutely** critical for an exam taker to complete any practically relevant and meaningful exam for this task. 

- **Materials:** Digital content (e.g., data files, text, images, audio files) that form part of the test content.

- **Fact based scoring:** Whether the exam can be evaluated using a predefined answer key (objective scoring) or requires subjective assessment, such as evaluating the quality of written responses or creative work.

- **Practical exam:** A practical exam is a an exam actually testing whether the described task can be performed successfully. An exam testing the knowledge about the task is NOT a practical exam.

- **Virtual lab:** A virtual lab is an interactive digital environment that simulates real-world settings, allowing users to perform tasks, collaborate with others, and test scenarios remotely.

- **Images:** Such as product images, photographs, maps, graphs and plots, etc.

- **Specialized software:** Specialized software refers to computer programs designed for specific industry tasks or technical functions, such as Simulink for system modeling, CAD for 3D design or SAP for enterprise resource planning. This category should be used if there is no way to solve the exam using combinations of the other tools and software listed under tools, but some more specialized software is required.

- **Specialized files:** Specialized files refers to files that cannot be parsed into text, data, images, audio or video but are also not part of a virtual lab. This category should be used if there is no way to provide the necessary exam materials using a combination of the other materials listed.

**Instructions:**
1. **Remote Feasibility:**  
   Evaluate whether Develop and maintain standard operating procedures or local working practices. can be performed online/remotely or if it requires in-person presence.
   - **If in-person required:** Output `""can_be_performed_remotely"": false` and set all other fields (tools and materials) to `""NA""`.
   - **If remote:** Output `""can_be_performed_remotely"": true` and continue with the evaluation.

2. **Materials Required:**  
   For each material type, determine if it is necessary to provide materials of this type as part of an exam to evaluate Regulatory Affairs Managers's ability to perform the task (Develop and maintain standard operating procedures or local working practices.). 
   Options are: ""Required""or ""Not required"" 
   The materials include:
   - ""Text""
   - ""Data""
   - ""Images""
   - ""Audio files""
   - ""Video files""
   - ""Virtual labs""
   - ""Specialized files""


3. **Tools Required:**  
   For each tool, assess whether it is needed to complete an exam that evaluates whether an individual can do Develop and maintain standard operating procedures or local working practices..
  Options are: ""Required"" or ""Not Required"". 
  The tools include:
   - ""Spreadsheet software""
   - ""Code execution environment""
   - ""Text editor""
   - ""Image viewer""
   - ""Image generator""
   - ""Presentation software""
   - ""Online search engine""
   - ""Video conferencing""
   - ""Chat interfaces""
   - ""Email client""
   - ""Internet access""
   - ""Specialized software""


4. **Feasibility of a practical exam:**
    Evaluate whether the task can meaningfully be tested in a practical, remote exam.
    - If you think this is possible, answer True,
    - Otherwise answer False

5. **Chain-of-Thought Reasoning:**  
   Optionally, include a brief chain-of-thought explanation (no more than 150 words) for your evaluations in a field called `""chain_of_thought""`.

**Output Requirement:**  
Return a JSON object strictly adhering to the provided structure, without any extra commentary outside of the JSON fields.

**Expected JSON Structure:**
{
  ""task_id"": ""18042"",
  ""occupation"": ""Regulatory Affairs Managers"",
  ""task_description"": ""Develop and maintain standard operating procedures or local working practices."",
  ""can_be_performed_remotely"": true/false,
   ""feasibility_practical"": true/false,




  ""materials"": {
    ""Text"": ""Not Required/Required/NA"",
    ""Data"": ""Not Required/Required/NA"",
    ""Images"": ""Not Required/Required/NA"",
    ""Audio files"": ""Not Required/Required/NA"",
    ""Video files"": ""Not Required/Required/NA"",
    ""Virtual labs"": ""Not Required/Required/NA"",
    ""Specialized files"":""Not Required/Required/NA"",
  },

   ""tools"": {
   ""Spreadsheet software"": ""Not Required/Required/NA"",
   ""Code execution environment"": ""Not Required/Required/NA"",
   ""Image viewer"": ""Not Required/Required/NA"",
   ""Image generator"": ""Not Required/Required/NA"",
   ""Text editor"": ""Not Required/Required/NA"",
   ""Presentation software"": ""Not Required/Required/NA"",
   ""Online search engine"": ""Not Required/Required/NA"",
   ""Video conferencing"": ""Not Required/Required/NA"",
   ""Chat interfaces"": ""Not Required/Required/NA"",
   ""Email client"": ""Not Required/Required/NA"",
   ""Internet access"": ""Not Required/Required/NA"",
   ""Specialized software:""""Not Required/Required/NA"",
  },
  ""chain_of_thought"": ""Brief explanation (no more than 150 words).""
}",18042.0,Regulatory Affairs Managers,Develop and maintain standard operating procedures or local working practices.,True,True,"Developing SOPs is primarily a documentation task that can be performed remotely. A practical exam could provide candidates with regulatory requirements, company policies, and process information (text and data) and ask them to develop or revise an SOP. This requires a text editor to draft the document. The exam can be objectively scored based on inclusion of required elements, proper formatting, clarity, compliance with regulations, and logical workflow. No specialized software is needed beyond a basic text editor, making this task feasible for remote practical assessment.",Required,Required,Not Required,Not Required,Not Required,Not Required,Not Required,Not Required,Not Required,Not Required,Not Required,Required,Not Required,Not Required,Not Required,Not Required,Not Required,Not Required,Not Required,['Text editor'],"['Text', 'Data']",management_occupations,False
726,726,734.0,734,"Task ID: 15638

Your assignment is to determine if (1) the task can be performed remotely, (2) it is possible to design a meaningful, **practical** exam for this task and (3) whether such an exam can be evaluated using fact-based scoring. Further, you should identify the required tools and materials that exam takers need to use.

**Definitions:**
- **Remote feasibility**: A task can be performed remotely if it doesn't require a person to be at a specific place or interact with humans face-to-face.

- **Tools:** Software or applications (e.g. coding & development tools, text editor, presentation software, image generator), that are **absolutely** critical for an exam taker to complete any practically relevant and meaningful exam for this task. 

- **Materials:** Digital content (e.g., data files, text, images, audio files) that form part of the test content.

- **Fact based scoring:** Whether the exam can be evaluated using a predefined answer key (objective scoring) or requires subjective assessment, such as evaluating the quality of written responses or creative work.

- **Practical exam:** A practical exam is a an exam actually testing whether the described task can be performed successfully. An exam testing the knowledge about the task is NOT a practical exam.

- **Virtual lab:** A virtual lab is an interactive digital environment that simulates real-world settings, allowing users to perform tasks, collaborate with others, and test scenarios remotely.

- **Images:** Such as product images, photographs, maps, graphs and plots, etc.

- **Specialized software:** Specialized software refers to computer programs designed for specific industry tasks or technical functions, such as Simulink for system modeling, CAD for 3D design or SAP for enterprise resource planning. This category should be used if there is no way to solve the exam using combinations of the other tools and software listed under tools, but some more specialized software is required.

- **Specialized files:** Specialized files refers to files that cannot be parsed into text, data, images, audio or video but are also not part of a virtual lab. This category should be used if there is no way to provide the necessary exam materials using a combination of the other materials listed.

**Instructions:**
1. **Remote Feasibility:**  
   Evaluate whether Maintain documentation of compliance activities, such as complaints received or investigation outcomes. can be performed online/remotely or if it requires in-person presence.
   - **If in-person required:** Output `""can_be_performed_remotely"": false` and set all other fields (tools and materials) to `""NA""`.
   - **If remote:** Output `""can_be_performed_remotely"": true` and continue with the evaluation.

2. **Materials Required:**  
   For each material type, determine if it is necessary to provide materials of this type as part of an exam to evaluate Compliance Managers's ability to perform the task (Maintain documentation of compliance activities, such as complaints received or investigation outcomes.). 
   Options are: ""Required""or ""Not required"" 
   The materials include:
   - ""Text""
   - ""Data""
   - ""Images""
   - ""Audio files""
   - ""Video files""
   - ""Virtual labs""
   - ""Specialized files""


3. **Tools Required:**  
   For each tool, assess whether it is needed to complete an exam that evaluates whether an individual can do Maintain documentation of compliance activities, such as complaints received or investigation outcomes..
  Options are: ""Required"" or ""Not Required"". 
  The tools include:
   - ""Spreadsheet software""
   - ""Code execution environment""
   - ""Text editor""
   - ""Image viewer""
   - ""Image generator""
   - ""Presentation software""
   - ""Online search engine""
   - ""Video conferencing""
   - ""Chat interfaces""
   - ""Email client""
   - ""Internet access""
   - ""Specialized software""


4. **Feasibility of a practical exam:**
    Evaluate whether the task can meaningfully be tested in a practical, remote exam.
    - If you think this is possible, answer True,
    - Otherwise answer False

5. **Chain-of-Thought Reasoning:**  
   Optionally, include a brief chain-of-thought explanation (no more than 150 words) for your evaluations in a field called `""chain_of_thought""`.

**Output Requirement:**  
Return a JSON object strictly adhering to the provided structure, without any extra commentary outside of the JSON fields.

**Expected JSON Structure:**
{
  ""task_id"": ""15638"",
  ""occupation"": ""Compliance Managers"",
  ""task_description"": ""Maintain documentation of compliance activities, such as complaints received or investigation outcomes."",
  ""can_be_performed_remotely"": true/false,
   ""feasibility_practical"": true/false,




  ""materials"": {
    ""Text"": ""Not Required/Required/NA"",
    ""Data"": ""Not Required/Required/NA"",
    ""Images"": ""Not Required/Required/NA"",
    ""Audio files"": ""Not Required/Required/NA"",
    ""Video files"": ""Not Required/Required/NA"",
    ""Virtual labs"": ""Not Required/Required/NA"",
    ""Specialized files"":""Not Required/Required/NA"",
  },

   ""tools"": {
   ""Spreadsheet software"": ""Not Required/Required/NA"",
   ""Code execution environment"": ""Not Required/Required/NA"",
   ""Image viewer"": ""Not Required/Required/NA"",
   ""Image generator"": ""Not Required/Required/NA"",
   ""Text editor"": ""Not Required/Required/NA"",
   ""Presentation software"": ""Not Required/Required/NA"",
   ""Online search engine"": ""Not Required/Required/NA"",
   ""Video conferencing"": ""Not Required/Required/NA"",
   ""Chat interfaces"": ""Not Required/Required/NA"",
   ""Email client"": ""Not Required/Required/NA"",
   ""Internet access"": ""Not Required/Required/NA"",
   ""Specialized software:""""Not Required/Required/NA"",
  },
  ""chain_of_thought"": ""Brief explanation (no more than 150 words).""
}",15638.0,Compliance Managers,"Maintain documentation of compliance activities, such as complaints received or investigation outcomes.",True,True,"Maintaining compliance documentation is primarily a digital task that can be performed remotely. A practical exam could provide sample compliance incidents (text) and data that needs to be properly documented. Candidates would need spreadsheet software to organize and track compliance activities and a text editor to create formal documentation. The exam could evaluate whether candidates properly document all required elements, maintain appropriate records, and follow compliance protocols. This can be objectively scored by checking if specific required elements are included in the documentation.",Required,Required,Not Required,Not Required,Not Required,Not Required,Not Required,Required,Not Required,Not Required,Not Required,Required,Not Required,Not Required,Not Required,Not Required,Not Required,Not Required,Not Required,"['Spreadsheet software', 'Text editor']","['Text', 'Data']",management_occupations,False
757,757,766.0,766,"Task ID: 15662

Your assignment is to determine if (1) the task can be performed remotely, (2) it is possible to design a meaningful, **practical** exam for this task and (3) whether such an exam can be evaluated using fact-based scoring. Further, you should identify the required tools and materials that exam takers need to use.

**Definitions:**
- **Remote feasibility**: A task can be performed remotely if it doesn't require a person to be at a specific place or interact with humans face-to-face.

- **Tools:** Software or applications (e.g. coding & development tools, text editor, presentation software, image generator), that are **absolutely** critical for an exam taker to complete any practically relevant and meaningful exam for this task. 

- **Materials:** Digital content (e.g., data files, text, images, audio files) that form part of the test content.

- **Fact based scoring:** Whether the exam can be evaluated using a predefined answer key (objective scoring) or requires subjective assessment, such as evaluating the quality of written responses or creative work.

- **Practical exam:** A practical exam is a an exam actually testing whether the described task can be performed successfully. An exam testing the knowledge about the task is NOT a practical exam.

- **Virtual lab:** A virtual lab is an interactive digital environment that simulates real-world settings, allowing users to perform tasks, collaborate with others, and test scenarios remotely.

- **Images:** Such as product images, photographs, maps, graphs and plots, etc.

- **Specialized software:** Specialized software refers to computer programs designed for specific industry tasks or technical functions, such as Simulink for system modeling, CAD for 3D design or SAP for enterprise resource planning. This category should be used if there is no way to solve the exam using combinations of the other tools and software listed under tools, but some more specialized software is required.

- **Specialized files:** Specialized files refers to files that cannot be parsed into text, data, images, audio or video but are also not part of a virtual lab. This category should be used if there is no way to provide the necessary exam materials using a combination of the other materials listed.

**Instructions:**
1. **Remote Feasibility:**  
   Evaluate whether Hire or evaluate staff. can be performed online/remotely or if it requires in-person presence.
   - **If in-person required:** Output `""can_be_performed_remotely"": false` and set all other fields (tools and materials) to `""NA""`.
   - **If remote:** Output `""can_be_performed_remotely"": true` and continue with the evaluation.

2. **Materials Required:**  
   For each material type, determine if it is necessary to provide materials of this type as part of an exam to evaluate Investment Fund Managers's ability to perform the task (Hire or evaluate staff.). 
   Options are: ""Required""or ""Not required"" 
   The materials include:
   - ""Text""
   - ""Data""
   - ""Images""
   - ""Audio files""
   - ""Video files""
   - ""Virtual labs""
   - ""Specialized files""


3. **Tools Required:**  
   For each tool, assess whether it is needed to complete an exam that evaluates whether an individual can do Hire or evaluate staff..
  Options are: ""Required"" or ""Not Required"". 
  The tools include:
   - ""Spreadsheet software""
   - ""Code execution environment""
   - ""Text editor""
   - ""Image viewer""
   - ""Image generator""
   - ""Presentation software""
   - ""Online search engine""
   - ""Video conferencing""
   - ""Chat interfaces""
   - ""Email client""
   - ""Internet access""
   - ""Specialized software""


4. **Feasibility of a practical exam:**
    Evaluate whether the task can meaningfully be tested in a practical, remote exam.
    - If you think this is possible, answer True,
    - Otherwise answer False

5. **Chain-of-Thought Reasoning:**  
   Optionally, include a brief chain-of-thought explanation (no more than 150 words) for your evaluations in a field called `""chain_of_thought""`.

**Output Requirement:**  
Return a JSON object strictly adhering to the provided structure, without any extra commentary outside of the JSON fields.

**Expected JSON Structure:**
{
  ""task_id"": ""15662"",
  ""occupation"": ""Investment Fund Managers"",
  ""task_description"": ""Hire or evaluate staff."",
  ""can_be_performed_remotely"": true/false,
   ""feasibility_practical"": true/false,




  ""materials"": {
    ""Text"": ""Not Required/Required/NA"",
    ""Data"": ""Not Required/Required/NA"",
    ""Images"": ""Not Required/Required/NA"",
    ""Audio files"": ""Not Required/Required/NA"",
    ""Video files"": ""Not Required/Required/NA"",
    ""Virtual labs"": ""Not Required/Required/NA"",
    ""Specialized files"":""Not Required/Required/NA"",
  },

   ""tools"": {
   ""Spreadsheet software"": ""Not Required/Required/NA"",
   ""Code execution environment"": ""Not Required/Required/NA"",
   ""Image viewer"": ""Not Required/Required/NA"",
   ""Image generator"": ""Not Required/Required/NA"",
   ""Text editor"": ""Not Required/Required/NA"",
   ""Presentation software"": ""Not Required/Required/NA"",
   ""Online search engine"": ""Not Required/Required/NA"",
   ""Video conferencing"": ""Not Required/Required/NA"",
   ""Chat interfaces"": ""Not Required/Required/NA"",
   ""Email client"": ""Not Required/Required/NA"",
   ""Internet access"": ""Not Required/Required/NA"",
   ""Specialized software:""""Not Required/Required/NA"",
  },
  ""chain_of_thought"": ""Brief explanation (no more than 150 words).""
}",15662.0,Investment Fund Managers,Hire or evaluate staff.,True,True,"Hiring and evaluating staff can be performed remotely through resume screening, performance data analysis, and evaluation of qualifications. A practical exam could involve reviewing candidate profiles, analyzing performance metrics, making hiring decisions, or conducting performance evaluations based on provided data. This would require text materials (resumes, job descriptions), data (performance metrics), and basic tools like spreadsheet software for analysis and a text editor for documentation. The exam can be objectively scored based on the quality of analysis, decision-making process, and alignment with best practices in talent management.",Required,Required,Not Required,Not Required,Not Required,Not Required,Not Required,Required,Not Required,Not Required,Not Required,Required,Not Required,Not Required,Not Required,Not Required,Not Required,Not Required,Not Required,"['Spreadsheet software', 'Text editor']","['Text', 'Data']",management_occupations,False
776,776,786.0,786,"Task ID: 15682

Your assignment is to determine if (1) the task can be performed remotely, (2) it is possible to design a meaningful, **practical** exam for this task and (3) whether such an exam can be evaluated using fact-based scoring. Further, you should identify the required tools and materials that exam takers need to use.

**Definitions:**
- **Remote feasibility**: A task can be performed remotely if it doesn't require a person to be at a specific place or interact with humans face-to-face.

- **Tools:** Software or applications (e.g. coding & development tools, text editor, presentation software, image generator), that are **absolutely** critical for an exam taker to complete any practically relevant and meaningful exam for this task. 

- **Materials:** Digital content (e.g., data files, text, images, audio files) that form part of the test content.

- **Fact based scoring:** Whether the exam can be evaluated using a predefined answer key (objective scoring) or requires subjective assessment, such as evaluating the quality of written responses or creative work.

- **Practical exam:** A practical exam is a an exam actually testing whether the described task can be performed successfully. An exam testing the knowledge about the task is NOT a practical exam.

- **Virtual lab:** A virtual lab is an interactive digital environment that simulates real-world settings, allowing users to perform tasks, collaborate with others, and test scenarios remotely.

- **Images:** Such as product images, photographs, maps, graphs and plots, etc.

- **Specialized software:** Specialized software refers to computer programs designed for specific industry tasks or technical functions, such as Simulink for system modeling, CAD for 3D design or SAP for enterprise resource planning. This category should be used if there is no way to solve the exam using combinations of the other tools and software listed under tools, but some more specialized software is required.

- **Specialized files:** Specialized files refers to files that cannot be parsed into text, data, images, audio or video but are also not part of a virtual lab. This category should be used if there is no way to provide the necessary exam materials using a combination of the other materials listed.

**Instructions:**
1. **Remote Feasibility:**  
   Evaluate whether Develop material costs forecasts or standard cost lists. can be performed online/remotely or if it requires in-person presence.
   - **If in-person required:** Output `""can_be_performed_remotely"": false` and set all other fields (tools and materials) to `""NA""`.
   - **If remote:** Output `""can_be_performed_remotely"": true` and continue with the evaluation.

2. **Materials Required:**  
   For each material type, determine if it is necessary to provide materials of this type as part of an exam to evaluate Supply Chain Managers's ability to perform the task (Develop material costs forecasts or standard cost lists.). 
   Options are: ""Required""or ""Not required"" 
   The materials include:
   - ""Text""
   - ""Data""
   - ""Images""
   - ""Audio files""
   - ""Video files""
   - ""Virtual labs""
   - ""Specialized files""


3. **Tools Required:**  
   For each tool, assess whether it is needed to complete an exam that evaluates whether an individual can do Develop material costs forecasts or standard cost lists..
  Options are: ""Required"" or ""Not Required"". 
  The tools include:
   - ""Spreadsheet software""
   - ""Code execution environment""
   - ""Text editor""
   - ""Image viewer""
   - ""Image generator""
   - ""Presentation software""
   - ""Online search engine""
   - ""Video conferencing""
   - ""Chat interfaces""
   - ""Email client""
   - ""Internet access""
   - ""Specialized software""


4. **Feasibility of a practical exam:**
    Evaluate whether the task can meaningfully be tested in a practical, remote exam.
    - If you think this is possible, answer True,
    - Otherwise answer False

5. **Chain-of-Thought Reasoning:**  
   Optionally, include a brief chain-of-thought explanation (no more than 150 words) for your evaluations in a field called `""chain_of_thought""`.

**Output Requirement:**  
Return a JSON object strictly adhering to the provided structure, without any extra commentary outside of the JSON fields.

**Expected JSON Structure:**
{
  ""task_id"": ""15682"",
  ""occupation"": ""Supply Chain Managers"",
  ""task_description"": ""Develop material costs forecasts or standard cost lists."",
  ""can_be_performed_remotely"": true/false,
   ""feasibility_practical"": true/false,




  ""materials"": {
    ""Text"": ""Not Required/Required/NA"",
    ""Data"": ""Not Required/Required/NA"",
    ""Images"": ""Not Required/Required/NA"",
    ""Audio files"": ""Not Required/Required/NA"",
    ""Video files"": ""Not Required/Required/NA"",
    ""Virtual labs"": ""Not Required/Required/NA"",
    ""Specialized files"":""Not Required/Required/NA"",
  },

   ""tools"": {
   ""Spreadsheet software"": ""Not Required/Required/NA"",
   ""Code execution environment"": ""Not Required/Required/NA"",
   ""Image viewer"": ""Not Required/Required/NA"",
   ""Image generator"": ""Not Required/Required/NA"",
   ""Text editor"": ""Not Required/Required/NA"",
   ""Presentation software"": ""Not Required/Required/NA"",
   ""Online search engine"": ""Not Required/Required/NA"",
   ""Video conferencing"": ""Not Required/Required/NA"",
   ""Chat interfaces"": ""Not Required/Required/NA"",
   ""Email client"": ""Not Required/Required/NA"",
   ""Internet access"": ""Not Required/Required/NA"",
   ""Specialized software:""""Not Required/Required/NA"",
  },
  ""chain_of_thought"": ""Brief explanation (no more than 150 words).""
}",15682.0,Supply Chain Managers,Develop material costs forecasts or standard cost lists.,True,True,"Developing material cost forecasts is primarily an analytical task that can be performed remotely using spreadsheet software. A practical exam would provide historical cost data, supplier information, and market trend descriptions, then ask candidates to create forecasts or standard cost lists. This requires spreadsheet software for calculations and a text editor for explanations. The exam can be objectively scored by comparing forecasting methods, accuracy of calculations, and appropriateness of cost factors considered. No specialized software is needed as standard spreadsheet applications provide sufficient functionality for this supply chain task.",Required,Required,Not Required,Not Required,Not Required,Not Required,Not Required,Required,Not Required,Not Required,Not Required,Required,Not Required,Not Required,Not Required,Not Required,Not Required,Not Required,Not Required,"['Spreadsheet software', 'Text editor']","['Text', 'Data']",management_occupations,False
793,793,803.0,803,"Task ID: 15762

Your assignment is to determine if (1) the task can be performed remotely, (2) it is possible to design a meaningful, **practical** exam for this task and (3) whether such an exam can be evaluated using fact-based scoring. Further, you should identify the required tools and materials that exam takers need to use.

**Definitions:**
- **Remote feasibility**: A task can be performed remotely if it doesn't require a person to be at a specific place or interact with humans face-to-face.

- **Tools:** Software or applications (e.g. coding & development tools, text editor, presentation software, image generator), that are **absolutely** critical for an exam taker to complete any practically relevant and meaningful exam for this task. 

- **Materials:** Digital content (e.g., data files, text, images, audio files) that form part of the test content.

- **Fact based scoring:** Whether the exam can be evaluated using a predefined answer key (objective scoring) or requires subjective assessment, such as evaluating the quality of written responses or creative work.

- **Practical exam:** A practical exam is a an exam actually testing whether the described task can be performed successfully. An exam testing the knowledge about the task is NOT a practical exam.

- **Virtual lab:** A virtual lab is an interactive digital environment that simulates real-world settings, allowing users to perform tasks, collaborate with others, and test scenarios remotely.

- **Images:** Such as product images, photographs, maps, graphs and plots, etc.

- **Specialized software:** Specialized software refers to computer programs designed for specific industry tasks or technical functions, such as Simulink for system modeling, CAD for 3D design or SAP for enterprise resource planning. This category should be used if there is no way to solve the exam using combinations of the other tools and software listed under tools, but some more specialized software is required.

- **Specialized files:** Specialized files refers to files that cannot be parsed into text, data, images, audio or video but are also not part of a virtual lab. This category should be used if there is no way to provide the necessary exam materials using a combination of the other materials listed.

**Instructions:**
1. **Remote Feasibility:**  
   Evaluate whether Develop budgets for security operations. can be performed online/remotely or if it requires in-person presence.
   - **If in-person required:** Output `""can_be_performed_remotely"": false` and set all other fields (tools and materials) to `""NA""`.
   - **If remote:** Output `""can_be_performed_remotely"": true` and continue with the evaluation.

2. **Materials Required:**  
   For each material type, determine if it is necessary to provide materials of this type as part of an exam to evaluate Security Managers's ability to perform the task (Develop budgets for security operations.). 
   Options are: ""Required""or ""Not required"" 
   The materials include:
   - ""Text""
   - ""Data""
   - ""Images""
   - ""Audio files""
   - ""Video files""
   - ""Virtual labs""
   - ""Specialized files""


3. **Tools Required:**  
   For each tool, assess whether it is needed to complete an exam that evaluates whether an individual can do Develop budgets for security operations..
  Options are: ""Required"" or ""Not Required"". 
  The tools include:
   - ""Spreadsheet software""
   - ""Code execution environment""
   - ""Text editor""
   - ""Image viewer""
   - ""Image generator""
   - ""Presentation software""
   - ""Online search engine""
   - ""Video conferencing""
   - ""Chat interfaces""
   - ""Email client""
   - ""Internet access""
   - ""Specialized software""


4. **Feasibility of a practical exam:**
    Evaluate whether the task can meaningfully be tested in a practical, remote exam.
    - If you think this is possible, answer True,
    - Otherwise answer False

5. **Chain-of-Thought Reasoning:**  
   Optionally, include a brief chain-of-thought explanation (no more than 150 words) for your evaluations in a field called `""chain_of_thought""`.

**Output Requirement:**  
Return a JSON object strictly adhering to the provided structure, without any extra commentary outside of the JSON fields.

**Expected JSON Structure:**
{
  ""task_id"": ""15762"",
  ""occupation"": ""Security Managers"",
  ""task_description"": ""Develop budgets for security operations."",
  ""can_be_performed_remotely"": true/false,
   ""feasibility_practical"": true/false,




  ""materials"": {
    ""Text"": ""Not Required/Required/NA"",
    ""Data"": ""Not Required/Required/NA"",
    ""Images"": ""Not Required/Required/NA"",
    ""Audio files"": ""Not Required/Required/NA"",
    ""Video files"": ""Not Required/Required/NA"",
    ""Virtual labs"": ""Not Required/Required/NA"",
    ""Specialized files"":""Not Required/Required/NA"",
  },

   ""tools"": {
   ""Spreadsheet software"": ""Not Required/Required/NA"",
   ""Code execution environment"": ""Not Required/Required/NA"",
   ""Image viewer"": ""Not Required/Required/NA"",
   ""Image generator"": ""Not Required/Required/NA"",
   ""Text editor"": ""Not Required/Required/NA"",
   ""Presentation software"": ""Not Required/Required/NA"",
   ""Online search engine"": ""Not Required/Required/NA"",
   ""Video conferencing"": ""Not Required/Required/NA"",
   ""Chat interfaces"": ""Not Required/Required/NA"",
   ""Email client"": ""Not Required/Required/NA"",
   ""Internet access"": ""Not Required/Required/NA"",
   ""Specialized software:""""Not Required/Required/NA"",
  },
  ""chain_of_thought"": ""Brief explanation (no more than 150 words).""
}",15762.0,Security Managers,Develop budgets for security operations.,True,True,"Developing security operation budgets is primarily a financial planning task that can be performed remotely. A practical exam would involve providing candidates with text-based scenarios, historical data, and requirements for creating a security budget. Spreadsheet software is essential for calculations, forecasting, and budget modeling. A text editor would be needed for documenting budget justifications. The exam can be objectively scored by evaluating if the budget includes all required elements, uses appropriate formulas, and meets specified constraints.",Required,Required,Not Required,Not Required,Not Required,Not Required,Not Required,Required,Not Required,Not Required,Not Required,Required,Not Required,Not Required,Not Required,Not Required,Not Required,Not Required,Not Required,"['Spreadsheet software', 'Text editor']","['Text', 'Data']",management_occupations,False
