row,prompt,task_id,occupation,task_description,can_be_performed_remotely,feasibility_practical,chain_of_thought,materials.Text,materials.Data,materials.Images,materials.Audio files,materials.Video files,materials.Virtual labs,materials.Speicalized files,tools.Spreadsheet software,tools.Code execution environment,tools.Image viewer,tools.Image generator,tools.Text editor,tools.Presentation software,tools.Online search engine,tools.Video conferencing,tools.Chat interfaces,tools.Email client,tools.Internet access,tools.Specialized software,materials.Specialized files,required_tools,required_materials,missing,O*NET-SOC Code,Task ID,education
33.0,"Task ID: 1159

Your assignment is to determine if (1) the task can be performed remotely, (2) it is possible to design a meaningful, **practical** exam for this task and (3) whether such an exam can be evaluated using fact-based scoring. Further, you should identify the required tools and materials that exam takers need to use.

**Definitions:**
- **Remote feasibility**: A task can be performed remotely if it doesn't require a person to be at a specific place or interact with humans face-to-face.

- **Tools:** Software or applications (e.g. coding & development tools, text editor, presentation software, image generator), that are **absolutely** critical for an exam taker to complete any practically relevant and meaningful exam for this task. 

- **Materials:** Digital content (e.g., data files, text, images, audio files) that form part of the test content.

- **Fact based scoring:** Whether the exam can be evaluated using a predefined answer key (objective scoring) or requires subjective assessment, such as evaluating the quality of written responses or creative work.

- **Practical exam:** A practical exam is a an exam actually testing whether the described task can be performed successfully. An exam testing the knowledge about the task is NOT a practical exam.

- **Virtual lab:** A virtual lab is an interactive digital environment that simulates real-world settings, allowing users to perform tasks, collaborate with others, and test scenarios remotely.

- **Images:** Such as product images, photographs, maps, graphs and plots, etc.

- **Specialized software:** Specialized software refers to computer programs designed for specific industry tasks or technical functions, such as Simulink for system modeling, CAD for 3D design or SAP for enterprise resource planning. This category should be used if there is no way to solve the exam using combinations of the other tools and software listed under tools, but some more specialized software is required.

- **Specialized files:** Specialized files refers to files that cannot be parsed into text, data, images, audio or video but are also not part of a virtual lab. This category should be used if there is no way to provide the necessary exam materials using a combination of the other materials listed.

**Instructions:**
1. **Remote Feasibility:**  
   Evaluate whether Formulate policies and procedures for bid proposals and procurement of goods and services. can be performed online/remotely or if it requires in-person presence.
   - **If in-person required:** Output `""can_be_performed_remotely"": false` and set all other fields (tools and materials) to `""NA""`.
   - **If remote:** Output `""can_be_performed_remotely"": true` and continue with the evaluation.

2. **Materials Required:**  
   For each material type, determine if it is necessary to provide materials of this type as part of an exam to evaluate Purchasing Agents, Except Wholesale, Retail, and Farm Products's ability to perform the task (Formulate policies and procedures for bid proposals and procurement of goods and services.). 
   Options are: ""Required""or ""Not required"" 
   The materials include:
   - ""Text""
   - ""Data""
   - ""Images""
   - ""Audio files""
   - ""Video files""
   - ""Virtual labs""
   - ""Specialized files""


3. **Tools Required:**  
   For each tool, assess whether it is needed to complete an exam that evaluates whether an individual can do Formulate policies and procedures for bid proposals and procurement of goods and services..
  Options are: ""Required"" or ""Not Required"". 
  The tools include:
   - ""Spreadsheet software""
   - ""Code execution environment""
   - ""Text editor""
   - ""Image viewer""
   - ""Image generator""
   - ""Presentation software""
   - ""Online search engine""
   - ""Video conferencing""
   - ""Chat interfaces""
   - ""Email client""
   - ""Internet access""
   - ""Specialized software""


4. **Feasibility of a practical exam:**
    Evaluate whether the task can meaningfully be tested in a practical, remote exam.
    - If you think this is possible, answer True,
    - Otherwise answer False

5. **Chain-of-Thought Reasoning:**  
   Optionally, include a brief chain-of-thought explanation (no more than 150 words) for your evaluations in a field called `""chain_of_thought""`.

**Output Requirement:**  
Return a JSON object strictly adhering to the provided structure, without any extra commentary outside of the JSON fields.

**Expected JSON Structure:**
{
  ""task_id"": ""1159"",
  ""occupation"": ""Purchasing Agents, Except Wholesale, Retail, and Farm Products"",
  ""task_description"": ""Formulate policies and procedures for bid proposals and procurement of goods and services."",
  ""can_be_performed_remotely"": true/false,
   ""feasibility_practical"": true/false,




  ""materials"": {
    ""Text"": ""Not Required/Required/NA"",
    ""Data"": ""Not Required/Required/NA"",
    ""Images"": ""Not Required/Required/NA"",
    ""Audio files"": ""Not Required/Required/NA"",
    ""Video files"": ""Not Required/Required/NA"",
    ""Virtual labs"": ""Not Required/Required/NA"",
    ""Speicalized files"":""Not Required/Required/NA"",
  },

   ""tools"": {
   ""Spreadsheet software"": ""Not Required/Required/NA"",
   ""Code execution environment"": ""Not Required/Required/NA"",
   ""Image viewer"": ""Not Required/Required/NA"",
   ""Image generator"": ""Not Required/Required/NA"",
   ""Text editor"": ""Not Required/Required/NA"",
   ""Presentation software"": ""Not Required/Required/NA"",
   ""Online search engine"": ""Not Required/Required/NA"",
   ""Video conferencing"": ""Not Required/Required/NA"",
   ""Chat interfaces"": ""Not Required/Required/NA"",
   ""Email client"": ""Not Required/Required/NA"",
   ""Internet access"": ""Not Required/Required/NA"",
   ""Specialized software:""""Not Required/Required/NA"",
  },
  ""chain_of_thought"": ""Brief explanation (no more than 150 words).""
}",1159.0,"Purchasing Agents, Except Wholesale, Retail, and Farm Products",Formulate policies and procedures for bid proposals and procurement of goods and services.,True,True,"Formulating procurement policies and procedures can be done remotely as it involves document creation and analysis rather than physical presence. A practical exam could present scenarios requiring candidates to develop bid proposal templates, procurement workflows, and evaluation criteria. Text materials (case studies, regulations) and data (pricing information, vendor histories) would be essential. Spreadsheet software would be needed for cost analyses and vendor comparisons, while a text editor is necessary for drafting policy documents. The exam can be objectively scored against best practices in procurement, regulatory compliance, and effectiveness of the proposed procedures.",Required,Required,Not Required,Not Required,Not Required,Not Required,Not Required,Required,Not Required,Not Required,Not Required,Required,Not Required,Not Required,Not Required,Not Required,Not Required,Not Required,Not Required,,"['Spreadsheet software', 'Text editor']","['Text', 'Data']",False,13-1023.00,1159,Bachelor's Degree
34.0,"Task ID: 1150

Your assignment is to determine if (1) the task can be performed remotely, (2) it is possible to design a meaningful, **practical** exam for this task and (3) whether such an exam can be evaluated using fact-based scoring. Further, you should identify the required tools and materials that exam takers need to use.

**Definitions:**
- **Remote feasibility**: A task can be performed remotely if it doesn't require a person to be at a specific place or interact with humans face-to-face.

- **Tools:** Software or applications (e.g. coding & development tools, text editor, presentation software, image generator), that are **absolutely** critical for an exam taker to complete any practically relevant and meaningful exam for this task. 

- **Materials:** Digital content (e.g., data files, text, images, audio files) that form part of the test content.

- **Fact based scoring:** Whether the exam can be evaluated using a predefined answer key (objective scoring) or requires subjective assessment, such as evaluating the quality of written responses or creative work.

- **Practical exam:** A practical exam is a an exam actually testing whether the described task can be performed successfully. An exam testing the knowledge about the task is NOT a practical exam.

- **Virtual lab:** A virtual lab is an interactive digital environment that simulates real-world settings, allowing users to perform tasks, collaborate with others, and test scenarios remotely.

- **Images:** Such as product images, photographs, maps, graphs and plots, etc.

- **Specialized software:** Specialized software refers to computer programs designed for specific industry tasks or technical functions, such as Simulink for system modeling, CAD for 3D design or SAP for enterprise resource planning. This category should be used if there is no way to solve the exam using combinations of the other tools and software listed under tools, but some more specialized software is required.

- **Specialized files:** Specialized files refers to files that cannot be parsed into text, data, images, audio or video but are also not part of a virtual lab. This category should be used if there is no way to provide the necessary exam materials using a combination of the other materials listed.

**Instructions:**
1. **Remote Feasibility:**  
   Evaluate whether Evaluate and monitor contract performance to ensure compliance with contractual obligations and to determine need for changes. can be performed online/remotely or if it requires in-person presence.
   - **If in-person required:** Output `""can_be_performed_remotely"": false` and set all other fields (tools and materials) to `""NA""`.
   - **If remote:** Output `""can_be_performed_remotely"": true` and continue with the evaluation.

2. **Materials Required:**  
   For each material type, determine if it is necessary to provide materials of this type as part of an exam to evaluate Purchasing Agents, Except Wholesale, Retail, and Farm Products's ability to perform the task (Evaluate and monitor contract performance to ensure compliance with contractual obligations and to determine need for changes.). 
   Options are: ""Required""or ""Not required"" 
   The materials include:
   - ""Text""
   - ""Data""
   - ""Images""
   - ""Audio files""
   - ""Video files""
   - ""Virtual labs""
   - ""Specialized files""


3. **Tools Required:**  
   For each tool, assess whether it is needed to complete an exam that evaluates whether an individual can do Evaluate and monitor contract performance to ensure compliance with contractual obligations and to determine need for changes..
  Options are: ""Required"" or ""Not Required"". 
  The tools include:
   - ""Spreadsheet software""
   - ""Code execution environment""
   - ""Text editor""
   - ""Image viewer""
   - ""Image generator""
   - ""Presentation software""
   - ""Online search engine""
   - ""Video conferencing""
   - ""Chat interfaces""
   - ""Email client""
   - ""Internet access""
   - ""Specialized software""


4. **Feasibility of a practical exam:**
    Evaluate whether the task can meaningfully be tested in a practical, remote exam.
    - If you think this is possible, answer True,
    - Otherwise answer False

5. **Chain-of-Thought Reasoning:**  
   Optionally, include a brief chain-of-thought explanation (no more than 150 words) for your evaluations in a field called `""chain_of_thought""`.

**Output Requirement:**  
Return a JSON object strictly adhering to the provided structure, without any extra commentary outside of the JSON fields.

**Expected JSON Structure:**
{
  ""task_id"": ""1150"",
  ""occupation"": ""Purchasing Agents, Except Wholesale, Retail, and Farm Products"",
  ""task_description"": ""Evaluate and monitor contract performance to ensure compliance with contractual obligations and to determine need for changes."",
  ""can_be_performed_remotely"": true/false,
   ""feasibility_practical"": true/false,




  ""materials"": {
    ""Text"": ""Not Required/Required/NA"",
    ""Data"": ""Not Required/Required/NA"",
    ""Images"": ""Not Required/Required/NA"",
    ""Audio files"": ""Not Required/Required/NA"",
    ""Video files"": ""Not Required/Required/NA"",
    ""Virtual labs"": ""Not Required/Required/NA"",
    ""Speicalized files"":""Not Required/Required/NA"",
  },

   ""tools"": {
   ""Spreadsheet software"": ""Not Required/Required/NA"",
   ""Code execution environment"": ""Not Required/Required/NA"",
   ""Image viewer"": ""Not Required/Required/NA"",
   ""Image generator"": ""Not Required/Required/NA"",
   ""Text editor"": ""Not Required/Required/NA"",
   ""Presentation software"": ""Not Required/Required/NA"",
   ""Online search engine"": ""Not Required/Required/NA"",
   ""Video conferencing"": ""Not Required/Required/NA"",
   ""Chat interfaces"": ""Not Required/Required/NA"",
   ""Email client"": ""Not Required/Required/NA"",
   ""Internet access"": ""Not Required/Required/NA"",
   ""Specialized software:""""Not Required/Required/NA"",
  },
  ""chain_of_thought"": ""Brief explanation (no more than 150 words).""
}",1150.0,"Purchasing Agents, Except Wholesale, Retail, and Farm Products",Evaluate and monitor contract performance to ensure compliance with contractual obligations and to determine need for changes.,True,True,"Contract evaluation and monitoring can be performed remotely as it primarily involves document review and analysis. A practical exam would provide contract documents, performance data, and deliverable records for the candidate to evaluate compliance. The exam taker would need text documents (contracts, amendments, statements of work) and data (delivery schedules, performance metrics, financial information) to analyze. Spreadsheet software would be needed to track metrics and analyze performance data, while a text editor would be required to document findings and recommendations. This can be objectively scored by comparing the candidate's compliance findings against a predetermined answer key.",Required,Required,Not Required,Not Required,Not Required,Not Required,Not Required,Required,Not Required,Not Required,Not Required,Required,Not Required,Not Required,Not Required,Not Required,Not Required,Not Required,Not Required,,"['Spreadsheet software', 'Text editor']","['Text', 'Data']",False,13-1023.00,1150,Bachelor's Degree
97.0,"Task ID: 20719

Your assignment is to determine if (1) the task can be performed remotely, (2) it is possible to design a meaningful, **practical** exam for this task and (3) whether such an exam can be evaluated using fact-based scoring. Further, you should identify the required tools and materials that exam takers need to use.

**Definitions:**
- **Remote feasibility**: A task can be performed remotely if it doesn't require a person to be at a specific place or interact with humans face-to-face.

- **Tools:** Software or applications (e.g. coding & development tools, text editor, presentation software, image generator), that are **absolutely** critical for an exam taker to complete any practically relevant and meaningful exam for this task. 

- **Materials:** Digital content (e.g., data files, text, images, audio files) that form part of the test content.

- **Fact based scoring:** Whether the exam can be evaluated using a predefined answer key (objective scoring) or requires subjective assessment, such as evaluating the quality of written responses or creative work.

- **Practical exam:** A practical exam is a an exam actually testing whether the described task can be performed successfully. An exam testing the knowledge about the task is NOT a practical exam.

- **Virtual lab:** A virtual lab is an interactive digital environment that simulates real-world settings, allowing users to perform tasks, collaborate with others, and test scenarios remotely.

- **Images:** Such as product images, photographs, maps, graphs and plots, etc.

- **Specialized software:** Specialized software refers to computer programs designed for specific industry tasks or technical functions, such as Simulink for system modeling, CAD for 3D design or SAP for enterprise resource planning. This category should be used if there is no way to solve the exam using combinations of the other tools and software listed under tools, but some more specialized software is required.

- **Specialized files:** Specialized files refers to files that cannot be parsed into text, data, images, audio or video but are also not part of a virtual lab. This category should be used if there is no way to provide the necessary exam materials using a combination of the other materials listed.

**Instructions:**
1. **Remote Feasibility:**  
   Evaluate whether Prepare reports related to investigations of equal opportunity complaints. can be performed online/remotely or if it requires in-person presence.
   - **If in-person required:** Output `""can_be_performed_remotely"": false` and set all other fields (tools and materials) to `""NA""`.
   - **If remote:** Output `""can_be_performed_remotely"": true` and continue with the evaluation.

2. **Materials Required:**  
   For each material type, determine if it is necessary to provide materials of this type as part of an exam to evaluate Equal Opportunity Representatives and Officers's ability to perform the task (Prepare reports related to investigations of equal opportunity complaints.). 
   Options are: ""Required""or ""Not required"" 
   The materials include:
   - ""Text""
   - ""Data""
   - ""Images""
   - ""Audio files""
   - ""Video files""
   - ""Virtual labs""
   - ""Specialized files""


3. **Tools Required:**  
   For each tool, assess whether it is needed to complete an exam that evaluates whether an individual can do Prepare reports related to investigations of equal opportunity complaints..
  Options are: ""Required"" or ""Not Required"". 
  The tools include:
   - ""Spreadsheet software""
   - ""Code execution environment""
   - ""Text editor""
   - ""Image viewer""
   - ""Image generator""
   - ""Presentation software""
   - ""Online search engine""
   - ""Video conferencing""
   - ""Chat interfaces""
   - ""Email client""
   - ""Internet access""
   - ""Specialized software""


4. **Feasibility of a practical exam:**
    Evaluate whether the task can meaningfully be tested in a practical, remote exam.
    - If you think this is possible, answer True,
    - Otherwise answer False

5. **Chain-of-Thought Reasoning:**  
   Optionally, include a brief chain-of-thought explanation (no more than 150 words) for your evaluations in a field called `""chain_of_thought""`.

**Output Requirement:**  
Return a JSON object strictly adhering to the provided structure, without any extra commentary outside of the JSON fields.

**Expected JSON Structure:**
{
  ""task_id"": ""20719"",
  ""occupation"": ""Equal Opportunity Representatives and Officers"",
  ""task_description"": ""Prepare reports related to investigations of equal opportunity complaints."",
  ""can_be_performed_remotely"": true/false,
   ""feasibility_practical"": true/false,




  ""materials"": {
    ""Text"": ""Not Required/Required/NA"",
    ""Data"": ""Not Required/Required/NA"",
    ""Images"": ""Not Required/Required/NA"",
    ""Audio files"": ""Not Required/Required/NA"",
    ""Video files"": ""Not Required/Required/NA"",
    ""Virtual labs"": ""Not Required/Required/NA"",
    ""Speicalized files"":""Not Required/Required/NA"",
  },

   ""tools"": {
   ""Spreadsheet software"": ""Not Required/Required/NA"",
   ""Code execution environment"": ""Not Required/Required/NA"",
   ""Image viewer"": ""Not Required/Required/NA"",
   ""Image generator"": ""Not Required/Required/NA"",
   ""Text editor"": ""Not Required/Required/NA"",
   ""Presentation software"": ""Not Required/Required/NA"",
   ""Online search engine"": ""Not Required/Required/NA"",
   ""Video conferencing"": ""Not Required/Required/NA"",
   ""Chat interfaces"": ""Not Required/Required/NA"",
   ""Email client"": ""Not Required/Required/NA"",
   ""Internet access"": ""Not Required/Required/NA"",
   ""Specialized software:""""Not Required/Required/NA"",
  },
  ""chain_of_thought"": ""Brief explanation (no more than 150 words).""
}",20719.0,Equal Opportunity Representatives and Officers,Prepare reports related to investigations of equal opportunity complaints.,True,True,"Preparing reports on equal opportunity complaints can be performed remotely as it primarily involves documentation and analysis. A practical exam can provide case materials (text descriptions of complaints and investigation findings, relevant data) and require examinees to prepare a formal report using a text editor. The exam can be evaluated objectively based on inclusion of required elements, proper formatting, accurate representation of facts, appropriate recommendations, and compliance with relevant regulations and guidelines.",Required,Required,Not Required,Not Required,Not Required,Not Required,Not Required,Not Required,Not Required,Not Required,Not Required,Required,Not Required,Not Required,Not Required,Not Required,Not Required,Not Required,Not Required,,['Text editor'],"['Text', 'Data']",False,13-1041.03,20719,Bachelor's Degree
100.0,"Task ID: 10866

Your assignment is to determine if (1) the task can be performed remotely, (2) it is possible to design a meaningful, **practical** exam for this task and (3) whether such an exam can be evaluated using fact-based scoring. Further, you should identify the required tools and materials that exam takers need to use.

**Definitions:**
- **Remote feasibility**: A task can be performed remotely if it doesn't require a person to be at a specific place or interact with humans face-to-face.

- **Tools:** Software or applications (e.g. coding & development tools, text editor, presentation software, image generator), that are **absolutely** critical for an exam taker to complete any practically relevant and meaningful exam for this task. 

- **Materials:** Digital content (e.g., data files, text, images, audio files) that form part of the test content.

- **Fact based scoring:** Whether the exam can be evaluated using a predefined answer key (objective scoring) or requires subjective assessment, such as evaluating the quality of written responses or creative work.

- **Practical exam:** A practical exam is a an exam actually testing whether the described task can be performed successfully. An exam testing the knowledge about the task is NOT a practical exam.

- **Virtual lab:** A virtual lab is an interactive digital environment that simulates real-world settings, allowing users to perform tasks, collaborate with others, and test scenarios remotely.

- **Images:** Such as product images, photographs, maps, graphs and plots, etc.

- **Specialized software:** Specialized software refers to computer programs designed for specific industry tasks or technical functions, such as Simulink for system modeling, CAD for 3D design or SAP for enterprise resource planning. This category should be used if there is no way to solve the exam using combinations of the other tools and software listed under tools, but some more specialized software is required.

- **Specialized files:** Specialized files refers to files that cannot be parsed into text, data, images, audio or video but are also not part of a virtual lab. This category should be used if there is no way to provide the necessary exam materials using a combination of the other materials listed.

**Instructions:**
1. **Remote Feasibility:**  
   Evaluate whether Interpret civil rights laws and equal opportunity regulations for individuals or employers. can be performed online/remotely or if it requires in-person presence.
   - **If in-person required:** Output `""can_be_performed_remotely"": false` and set all other fields (tools and materials) to `""NA""`.
   - **If remote:** Output `""can_be_performed_remotely"": true` and continue with the evaluation.

2. **Materials Required:**  
   For each material type, determine if it is necessary to provide materials of this type as part of an exam to evaluate Equal Opportunity Representatives and Officers's ability to perform the task (Interpret civil rights laws and equal opportunity regulations for individuals or employers.). 
   Options are: ""Required""or ""Not required"" 
   The materials include:
   - ""Text""
   - ""Data""
   - ""Images""
   - ""Audio files""
   - ""Video files""
   - ""Virtual labs""
   - ""Specialized files""


3. **Tools Required:**  
   For each tool, assess whether it is needed to complete an exam that evaluates whether an individual can do Interpret civil rights laws and equal opportunity regulations for individuals or employers..
  Options are: ""Required"" or ""Not Required"". 
  The tools include:
   - ""Spreadsheet software""
   - ""Code execution environment""
   - ""Text editor""
   - ""Image viewer""
   - ""Image generator""
   - ""Presentation software""
   - ""Online search engine""
   - ""Video conferencing""
   - ""Chat interfaces""
   - ""Email client""
   - ""Internet access""
   - ""Specialized software""


4. **Feasibility of a practical exam:**
    Evaluate whether the task can meaningfully be tested in a practical, remote exam.
    - If you think this is possible, answer True,
    - Otherwise answer False

5. **Chain-of-Thought Reasoning:**  
   Optionally, include a brief chain-of-thought explanation (no more than 150 words) for your evaluations in a field called `""chain_of_thought""`.

**Output Requirement:**  
Return a JSON object strictly adhering to the provided structure, without any extra commentary outside of the JSON fields.

**Expected JSON Structure:**
{
  ""task_id"": ""10866"",
  ""occupation"": ""Equal Opportunity Representatives and Officers"",
  ""task_description"": ""Interpret civil rights laws and equal opportunity regulations for individuals or employers."",
  ""can_be_performed_remotely"": true/false,
   ""feasibility_practical"": true/false,




  ""materials"": {
    ""Text"": ""Not Required/Required/NA"",
    ""Data"": ""Not Required/Required/NA"",
    ""Images"": ""Not Required/Required/NA"",
    ""Audio files"": ""Not Required/Required/NA"",
    ""Video files"": ""Not Required/Required/NA"",
    ""Virtual labs"": ""Not Required/Required/NA"",
    ""Speicalized files"":""Not Required/Required/NA"",
  },

   ""tools"": {
   ""Spreadsheet software"": ""Not Required/Required/NA"",
   ""Code execution environment"": ""Not Required/Required/NA"",
   ""Image viewer"": ""Not Required/Required/NA"",
   ""Image generator"": ""Not Required/Required/NA"",
   ""Text editor"": ""Not Required/Required/NA"",
   ""Presentation software"": ""Not Required/Required/NA"",
   ""Online search engine"": ""Not Required/Required/NA"",
   ""Video conferencing"": ""Not Required/Required/NA"",
   ""Chat interfaces"": ""Not Required/Required/NA"",
   ""Email client"": ""Not Required/Required/NA"",
   ""Internet access"": ""Not Required/Required/NA"",
   ""Specialized software:""""Not Required/Required/NA"",
  },
  ""chain_of_thought"": ""Brief explanation (no more than 150 words).""
}",10866.0,Equal Opportunity Representatives and Officers,Interpret civil rights laws and equal opportunity regulations for individuals or employers.,True,True,"Interpreting civil rights laws and regulations can be performed remotely as it involves analyzing text-based legal materials and applying them to specific scenarios. A practical exam would present case studies or scenarios requiring interpretation of relevant laws. The exam would provide text materials (laws, regulations) and data (case facts, statistics) that examinees must analyze. A text editor is needed for writing interpretations and recommendations. The exam can be objectively scored based on correct identification of applicable laws, accurate interpretation, and appropriate application to the given scenarios.",Required,Required,Not Required,Not Required,Not Required,Not Required,Not Required,Not Required,Not Required,Not Required,Not Required,Required,Not Required,Not Required,Not Required,Not Required,Not Required,Not Required,Not Required,,['Text editor'],"['Text', 'Data']",False,13-1041.03,10866,Bachelor's Degree
104.0,"Task ID: 10869

Your assignment is to determine if (1) the task can be performed remotely, (2) it is possible to design a meaningful, **practical** exam for this task and (3) whether such an exam can be evaluated using fact-based scoring. Further, you should identify the required tools and materials that exam takers need to use.

**Definitions:**
- **Remote feasibility**: A task can be performed remotely if it doesn't require a person to be at a specific place or interact with humans face-to-face.

- **Tools:** Software or applications (e.g. coding & development tools, text editor, presentation software, image generator), that are **absolutely** critical for an exam taker to complete any practically relevant and meaningful exam for this task. 

- **Materials:** Digital content (e.g., data files, text, images, audio files) that form part of the test content.

- **Fact based scoring:** Whether the exam can be evaluated using a predefined answer key (objective scoring) or requires subjective assessment, such as evaluating the quality of written responses or creative work.

- **Practical exam:** A practical exam is a an exam actually testing whether the described task can be performed successfully. An exam testing the knowledge about the task is NOT a practical exam.

- **Virtual lab:** A virtual lab is an interactive digital environment that simulates real-world settings, allowing users to perform tasks, collaborate with others, and test scenarios remotely.

- **Images:** Such as product images, photographs, maps, graphs and plots, etc.

- **Specialized software:** Specialized software refers to computer programs designed for specific industry tasks or technical functions, such as Simulink for system modeling, CAD for 3D design or SAP for enterprise resource planning. This category should be used if there is no way to solve the exam using combinations of the other tools and software listed under tools, but some more specialized software is required.

- **Specialized files:** Specialized files refers to files that cannot be parsed into text, data, images, audio or video but are also not part of a virtual lab. This category should be used if there is no way to provide the necessary exam materials using a combination of the other materials listed.

**Instructions:**
1. **Remote Feasibility:**  
   Evaluate whether Coordinate, monitor, or revise complaint procedures to ensure timely processing and review of complaints. can be performed online/remotely or if it requires in-person presence.
   - **If in-person required:** Output `""can_be_performed_remotely"": false` and set all other fields (tools and materials) to `""NA""`.
   - **If remote:** Output `""can_be_performed_remotely"": true` and continue with the evaluation.

2. **Materials Required:**  
   For each material type, determine if it is necessary to provide materials of this type as part of an exam to evaluate Equal Opportunity Representatives and Officers's ability to perform the task (Coordinate, monitor, or revise complaint procedures to ensure timely processing and review of complaints.). 
   Options are: ""Required""or ""Not required"" 
   The materials include:
   - ""Text""
   - ""Data""
   - ""Images""
   - ""Audio files""
   - ""Video files""
   - ""Virtual labs""
   - ""Specialized files""


3. **Tools Required:**  
   For each tool, assess whether it is needed to complete an exam that evaluates whether an individual can do Coordinate, monitor, or revise complaint procedures to ensure timely processing and review of complaints..
  Options are: ""Required"" or ""Not Required"". 
  The tools include:
   - ""Spreadsheet software""
   - ""Code execution environment""
   - ""Text editor""
   - ""Image viewer""
   - ""Image generator""
   - ""Presentation software""
   - ""Online search engine""
   - ""Video conferencing""
   - ""Chat interfaces""
   - ""Email client""
   - ""Internet access""
   - ""Specialized software""


4. **Feasibility of a practical exam:**
    Evaluate whether the task can meaningfully be tested in a practical, remote exam.
    - If you think this is possible, answer True,
    - Otherwise answer False

5. **Chain-of-Thought Reasoning:**  
   Optionally, include a brief chain-of-thought explanation (no more than 150 words) for your evaluations in a field called `""chain_of_thought""`.

**Output Requirement:**  
Return a JSON object strictly adhering to the provided structure, without any extra commentary outside of the JSON fields.

**Expected JSON Structure:**
{
  ""task_id"": ""10869"",
  ""occupation"": ""Equal Opportunity Representatives and Officers"",
  ""task_description"": ""Coordinate, monitor, or revise complaint procedures to ensure timely processing and review of complaints."",
  ""can_be_performed_remotely"": true/false,
   ""feasibility_practical"": true/false,




  ""materials"": {
    ""Text"": ""Not Required/Required/NA"",
    ""Data"": ""Not Required/Required/NA"",
    ""Images"": ""Not Required/Required/NA"",
    ""Audio files"": ""Not Required/Required/NA"",
    ""Video files"": ""Not Required/Required/NA"",
    ""Virtual labs"": ""Not Required/Required/NA"",
    ""Speicalized files"":""Not Required/Required/NA"",
  },

   ""tools"": {
   ""Spreadsheet software"": ""Not Required/Required/NA"",
   ""Code execution environment"": ""Not Required/Required/NA"",
   ""Image viewer"": ""Not Required/Required/NA"",
   ""Image generator"": ""Not Required/Required/NA"",
   ""Text editor"": ""Not Required/Required/NA"",
   ""Presentation software"": ""Not Required/Required/NA"",
   ""Online search engine"": ""Not Required/Required/NA"",
   ""Video conferencing"": ""Not Required/Required/NA"",
   ""Chat interfaces"": ""Not Required/Required/NA"",
   ""Email client"": ""Not Required/Required/NA"",
   ""Internet access"": ""Not Required/Required/NA"",
   ""Specialized software:""""Not Required/Required/NA"",
  },
  ""chain_of_thought"": ""Brief explanation (no more than 150 words).""
}",10869.0,Equal Opportunity Representatives and Officers,"Coordinate, monitor, or revise complaint procedures to ensure timely processing and review of complaints.",True,True,"Coordinating and monitoring complaint procedures can be performed remotely as it involves document review, process analysis, and procedural updates. A practical exam could present candidates with sample complaint tracking systems, procedural documents, and case backlogs requiring analysis and improvement. Text materials (policies, procedures) and data (complaint statistics, timelines) would be essential. Spreadsheet software would be needed to analyze complaint processing metrics, while a text editor would be required to revise procedures. The exam can be objectively scored based on identification of procedural gaps, compliance with regulations, and effectiveness of proposed monitoring systems.",Required,Required,Not Required,Not Required,Not Required,Not Required,Not Required,Required,Not Required,Not Required,Not Required,Required,Not Required,Not Required,Not Required,Not Required,Not Required,Not Required,Not Required,,"['Spreadsheet software', 'Text editor']","['Text', 'Data']",False,13-1041.03,10869,Bachelor's Degree
131.0,"Task ID: 18049

Your assignment is to determine if (1) the task can be performed remotely, (2) it is possible to design a meaningful, **practical** exam for this task and (3) whether such an exam can be evaluated using fact-based scoring. Further, you should identify the required tools and materials that exam takers need to use.

**Definitions:**
- **Remote feasibility**: A task can be performed remotely if it doesn't require a person to be at a specific place or interact with humans face-to-face.

- **Tools:** Software or applications (e.g. coding & development tools, text editor, presentation software, image generator), that are **absolutely** critical for an exam taker to complete any practically relevant and meaningful exam for this task. 

- **Materials:** Digital content (e.g., data files, text, images, audio files) that form part of the test content.

- **Fact based scoring:** Whether the exam can be evaluated using a predefined answer key (objective scoring) or requires subjective assessment, such as evaluating the quality of written responses or creative work.

- **Practical exam:** A practical exam is a an exam actually testing whether the described task can be performed successfully. An exam testing the knowledge about the task is NOT a practical exam.

- **Virtual lab:** A virtual lab is an interactive digital environment that simulates real-world settings, allowing users to perform tasks, collaborate with others, and test scenarios remotely.

- **Images:** Such as product images, photographs, maps, graphs and plots, etc.

- **Specialized software:** Specialized software refers to computer programs designed for specific industry tasks or technical functions, such as Simulink for system modeling, CAD for 3D design or SAP for enterprise resource planning. This category should be used if there is no way to solve the exam using combinations of the other tools and software listed under tools, but some more specialized software is required.

- **Specialized files:** Specialized files refers to files that cannot be parsed into text, data, images, audio or video but are also not part of a virtual lab. This category should be used if there is no way to provide the necessary exam materials using a combination of the other materials listed.

**Instructions:**
1. **Remote Feasibility:**  
   Evaluate whether Interpret regulatory rules or rule changes and ensure that they are communicated through corporate policies and procedures. can be performed online/remotely or if it requires in-person presence.
   - **If in-person required:** Output `""can_be_performed_remotely"": false` and set all other fields (tools and materials) to `""NA""`.
   - **If remote:** Output `""can_be_performed_remotely"": true` and continue with the evaluation.

2. **Materials Required:**  
   For each material type, determine if it is necessary to provide materials of this type as part of an exam to evaluate Regulatory Affairs Specialists's ability to perform the task (Interpret regulatory rules or rule changes and ensure that they are communicated through corporate policies and procedures.). 
   Options are: ""Required""or ""Not required"" 
   The materials include:
   - ""Text""
   - ""Data""
   - ""Images""
   - ""Audio files""
   - ""Video files""
   - ""Virtual labs""
   - ""Specialized files""


3. **Tools Required:**  
   For each tool, assess whether it is needed to complete an exam that evaluates whether an individual can do Interpret regulatory rules or rule changes and ensure that they are communicated through corporate policies and procedures..
  Options are: ""Required"" or ""Not Required"". 
  The tools include:
   - ""Spreadsheet software""
   - ""Code execution environment""
   - ""Text editor""
   - ""Image viewer""
   - ""Image generator""
   - ""Presentation software""
   - ""Online search engine""
   - ""Video conferencing""
   - ""Chat interfaces""
   - ""Email client""
   - ""Internet access""
   - ""Specialized software""


4. **Feasibility of a practical exam:**
    Evaluate whether the task can meaningfully be tested in a practical, remote exam.
    - If you think this is possible, answer True,
    - Otherwise answer False

5. **Chain-of-Thought Reasoning:**  
   Optionally, include a brief chain-of-thought explanation (no more than 150 words) for your evaluations in a field called `""chain_of_thought""`.

**Output Requirement:**  
Return a JSON object strictly adhering to the provided structure, without any extra commentary outside of the JSON fields.

**Expected JSON Structure:**
{
  ""task_id"": ""18049"",
  ""occupation"": ""Regulatory Affairs Specialists"",
  ""task_description"": ""Interpret regulatory rules or rule changes and ensure that they are communicated through corporate policies and procedures."",
  ""can_be_performed_remotely"": true/false,
   ""feasibility_practical"": true/false,




  ""materials"": {
    ""Text"": ""Not Required/Required/NA"",
    ""Data"": ""Not Required/Required/NA"",
    ""Images"": ""Not Required/Required/NA"",
    ""Audio files"": ""Not Required/Required/NA"",
    ""Video files"": ""Not Required/Required/NA"",
    ""Virtual labs"": ""Not Required/Required/NA"",
    ""Speicalized files"":""Not Required/Required/NA"",
  },

   ""tools"": {
   ""Spreadsheet software"": ""Not Required/Required/NA"",
   ""Code execution environment"": ""Not Required/Required/NA"",
   ""Image viewer"": ""Not Required/Required/NA"",
   ""Image generator"": ""Not Required/Required/NA"",
   ""Text editor"": ""Not Required/Required/NA"",
   ""Presentation software"": ""Not Required/Required/NA"",
   ""Online search engine"": ""Not Required/Required/NA"",
   ""Video conferencing"": ""Not Required/Required/NA"",
   ""Chat interfaces"": ""Not Required/Required/NA"",
   ""Email client"": ""Not Required/Required/NA"",
   ""Internet access"": ""Not Required/Required/NA"",
   ""Specialized software:""""Not Required/Required/NA"",
  },
  ""chain_of_thought"": ""Brief explanation (no more than 150 words).""
}",18049.0,Regulatory Affairs Specialists,Interpret regulatory rules or rule changes and ensure that they are communicated through corporate policies and procedures.,True,True,"Interpreting regulatory rules and communicating them through policies can be performed remotely. A practical exam could present candidates with regulatory changes and ask them to interpret implications and draft appropriate corporate policy updates. This requires text materials (regulatory documents) and data (compliance requirements). A text editor is essential for drafting policy documents. The exam can be objectively scored based on accuracy of interpretation, completeness of policy updates, and compliance with requirements using a rubric with specific criteria.",Required,Required,Not Required,Not Required,Not Required,Not Required,Not Required,Not Required,Not Required,Not Required,Not Required,Required,Not Required,Not Required,Not Required,Not Required,Not Required,Not Required,Not Required,,['Text editor'],"['Text', 'Data']",False,13-1041.07,18049,Bachelor's Degree
141.0,"Task ID: 18065

Your assignment is to determine if (1) the task can be performed remotely, (2) it is possible to design a meaningful, **practical** exam for this task and (3) whether such an exam can be evaluated using fact-based scoring. Further, you should identify the required tools and materials that exam takers need to use.

**Definitions:**
- **Remote feasibility**: A task can be performed remotely if it doesn't require a person to be at a specific place or interact with humans face-to-face.

- **Tools:** Software or applications (e.g. coding & development tools, text editor, presentation software, image generator), that are **absolutely** critical for an exam taker to complete any practically relevant and meaningful exam for this task. 

- **Materials:** Digital content (e.g., data files, text, images, audio files) that form part of the test content.

- **Fact based scoring:** Whether the exam can be evaluated using a predefined answer key (objective scoring) or requires subjective assessment, such as evaluating the quality of written responses or creative work.

- **Practical exam:** A practical exam is a an exam actually testing whether the described task can be performed successfully. An exam testing the knowledge about the task is NOT a practical exam.

- **Virtual lab:** A virtual lab is an interactive digital environment that simulates real-world settings, allowing users to perform tasks, collaborate with others, and test scenarios remotely.

- **Images:** Such as product images, photographs, maps, graphs and plots, etc.

- **Specialized software:** Specialized software refers to computer programs designed for specific industry tasks or technical functions, such as Simulink for system modeling, CAD for 3D design or SAP for enterprise resource planning. This category should be used if there is no way to solve the exam using combinations of the other tools and software listed under tools, but some more specialized software is required.

- **Specialized files:** Specialized files refers to files that cannot be parsed into text, data, images, audio or video but are also not part of a virtual lab. This category should be used if there is no way to provide the necessary exam materials using a combination of the other materials listed.

**Instructions:**
1. **Remote Feasibility:**  
   Evaluate whether Review clinical protocols to ensure collection of data needed for regulatory submissions. can be performed online/remotely or if it requires in-person presence.
   - **If in-person required:** Output `""can_be_performed_remotely"": false` and set all other fields (tools and materials) to `""NA""`.
   - **If remote:** Output `""can_be_performed_remotely"": true` and continue with the evaluation.

2. **Materials Required:**  
   For each material type, determine if it is necessary to provide materials of this type as part of an exam to evaluate Regulatory Affairs Specialists's ability to perform the task (Review clinical protocols to ensure collection of data needed for regulatory submissions.). 
   Options are: ""Required""or ""Not required"" 
   The materials include:
   - ""Text""
   - ""Data""
   - ""Images""
   - ""Audio files""
   - ""Video files""
   - ""Virtual labs""
   - ""Specialized files""


3. **Tools Required:**  
   For each tool, assess whether it is needed to complete an exam that evaluates whether an individual can do Review clinical protocols to ensure collection of data needed for regulatory submissions..
  Options are: ""Required"" or ""Not Required"". 
  The tools include:
   - ""Spreadsheet software""
   - ""Code execution environment""
   - ""Text editor""
   - ""Image viewer""
   - ""Image generator""
   - ""Presentation software""
   - ""Online search engine""
   - ""Video conferencing""
   - ""Chat interfaces""
   - ""Email client""
   - ""Internet access""
   - ""Specialized software""


4. **Feasibility of a practical exam:**
    Evaluate whether the task can meaningfully be tested in a practical, remote exam.
    - If you think this is possible, answer True,
    - Otherwise answer False

5. **Chain-of-Thought Reasoning:**  
   Optionally, include a brief chain-of-thought explanation (no more than 150 words) for your evaluations in a field called `""chain_of_thought""`.

**Output Requirement:**  
Return a JSON object strictly adhering to the provided structure, without any extra commentary outside of the JSON fields.

**Expected JSON Structure:**
{
  ""task_id"": ""18065"",
  ""occupation"": ""Regulatory Affairs Specialists"",
  ""task_description"": ""Review clinical protocols to ensure collection of data needed for regulatory submissions."",
  ""can_be_performed_remotely"": true/false,
   ""feasibility_practical"": true/false,




  ""materials"": {
    ""Text"": ""Not Required/Required/NA"",
    ""Data"": ""Not Required/Required/NA"",
    ""Images"": ""Not Required/Required/NA"",
    ""Audio files"": ""Not Required/Required/NA"",
    ""Video files"": ""Not Required/Required/NA"",
    ""Virtual labs"": ""Not Required/Required/NA"",
    ""Speicalized files"":""Not Required/Required/NA"",
  },

   ""tools"": {
   ""Spreadsheet software"": ""Not Required/Required/NA"",
   ""Code execution environment"": ""Not Required/Required/NA"",
   ""Image viewer"": ""Not Required/Required/NA"",
   ""Image generator"": ""Not Required/Required/NA"",
   ""Text editor"": ""Not Required/Required/NA"",
   ""Presentation software"": ""Not Required/Required/NA"",
   ""Online search engine"": ""Not Required/Required/NA"",
   ""Video conferencing"": ""Not Required/Required/NA"",
   ""Chat interfaces"": ""Not Required/Required/NA"",
   ""Email client"": ""Not Required/Required/NA"",
   ""Internet access"": ""Not Required/Required/NA"",
   ""Specialized software:""""Not Required/Required/NA"",
  },
  ""chain_of_thought"": ""Brief explanation (no more than 150 words).""
}",18065.0,Regulatory Affairs Specialists,Review clinical protocols to ensure collection of data needed for regulatory submissions.,True,True,"Reviewing clinical protocols is primarily document-based work that can be performed remotely. A practical exam would involve providing candidates with sample clinical protocols and regulatory requirements, then asking them to identify gaps or issues in data collection that would affect regulatory submissions. This can be evaluated objectively by comparing against a predefined checklist of required elements. The exam requires text materials (protocols and regulatory guidelines) and data (sample clinical data points), with a text editor for candidates to document their findings and recommendations.",Required,Required,Not Required,Not Required,Not Required,Not Required,Not Required,Not Required,Not Required,Not Required,Not Required,Required,Not Required,Not Required,Not Required,Not Required,Not Required,Not Required,Not Required,,['Text editor'],"['Text', 'Data']",False,13-1041.07,18065,Bachelor's Degree
143.0,"Task ID: 18063

Your assignment is to determine if (1) the task can be performed remotely, (2) it is possible to design a meaningful, **practical** exam for this task and (3) whether such an exam can be evaluated using fact-based scoring. Further, you should identify the required tools and materials that exam takers need to use.

**Definitions:**
- **Remote feasibility**: A task can be performed remotely if it doesn't require a person to be at a specific place or interact with humans face-to-face.

- **Tools:** Software or applications (e.g. coding & development tools, text editor, presentation software, image generator), that are **absolutely** critical for an exam taker to complete any practically relevant and meaningful exam for this task. 

- **Materials:** Digital content (e.g., data files, text, images, audio files) that form part of the test content.

- **Fact based scoring:** Whether the exam can be evaluated using a predefined answer key (objective scoring) or requires subjective assessment, such as evaluating the quality of written responses or creative work.

- **Practical exam:** A practical exam is a an exam actually testing whether the described task can be performed successfully. An exam testing the knowledge about the task is NOT a practical exam.

- **Virtual lab:** A virtual lab is an interactive digital environment that simulates real-world settings, allowing users to perform tasks, collaborate with others, and test scenarios remotely.

- **Images:** Such as product images, photographs, maps, graphs and plots, etc.

- **Specialized software:** Specialized software refers to computer programs designed for specific industry tasks or technical functions, such as Simulink for system modeling, CAD for 3D design or SAP for enterprise resource planning. This category should be used if there is no way to solve the exam using combinations of the other tools and software listed under tools, but some more specialized software is required.

- **Specialized files:** Specialized files refers to files that cannot be parsed into text, data, images, audio or video but are also not part of a virtual lab. This category should be used if there is no way to provide the necessary exam materials using a combination of the other materials listed.

**Instructions:**
1. **Remote Feasibility:**  
   Evaluate whether Recommend changes to company procedures in response to changes in regulations or standards. can be performed online/remotely or if it requires in-person presence.
   - **If in-person required:** Output `""can_be_performed_remotely"": false` and set all other fields (tools and materials) to `""NA""`.
   - **If remote:** Output `""can_be_performed_remotely"": true` and continue with the evaluation.

2. **Materials Required:**  
   For each material type, determine if it is necessary to provide materials of this type as part of an exam to evaluate Regulatory Affairs Specialists's ability to perform the task (Recommend changes to company procedures in response to changes in regulations or standards.). 
   Options are: ""Required""or ""Not required"" 
   The materials include:
   - ""Text""
   - ""Data""
   - ""Images""
   - ""Audio files""
   - ""Video files""
   - ""Virtual labs""
   - ""Specialized files""


3. **Tools Required:**  
   For each tool, assess whether it is needed to complete an exam that evaluates whether an individual can do Recommend changes to company procedures in response to changes in regulations or standards..
  Options are: ""Required"" or ""Not Required"". 
  The tools include:
   - ""Spreadsheet software""
   - ""Code execution environment""
   - ""Text editor""
   - ""Image viewer""
   - ""Image generator""
   - ""Presentation software""
   - ""Online search engine""
   - ""Video conferencing""
   - ""Chat interfaces""
   - ""Email client""
   - ""Internet access""
   - ""Specialized software""


4. **Feasibility of a practical exam:**
    Evaluate whether the task can meaningfully be tested in a practical, remote exam.
    - If you think this is possible, answer True,
    - Otherwise answer False

5. **Chain-of-Thought Reasoning:**  
   Optionally, include a brief chain-of-thought explanation (no more than 150 words) for your evaluations in a field called `""chain_of_thought""`.

**Output Requirement:**  
Return a JSON object strictly adhering to the provided structure, without any extra commentary outside of the JSON fields.

**Expected JSON Structure:**
{
  ""task_id"": ""18063"",
  ""occupation"": ""Regulatory Affairs Specialists"",
  ""task_description"": ""Recommend changes to company procedures in response to changes in regulations or standards."",
  ""can_be_performed_remotely"": true/false,
   ""feasibility_practical"": true/false,




  ""materials"": {
    ""Text"": ""Not Required/Required/NA"",
    ""Data"": ""Not Required/Required/NA"",
    ""Images"": ""Not Required/Required/NA"",
    ""Audio files"": ""Not Required/Required/NA"",
    ""Video files"": ""Not Required/Required/NA"",
    ""Virtual labs"": ""Not Required/Required/NA"",
    ""Speicalized files"":""Not Required/Required/NA"",
  },

   ""tools"": {
   ""Spreadsheet software"": ""Not Required/Required/NA"",
   ""Code execution environment"": ""Not Required/Required/NA"",
   ""Image viewer"": ""Not Required/Required/NA"",
   ""Image generator"": ""Not Required/Required/NA"",
   ""Text editor"": ""Not Required/Required/NA"",
   ""Presentation software"": ""Not Required/Required/NA"",
   ""Online search engine"": ""Not Required/Required/NA"",
   ""Video conferencing"": ""Not Required/Required/NA"",
   ""Chat interfaces"": ""Not Required/Required/NA"",
   ""Email client"": ""Not Required/Required/NA"",
   ""Internet access"": ""Not Required/Required/NA"",
   ""Specialized software:""""Not Required/Required/NA"",
  },
  ""chain_of_thought"": ""Brief explanation (no more than 150 words).""
}",18063.0,Regulatory Affairs Specialists,Recommend changes to company procedures in response to changes in regulations or standards.,True,True,"This task can be performed remotely as it involves analyzing regulatory changes and recommending procedural updates. A practical exam can present candidates with current company procedures and new regulations, requiring them to identify gaps and recommend specific changes. Materials needed include text documents of regulations and company procedures, and potentially data showing compliance metrics. A text editor is essential for drafting recommendations. The exam can be objectively scored based on whether candidates identify all compliance gaps and propose appropriate, specific procedural changes.",Required,Required,Not Required,Not Required,Not Required,Not Required,Not Required,Not Required,Not Required,Not Required,Not Required,Required,Not Required,Not Required,Not Required,Not Required,Not Required,Not Required,Not Required,,['Text editor'],"['Text', 'Data']",False,13-1041.07,18063,Bachelor's Degree
154.0,"Task ID: 87

Your assignment is to determine if (1) the task can be performed remotely, (2) it is possible to design a meaningful, **practical** exam for this task and (3) whether such an exam can be evaluated using fact-based scoring. Further, you should identify the required tools and materials that exam takers need to use.

**Definitions:**
- **Remote feasibility**: A task can be performed remotely if it doesn't require a person to be at a specific place or interact with humans face-to-face.

- **Tools:** Software or applications (e.g. coding & development tools, text editor, presentation software, image generator), that are **absolutely** critical for an exam taker to complete any practically relevant and meaningful exam for this task. 

- **Materials:** Digital content (e.g., data files, text, images, audio files) that form part of the test content.

- **Fact based scoring:** Whether the exam can be evaluated using a predefined answer key (objective scoring) or requires subjective assessment, such as evaluating the quality of written responses or creative work.

- **Practical exam:** A practical exam is a an exam actually testing whether the described task can be performed successfully. An exam testing the knowledge about the task is NOT a practical exam.

- **Virtual lab:** A virtual lab is an interactive digital environment that simulates real-world settings, allowing users to perform tasks, collaborate with others, and test scenarios remotely.

- **Images:** Such as product images, photographs, maps, graphs and plots, etc.

- **Specialized software:** Specialized software refers to computer programs designed for specific industry tasks or technical functions, such as Simulink for system modeling, CAD for 3D design or SAP for enterprise resource planning. This category should be used if there is no way to solve the exam using combinations of the other tools and software listed under tools, but some more specialized software is required.

- **Specialized files:** Specialized files refers to files that cannot be parsed into text, data, images, audio or video but are also not part of a virtual lab. This category should be used if there is no way to provide the necessary exam materials using a combination of the other materials listed.

**Instructions:**
1. **Remote Feasibility:**  
   Evaluate whether Prepare cost and expenditure statements and other necessary documentation at regular intervals for the duration of the project. can be performed online/remotely or if it requires in-person presence.
   - **If in-person required:** Output `""can_be_performed_remotely"": false` and set all other fields (tools and materials) to `""NA""`.
   - **If remote:** Output `""can_be_performed_remotely"": true` and continue with the evaluation.

2. **Materials Required:**  
   For each material type, determine if it is necessary to provide materials of this type as part of an exam to evaluate Cost Estimators's ability to perform the task (Prepare cost and expenditure statements and other necessary documentation at regular intervals for the duration of the project.). 
   Options are: ""Required""or ""Not required"" 
   The materials include:
   - ""Text""
   - ""Data""
   - ""Images""
   - ""Audio files""
   - ""Video files""
   - ""Virtual labs""
   - ""Specialized files""


3. **Tools Required:**  
   For each tool, assess whether it is needed to complete an exam that evaluates whether an individual can do Prepare cost and expenditure statements and other necessary documentation at regular intervals for the duration of the project..
  Options are: ""Required"" or ""Not Required"". 
  The tools include:
   - ""Spreadsheet software""
   - ""Code execution environment""
   - ""Text editor""
   - ""Image viewer""
   - ""Image generator""
   - ""Presentation software""
   - ""Online search engine""
   - ""Video conferencing""
   - ""Chat interfaces""
   - ""Email client""
   - ""Internet access""
   - ""Specialized software""


4. **Feasibility of a practical exam:**
    Evaluate whether the task can meaningfully be tested in a practical, remote exam.
    - If you think this is possible, answer True,
    - Otherwise answer False

5. **Chain-of-Thought Reasoning:**  
   Optionally, include a brief chain-of-thought explanation (no more than 150 words) for your evaluations in a field called `""chain_of_thought""`.

**Output Requirement:**  
Return a JSON object strictly adhering to the provided structure, without any extra commentary outside of the JSON fields.

**Expected JSON Structure:**
{
  ""task_id"": ""87"",
  ""occupation"": ""Cost Estimators"",
  ""task_description"": ""Prepare cost and expenditure statements and other necessary documentation at regular intervals for the duration of the project."",
  ""can_be_performed_remotely"": true/false,
   ""feasibility_practical"": true/false,




  ""materials"": {
    ""Text"": ""Not Required/Required/NA"",
    ""Data"": ""Not Required/Required/NA"",
    ""Images"": ""Not Required/Required/NA"",
    ""Audio files"": ""Not Required/Required/NA"",
    ""Video files"": ""Not Required/Required/NA"",
    ""Virtual labs"": ""Not Required/Required/NA"",
    ""Speicalized files"":""Not Required/Required/NA"",
  },

   ""tools"": {
   ""Spreadsheet software"": ""Not Required/Required/NA"",
   ""Code execution environment"": ""Not Required/Required/NA"",
   ""Image viewer"": ""Not Required/Required/NA"",
   ""Image generator"": ""Not Required/Required/NA"",
   ""Text editor"": ""Not Required/Required/NA"",
   ""Presentation software"": ""Not Required/Required/NA"",
   ""Online search engine"": ""Not Required/Required/NA"",
   ""Video conferencing"": ""Not Required/Required/NA"",
   ""Chat interfaces"": ""Not Required/Required/NA"",
   ""Email client"": ""Not Required/Required/NA"",
   ""Internet access"": ""Not Required/Required/NA"",
   ""Specialized software:""""Not Required/Required/NA"",
  },
  ""chain_of_thought"": ""Brief explanation (no more than 150 words).""
}",87.0,Cost Estimators,Prepare cost and expenditure statements and other necessary documentation at regular intervals for the duration of the project.,True,True,"Preparing cost and expenditure statements is primarily a digital task that can be performed remotely. A practical exam would provide project data (costs, timelines, resources) and require candidates to create accurate cost statements, variance reports, and forecasts using spreadsheet software. The exam can be objectively scored by comparing the candidate's calculations, formulas, and documentation against a model answer. This tests their ability to organize financial data, apply appropriate formulas, and produce clear documentation.",Required,Required,Not Required,Not Required,Not Required,Not Required,Not Required,Required,Not Required,Not Required,Not Required,Required,Not Required,Not Required,Not Required,Not Required,Not Required,Not Required,Not Required,,"['Spreadsheet software', 'Text editor']","['Text', 'Data']",False,13-1051.00,87,Bachelor's Degree
159.0,"Task ID: 88

Your assignment is to determine if (1) the task can be performed remotely, (2) it is possible to design a meaningful, **practical** exam for this task and (3) whether such an exam can be evaluated using fact-based scoring. Further, you should identify the required tools and materials that exam takers need to use.

**Definitions:**
- **Remote feasibility**: A task can be performed remotely if it doesn't require a person to be at a specific place or interact with humans face-to-face.

- **Tools:** Software or applications (e.g. coding & development tools, text editor, presentation software, image generator), that are **absolutely** critical for an exam taker to complete any practically relevant and meaningful exam for this task. 

- **Materials:** Digital content (e.g., data files, text, images, audio files) that form part of the test content.

- **Fact based scoring:** Whether the exam can be evaluated using a predefined answer key (objective scoring) or requires subjective assessment, such as evaluating the quality of written responses or creative work.

- **Practical exam:** A practical exam is a an exam actually testing whether the described task can be performed successfully. An exam testing the knowledge about the task is NOT a practical exam.

- **Virtual lab:** A virtual lab is an interactive digital environment that simulates real-world settings, allowing users to perform tasks, collaborate with others, and test scenarios remotely.

- **Images:** Such as product images, photographs, maps, graphs and plots, etc.

- **Specialized software:** Specialized software refers to computer programs designed for specific industry tasks or technical functions, such as Simulink for system modeling, CAD for 3D design or SAP for enterprise resource planning. This category should be used if there is no way to solve the exam using combinations of the other tools and software listed under tools, but some more specialized software is required.

- **Specialized files:** Specialized files refers to files that cannot be parsed into text, data, images, audio or video but are also not part of a virtual lab. This category should be used if there is no way to provide the necessary exam materials using a combination of the other materials listed.

**Instructions:**
1. **Remote Feasibility:**  
   Evaluate whether Prepare and maintain a directory of suppliers, contractors and subcontractors. can be performed online/remotely or if it requires in-person presence.
   - **If in-person required:** Output `""can_be_performed_remotely"": false` and set all other fields (tools and materials) to `""NA""`.
   - **If remote:** Output `""can_be_performed_remotely"": true` and continue with the evaluation.

2. **Materials Required:**  
   For each material type, determine if it is necessary to provide materials of this type as part of an exam to evaluate Cost Estimators's ability to perform the task (Prepare and maintain a directory of suppliers, contractors and subcontractors.). 
   Options are: ""Required""or ""Not required"" 
   The materials include:
   - ""Text""
   - ""Data""
   - ""Images""
   - ""Audio files""
   - ""Video files""
   - ""Virtual labs""
   - ""Specialized files""


3. **Tools Required:**  
   For each tool, assess whether it is needed to complete an exam that evaluates whether an individual can do Prepare and maintain a directory of suppliers, contractors and subcontractors..
  Options are: ""Required"" or ""Not Required"". 
  The tools include:
   - ""Spreadsheet software""
   - ""Code execution environment""
   - ""Text editor""
   - ""Image viewer""
   - ""Image generator""
   - ""Presentation software""
   - ""Online search engine""
   - ""Video conferencing""
   - ""Chat interfaces""
   - ""Email client""
   - ""Internet access""
   - ""Specialized software""


4. **Feasibility of a practical exam:**
    Evaluate whether the task can meaningfully be tested in a practical, remote exam.
    - If you think this is possible, answer True,
    - Otherwise answer False

5. **Chain-of-Thought Reasoning:**  
   Optionally, include a brief chain-of-thought explanation (no more than 150 words) for your evaluations in a field called `""chain_of_thought""`.

**Output Requirement:**  
Return a JSON object strictly adhering to the provided structure, without any extra commentary outside of the JSON fields.

**Expected JSON Structure:**
{
  ""task_id"": ""88"",
  ""occupation"": ""Cost Estimators"",
  ""task_description"": ""Prepare and maintain a directory of suppliers, contractors and subcontractors."",
  ""can_be_performed_remotely"": true/false,
   ""feasibility_practical"": true/false,




  ""materials"": {
    ""Text"": ""Not Required/Required/NA"",
    ""Data"": ""Not Required/Required/NA"",
    ""Images"": ""Not Required/Required/NA"",
    ""Audio files"": ""Not Required/Required/NA"",
    ""Video files"": ""Not Required/Required/NA"",
    ""Virtual labs"": ""Not Required/Required/NA"",
    ""Speicalized files"":""Not Required/Required/NA"",
  },

   ""tools"": {
   ""Spreadsheet software"": ""Not Required/Required/NA"",
   ""Code execution environment"": ""Not Required/Required/NA"",
   ""Image viewer"": ""Not Required/Required/NA"",
   ""Image generator"": ""Not Required/Required/NA"",
   ""Text editor"": ""Not Required/Required/NA"",
   ""Presentation software"": ""Not Required/Required/NA"",
   ""Online search engine"": ""Not Required/Required/NA"",
   ""Video conferencing"": ""Not Required/Required/NA"",
   ""Chat interfaces"": ""Not Required/Required/NA"",
   ""Email client"": ""Not Required/Required/NA"",
   ""Internet access"": ""Not Required/Required/NA"",
   ""Specialized software:""""Not Required/Required/NA"",
  },
  ""chain_of_thought"": ""Brief explanation (no more than 150 words).""
}",88.0,Cost Estimators,"Prepare and maintain a directory of suppliers, contractors and subcontractors.",True,True,"Creating and maintaining a supplier directory is primarily a data management task that can be performed remotely. A practical exam would involve providing candidates with sample supplier information and asking them to organize it into a structured directory using spreadsheet software or a text editor. The exam could test their ability to categorize suppliers by service type, include relevant contact information, and implement a system for tracking performance metrics. This can be objectively scored by checking if all required fields are present, properly organized, and formatted correctly.",Required,Required,Not Required,Not Required,Not Required,Not Required,Not Required,Required,Not Required,Not Required,Not Required,Required,Not Required,Not Required,Not Required,Not Required,Not Required,Not Required,Not Required,,"['Spreadsheet software', 'Text editor']","['Text', 'Data']",False,13-1051.00,88,Bachelor's Degree
162.0,"Task ID: 18861

Your assignment is to determine if (1) the task can be performed remotely, (2) it is possible to design a meaningful, **practical** exam for this task and (3) whether such an exam can be evaluated using fact-based scoring. Further, you should identify the required tools and materials that exam takers need to use.

**Definitions:**
- **Remote feasibility**: A task can be performed remotely if it doesn't require a person to be at a specific place or interact with humans face-to-face.

- **Tools:** Software or applications (e.g. coding & development tools, text editor, presentation software, image generator), that are **absolutely** critical for an exam taker to complete any practically relevant and meaningful exam for this task. 

- **Materials:** Digital content (e.g., data files, text, images, audio files) that form part of the test content.

- **Fact based scoring:** Whether the exam can be evaluated using a predefined answer key (objective scoring) or requires subjective assessment, such as evaluating the quality of written responses or creative work.

- **Practical exam:** A practical exam is a an exam actually testing whether the described task can be performed successfully. An exam testing the knowledge about the task is NOT a practical exam.

- **Virtual lab:** A virtual lab is an interactive digital environment that simulates real-world settings, allowing users to perform tasks, collaborate with others, and test scenarios remotely.

- **Images:** Such as product images, photographs, maps, graphs and plots, etc.

- **Specialized software:** Specialized software refers to computer programs designed for specific industry tasks or technical functions, such as Simulink for system modeling, CAD for 3D design or SAP for enterprise resource planning. This category should be used if there is no way to solve the exam using combinations of the other tools and software listed under tools, but some more specialized software is required.

- **Specialized files:** Specialized files refers to files that cannot be parsed into text, data, images, audio or video but are also not part of a virtual lab. This category should be used if there is no way to provide the necessary exam materials using a combination of the other materials listed.

**Instructions:**
1. **Remote Feasibility:**  
   Evaluate whether Interpret and explain human resources policies, procedures, laws, standards, or regulations. can be performed online/remotely or if it requires in-person presence.
   - **If in-person required:** Output `""can_be_performed_remotely"": false` and set all other fields (tools and materials) to `""NA""`.
   - **If remote:** Output `""can_be_performed_remotely"": true` and continue with the evaluation.

2. **Materials Required:**  
   For each material type, determine if it is necessary to provide materials of this type as part of an exam to evaluate Human Resources Specialists's ability to perform the task (Interpret and explain human resources policies, procedures, laws, standards, or regulations.). 
   Options are: ""Required""or ""Not required"" 
   The materials include:
   - ""Text""
   - ""Data""
   - ""Images""
   - ""Audio files""
   - ""Video files""
   - ""Virtual labs""
   - ""Specialized files""


3. **Tools Required:**  
   For each tool, assess whether it is needed to complete an exam that evaluates whether an individual can do Interpret and explain human resources policies, procedures, laws, standards, or regulations..
  Options are: ""Required"" or ""Not Required"". 
  The tools include:
   - ""Spreadsheet software""
   - ""Code execution environment""
   - ""Text editor""
   - ""Image viewer""
   - ""Image generator""
   - ""Presentation software""
   - ""Online search engine""
   - ""Video conferencing""
   - ""Chat interfaces""
   - ""Email client""
   - ""Internet access""
   - ""Specialized software""


4. **Feasibility of a practical exam:**
    Evaluate whether the task can meaningfully be tested in a practical, remote exam.
    - If you think this is possible, answer True,
    - Otherwise answer False

5. **Chain-of-Thought Reasoning:**  
   Optionally, include a brief chain-of-thought explanation (no more than 150 words) for your evaluations in a field called `""chain_of_thought""`.

**Output Requirement:**  
Return a JSON object strictly adhering to the provided structure, without any extra commentary outside of the JSON fields.

**Expected JSON Structure:**
{
  ""task_id"": ""18861"",
  ""occupation"": ""Human Resources Specialists"",
  ""task_description"": ""Interpret and explain human resources policies, procedures, laws, standards, or regulations."",
  ""can_be_performed_remotely"": true/false,
   ""feasibility_practical"": true/false,




  ""materials"": {
    ""Text"": ""Not Required/Required/NA"",
    ""Data"": ""Not Required/Required/NA"",
    ""Images"": ""Not Required/Required/NA"",
    ""Audio files"": ""Not Required/Required/NA"",
    ""Video files"": ""Not Required/Required/NA"",
    ""Virtual labs"": ""Not Required/Required/NA"",
    ""Speicalized files"":""Not Required/Required/NA"",
  },

   ""tools"": {
   ""Spreadsheet software"": ""Not Required/Required/NA"",
   ""Code execution environment"": ""Not Required/Required/NA"",
   ""Image viewer"": ""Not Required/Required/NA"",
   ""Image generator"": ""Not Required/Required/NA"",
   ""Text editor"": ""Not Required/Required/NA"",
   ""Presentation software"": ""Not Required/Required/NA"",
   ""Online search engine"": ""Not Required/Required/NA"",
   ""Video conferencing"": ""Not Required/Required/NA"",
   ""Chat interfaces"": ""Not Required/Required/NA"",
   ""Email client"": ""Not Required/Required/NA"",
   ""Internet access"": ""Not Required/Required/NA"",
   ""Specialized software:""""Not Required/Required/NA"",
  },
  ""chain_of_thought"": ""Brief explanation (no more than 150 words).""
}",18861.0,Human Resources Specialists,"Interpret and explain human resources policies, procedures, laws, standards, or regulations.",True,True,"Interpreting HR policies and regulations can be performed remotely as it involves analyzing documents and providing explanations. A practical exam would present candidates with HR scenarios, policies, or regulations and ask them to interpret and explain them. This can be evaluated objectively by comparing responses to standard interpretations of the policies. The exam requires text materials (policies, laws, scenarios) and possibly data (compliance statistics, case examples), with a text editor for candidates to compose their explanations.",Required,Required,Not Required,Not Required,Not Required,Not Required,Not Required,Not Required,Not Required,Not Required,Not Required,Required,Not Required,Not Required,Not Required,Not Required,Not Required,Not Required,Not Required,,['Text editor'],"['Text', 'Data']",False,13-1071.00,18861,Associate's Degree (or other 2-year degree)
166.0,"Task ID: 18864

Your assignment is to determine if (1) the task can be performed remotely, (2) it is possible to design a meaningful, **practical** exam for this task and (3) whether such an exam can be evaluated using fact-based scoring. Further, you should identify the required tools and materials that exam takers need to use.

**Definitions:**
- **Remote feasibility**: A task can be performed remotely if it doesn't require a person to be at a specific place or interact with humans face-to-face.

- **Tools:** Software or applications (e.g. coding & development tools, text editor, presentation software, image generator), that are **absolutely** critical for an exam taker to complete any practically relevant and meaningful exam for this task. 

- **Materials:** Digital content (e.g., data files, text, images, audio files) that form part of the test content.

- **Fact based scoring:** Whether the exam can be evaluated using a predefined answer key (objective scoring) or requires subjective assessment, such as evaluating the quality of written responses or creative work.

- **Practical exam:** A practical exam is a an exam actually testing whether the described task can be performed successfully. An exam testing the knowledge about the task is NOT a practical exam.

- **Virtual lab:** A virtual lab is an interactive digital environment that simulates real-world settings, allowing users to perform tasks, collaborate with others, and test scenarios remotely.

- **Images:** Such as product images, photographs, maps, graphs and plots, etc.

- **Specialized software:** Specialized software refers to computer programs designed for specific industry tasks or technical functions, such as Simulink for system modeling, CAD for 3D design or SAP for enterprise resource planning. This category should be used if there is no way to solve the exam using combinations of the other tools and software listed under tools, but some more specialized software is required.

- **Specialized files:** Specialized files refers to files that cannot be parsed into text, data, images, audio or video but are also not part of a virtual lab. This category should be used if there is no way to provide the necessary exam materials using a combination of the other materials listed.

**Instructions:**
1. **Remote Feasibility:**  
   Evaluate whether Maintain current knowledge of Equal Employment Opportunity (EEO) and affirmative action guidelines and laws, such as the Americans with Disabilities Act (ADA). can be performed online/remotely or if it requires in-person presence.
   - **If in-person required:** Output `""can_be_performed_remotely"": false` and set all other fields (tools and materials) to `""NA""`.
   - **If remote:** Output `""can_be_performed_remotely"": true` and continue with the evaluation.

2. **Materials Required:**  
   For each material type, determine if it is necessary to provide materials of this type as part of an exam to evaluate Human Resources Specialists's ability to perform the task (Maintain current knowledge of Equal Employment Opportunity (EEO) and affirmative action guidelines and laws, such as the Americans with Disabilities Act (ADA).). 
   Options are: ""Required""or ""Not required"" 
   The materials include:
   - ""Text""
   - ""Data""
   - ""Images""
   - ""Audio files""
   - ""Video files""
   - ""Virtual labs""
   - ""Specialized files""


3. **Tools Required:**  
   For each tool, assess whether it is needed to complete an exam that evaluates whether an individual can do Maintain current knowledge of Equal Employment Opportunity (EEO) and affirmative action guidelines and laws, such as the Americans with Disabilities Act (ADA)..
  Options are: ""Required"" or ""Not Required"". 
  The tools include:
   - ""Spreadsheet software""
   - ""Code execution environment""
   - ""Text editor""
   - ""Image viewer""
   - ""Image generator""
   - ""Presentation software""
   - ""Online search engine""
   - ""Video conferencing""
   - ""Chat interfaces""
   - ""Email client""
   - ""Internet access""
   - ""Specialized software""


4. **Feasibility of a practical exam:**
    Evaluate whether the task can meaningfully be tested in a practical, remote exam.
    - If you think this is possible, answer True,
    - Otherwise answer False

5. **Chain-of-Thought Reasoning:**  
   Optionally, include a brief chain-of-thought explanation (no more than 150 words) for your evaluations in a field called `""chain_of_thought""`.

**Output Requirement:**  
Return a JSON object strictly adhering to the provided structure, without any extra commentary outside of the JSON fields.

**Expected JSON Structure:**
{
  ""task_id"": ""18864"",
  ""occupation"": ""Human Resources Specialists"",
  ""task_description"": ""Maintain current knowledge of Equal Employment Opportunity (EEO) and affirmative action guidelines and laws, such as the Americans with Disabilities Act (ADA)."",
  ""can_be_performed_remotely"": true/false,
   ""feasibility_practical"": true/false,




  ""materials"": {
    ""Text"": ""Not Required/Required/NA"",
    ""Data"": ""Not Required/Required/NA"",
    ""Images"": ""Not Required/Required/NA"",
    ""Audio files"": ""Not Required/Required/NA"",
    ""Video files"": ""Not Required/Required/NA"",
    ""Virtual labs"": ""Not Required/Required/NA"",
    ""Speicalized files"":""Not Required/Required/NA"",
  },

   ""tools"": {
   ""Spreadsheet software"": ""Not Required/Required/NA"",
   ""Code execution environment"": ""Not Required/Required/NA"",
   ""Image viewer"": ""Not Required/Required/NA"",
   ""Image generator"": ""Not Required/Required/NA"",
   ""Text editor"": ""Not Required/Required/NA"",
   ""Presentation software"": ""Not Required/Required/NA"",
   ""Online search engine"": ""Not Required/Required/NA"",
   ""Video conferencing"": ""Not Required/Required/NA"",
   ""Chat interfaces"": ""Not Required/Required/NA"",
   ""Email client"": ""Not Required/Required/NA"",
   ""Internet access"": ""Not Required/Required/NA"",
   ""Specialized software:""""Not Required/Required/NA"",
  },
  ""chain_of_thought"": ""Brief explanation (no more than 150 words).""
}",18864.0,Human Resources Specialists,"Maintain current knowledge of Equal Employment Opportunity (EEO) and affirmative action guidelines and laws, such as the Americans with Disabilities Act (ADA).",True,True,"Maintaining knowledge of EEO laws can be performed remotely as it involves studying and applying regulations. A practical exam can test this by presenting case scenarios requiring application of current EEO laws. The exam would provide text materials (case studies, legal updates) and data (compliance statistics), requiring examinees to analyze situations, identify compliance issues, and recommend appropriate actions using a text editor. This can be objectively scored against a rubric of correct legal interpretations and appropriate responses to scenarios based on current regulations.",Required,Required,Not Required,Not Required,Not Required,Not Required,Not Required,Not Required,Not Required,Not Required,Not Required,Required,Not Required,Not Required,Not Required,Not Required,Not Required,Not Required,Not Required,,['Text editor'],"['Text', 'Data']",False,13-1071.00,18864,Associate's Degree (or other 2-year degree)
171.0,"Task ID: 18868

Your assignment is to determine if (1) the task can be performed remotely, (2) it is possible to design a meaningful, **practical** exam for this task and (3) whether such an exam can be evaluated using fact-based scoring. Further, you should identify the required tools and materials that exam takers need to use.

**Definitions:**
- **Remote feasibility**: A task can be performed remotely if it doesn't require a person to be at a specific place or interact with humans face-to-face.

- **Tools:** Software or applications (e.g. coding & development tools, text editor, presentation software, image generator), that are **absolutely** critical for an exam taker to complete any practically relevant and meaningful exam for this task. 

- **Materials:** Digital content (e.g., data files, text, images, audio files) that form part of the test content.

- **Fact based scoring:** Whether the exam can be evaluated using a predefined answer key (objective scoring) or requires subjective assessment, such as evaluating the quality of written responses or creative work.

- **Practical exam:** A practical exam is a an exam actually testing whether the described task can be performed successfully. An exam testing the knowledge about the task is NOT a practical exam.

- **Virtual lab:** A virtual lab is an interactive digital environment that simulates real-world settings, allowing users to perform tasks, collaborate with others, and test scenarios remotely.

- **Images:** Such as product images, photographs, maps, graphs and plots, etc.

- **Specialized software:** Specialized software refers to computer programs designed for specific industry tasks or technical functions, such as Simulink for system modeling, CAD for 3D design or SAP for enterprise resource planning. This category should be used if there is no way to solve the exam using combinations of the other tools and software listed under tools, but some more specialized software is required.

- **Specialized files:** Specialized files refers to files that cannot be parsed into text, data, images, audio or video but are also not part of a virtual lab. This category should be used if there is no way to provide the necessary exam materials using a combination of the other materials listed.

**Instructions:**
1. **Remote Feasibility:**  
   Evaluate whether Review employment applications and job orders to match applicants with job requirements. can be performed online/remotely or if it requires in-person presence.
   - **If in-person required:** Output `""can_be_performed_remotely"": false` and set all other fields (tools and materials) to `""NA""`.
   - **If remote:** Output `""can_be_performed_remotely"": true` and continue with the evaluation.

2. **Materials Required:**  
   For each material type, determine if it is necessary to provide materials of this type as part of an exam to evaluate Human Resources Specialists's ability to perform the task (Review employment applications and job orders to match applicants with job requirements.). 
   Options are: ""Required""or ""Not required"" 
   The materials include:
   - ""Text""
   - ""Data""
   - ""Images""
   - ""Audio files""
   - ""Video files""
   - ""Virtual labs""
   - ""Specialized files""


3. **Tools Required:**  
   For each tool, assess whether it is needed to complete an exam that evaluates whether an individual can do Review employment applications and job orders to match applicants with job requirements..
  Options are: ""Required"" or ""Not Required"". 
  The tools include:
   - ""Spreadsheet software""
   - ""Code execution environment""
   - ""Text editor""
   - ""Image viewer""
   - ""Image generator""
   - ""Presentation software""
   - ""Online search engine""
   - ""Video conferencing""
   - ""Chat interfaces""
   - ""Email client""
   - ""Internet access""
   - ""Specialized software""


4. **Feasibility of a practical exam:**
    Evaluate whether the task can meaningfully be tested in a practical, remote exam.
    - If you think this is possible, answer True,
    - Otherwise answer False

5. **Chain-of-Thought Reasoning:**  
   Optionally, include a brief chain-of-thought explanation (no more than 150 words) for your evaluations in a field called `""chain_of_thought""`.

**Output Requirement:**  
Return a JSON object strictly adhering to the provided structure, without any extra commentary outside of the JSON fields.

**Expected JSON Structure:**
{
  ""task_id"": ""18868"",
  ""occupation"": ""Human Resources Specialists"",
  ""task_description"": ""Review employment applications and job orders to match applicants with job requirements."",
  ""can_be_performed_remotely"": true/false,
   ""feasibility_practical"": true/false,




  ""materials"": {
    ""Text"": ""Not Required/Required/NA"",
    ""Data"": ""Not Required/Required/NA"",
    ""Images"": ""Not Required/Required/NA"",
    ""Audio files"": ""Not Required/Required/NA"",
    ""Video files"": ""Not Required/Required/NA"",
    ""Virtual labs"": ""Not Required/Required/NA"",
    ""Speicalized files"":""Not Required/Required/NA"",
  },

   ""tools"": {
   ""Spreadsheet software"": ""Not Required/Required/NA"",
   ""Code execution environment"": ""Not Required/Required/NA"",
   ""Image viewer"": ""Not Required/Required/NA"",
   ""Image generator"": ""Not Required/Required/NA"",
   ""Text editor"": ""Not Required/Required/NA"",
   ""Presentation software"": ""Not Required/Required/NA"",
   ""Online search engine"": ""Not Required/Required/NA"",
   ""Video conferencing"": ""Not Required/Required/NA"",
   ""Chat interfaces"": ""Not Required/Required/NA"",
   ""Email client"": ""Not Required/Required/NA"",
   ""Internet access"": ""Not Required/Required/NA"",
   ""Specialized software:""""Not Required/Required/NA"",
  },
  ""chain_of_thought"": ""Brief explanation (no more than 150 words).""
}",18868.0,Human Resources Specialists,Review employment applications and job orders to match applicants with job requirements.,True,True,"Reviewing applications and matching them to job requirements is primarily document-based work that can be performed remotely. A practical exam can provide sample resumes/applications and job descriptions, requiring candidates to evaluate qualifications, identify matches, and justify decisions. This can be objectively scored by comparing candidate selections against predetermined correct matches based on qualification criteria. Basic tools like text editors and spreadsheets are sufficient for organizing and documenting the matching process.",Required,Required,Not Required,Not Required,Not Required,Not Required,Not Required,Required,Not Required,Not Required,Not Required,Required,Not Required,Not Required,Not Required,Not Required,Not Required,Not Required,Not Required,,"['Spreadsheet software', 'Text editor']","['Text', 'Data']",False,13-1071.00,18868,Associate's Degree (or other 2-year degree)
181.0,"Task ID: 14838

Your assignment is to determine if (1) the task can be performed remotely, (2) it is possible to design a meaningful, **practical** exam for this task and (3) whether such an exam can be evaluated using fact-based scoring. Further, you should identify the required tools and materials that exam takers need to use.

**Definitions:**
- **Remote feasibility**: A task can be performed remotely if it doesn't require a person to be at a specific place or interact with humans face-to-face.

- **Tools:** Software or applications (e.g. coding & development tools, text editor, presentation software, image generator), that are **absolutely** critical for an exam taker to complete any practically relevant and meaningful exam for this task. 

- **Materials:** Digital content (e.g., data files, text, images, audio files) that form part of the test content.

- **Fact based scoring:** Whether the exam can be evaluated using a predefined answer key (objective scoring) or requires subjective assessment, such as evaluating the quality of written responses or creative work.

- **Practical exam:** A practical exam is a an exam actually testing whether the described task can be performed successfully. An exam testing the knowledge about the task is NOT a practical exam.

- **Virtual lab:** A virtual lab is an interactive digital environment that simulates real-world settings, allowing users to perform tasks, collaborate with others, and test scenarios remotely.

- **Images:** Such as product images, photographs, maps, graphs and plots, etc.

- **Specialized software:** Specialized software refers to computer programs designed for specific industry tasks or technical functions, such as Simulink for system modeling, CAD for 3D design or SAP for enterprise resource planning. This category should be used if there is no way to solve the exam using combinations of the other tools and software listed under tools, but some more specialized software is required.

- **Specialized files:** Specialized files refers to files that cannot be parsed into text, data, images, audio or video but are also not part of a virtual lab. This category should be used if there is no way to provide the necessary exam materials using a combination of the other materials listed.

**Instructions:**
1. **Remote Feasibility:**  
   Evaluate whether Pay wages of contracted farm laborers. can be performed online/remotely or if it requires in-person presence.
   - **If in-person required:** Output `""can_be_performed_remotely"": false` and set all other fields (tools and materials) to `""NA""`.
   - **If remote:** Output `""can_be_performed_remotely"": true` and continue with the evaluation.

2. **Materials Required:**  
   For each material type, determine if it is necessary to provide materials of this type as part of an exam to evaluate Farm Labor Contractors's ability to perform the task (Pay wages of contracted farm laborers.). 
   Options are: ""Required""or ""Not required"" 
   The materials include:
   - ""Text""
   - ""Data""
   - ""Images""
   - ""Audio files""
   - ""Video files""
   - ""Virtual labs""
   - ""Specialized files""


3. **Tools Required:**  
   For each tool, assess whether it is needed to complete an exam that evaluates whether an individual can do Pay wages of contracted farm laborers..
  Options are: ""Required"" or ""Not Required"". 
  The tools include:
   - ""Spreadsheet software""
   - ""Code execution environment""
   - ""Text editor""
   - ""Image viewer""
   - ""Image generator""
   - ""Presentation software""
   - ""Online search engine""
   - ""Video conferencing""
   - ""Chat interfaces""
   - ""Email client""
   - ""Internet access""
   - ""Specialized software""


4. **Feasibility of a practical exam:**
    Evaluate whether the task can meaningfully be tested in a practical, remote exam.
    - If you think this is possible, answer True,
    - Otherwise answer False

5. **Chain-of-Thought Reasoning:**  
   Optionally, include a brief chain-of-thought explanation (no more than 150 words) for your evaluations in a field called `""chain_of_thought""`.

**Output Requirement:**  
Return a JSON object strictly adhering to the provided structure, without any extra commentary outside of the JSON fields.

**Expected JSON Structure:**
{
  ""task_id"": ""14838"",
  ""occupation"": ""Farm Labor Contractors"",
  ""task_description"": ""Pay wages of contracted farm laborers."",
  ""can_be_performed_remotely"": true/false,
   ""feasibility_practical"": true/false,




  ""materials"": {
    ""Text"": ""Not Required/Required/NA"",
    ""Data"": ""Not Required/Required/NA"",
    ""Images"": ""Not Required/Required/NA"",
    ""Audio files"": ""Not Required/Required/NA"",
    ""Video files"": ""Not Required/Required/NA"",
    ""Virtual labs"": ""Not Required/Required/NA"",
    ""Speicalized files"":""Not Required/Required/NA"",
  },

   ""tools"": {
   ""Spreadsheet software"": ""Not Required/Required/NA"",
   ""Code execution environment"": ""Not Required/Required/NA"",
   ""Image viewer"": ""Not Required/Required/NA"",
   ""Image generator"": ""Not Required/Required/NA"",
   ""Text editor"": ""Not Required/Required/NA"",
   ""Presentation software"": ""Not Required/Required/NA"",
   ""Online search engine"": ""Not Required/Required/NA"",
   ""Video conferencing"": ""Not Required/Required/NA"",
   ""Chat interfaces"": ""Not Required/Required/NA"",
   ""Email client"": ""Not Required/Required/NA"",
   ""Internet access"": ""Not Required/Required/NA"",
   ""Specialized software:""""Not Required/Required/NA"",
  },
  ""chain_of_thought"": ""Brief explanation (no more than 150 words).""
}",14838.0,Farm Labor Contractors,Pay wages of contracted farm laborers.,True,True,"Paying wages to farm laborers can be performed remotely as it involves calculating pay based on hours worked, rates, and deductions. A practical exam can test this by providing sample timesheet data, pay rates, and tax information, then requiring the contractor to calculate correct wages. This can be objectively scored by comparing calculations to a correct answer key. The exam would require spreadsheet software for calculations and a text editor for documentation. The materials needed would include text (instructions, labor laws) and data (worker hours, rates, deductions).",Required,Required,Not Required,Not Required,Not Required,Not Required,Not Required,Required,Not Required,Not Required,Not Required,Required,Not Required,Not Required,Not Required,Not Required,Not Required,Not Required,Not Required,,"['Spreadsheet software', 'Text editor']","['Text', 'Data']",False,13-1074.00,14838,High School Diploma (or GED or High School Equivalence Certificate)
190.0,"Task ID: 18895

Your assignment is to determine if (1) the task can be performed remotely, (2) it is possible to design a meaningful, **practical** exam for this task and (3) whether such an exam can be evaluated using fact-based scoring. Further, you should identify the required tools and materials that exam takers need to use.

**Definitions:**
- **Remote feasibility**: A task can be performed remotely if it doesn't require a person to be at a specific place or interact with humans face-to-face.

- **Tools:** Software or applications (e.g. coding & development tools, text editor, presentation software, image generator), that are **absolutely** critical for an exam taker to complete any practically relevant and meaningful exam for this task. 

- **Materials:** Digital content (e.g., data files, text, images, audio files) that form part of the test content.

- **Fact based scoring:** Whether the exam can be evaluated using a predefined answer key (objective scoring) or requires subjective assessment, such as evaluating the quality of written responses or creative work.

- **Practical exam:** A practical exam is a an exam actually testing whether the described task can be performed successfully. An exam testing the knowledge about the task is NOT a practical exam.

- **Virtual lab:** A virtual lab is an interactive digital environment that simulates real-world settings, allowing users to perform tasks, collaborate with others, and test scenarios remotely.

- **Images:** Such as product images, photographs, maps, graphs and plots, etc.

- **Specialized software:** Specialized software refers to computer programs designed for specific industry tasks or technical functions, such as Simulink for system modeling, CAD for 3D design or SAP for enterprise resource planning. This category should be used if there is no way to solve the exam using combinations of the other tools and software listed under tools, but some more specialized software is required.

- **Specialized files:** Specialized files refers to files that cannot be parsed into text, data, images, audio or video but are also not part of a virtual lab. This category should be used if there is no way to provide the necessary exam materials using a combination of the other materials listed.

**Instructions:**
1. **Remote Feasibility:**  
   Evaluate whether Write letters related to labor relations activities, such as letters to amend collective bargaining agreements, letters of dispute or conciliation, or letters to seek clarification of contract terms. can be performed online/remotely or if it requires in-person presence.
   - **If in-person required:** Output `""can_be_performed_remotely"": false` and set all other fields (tools and materials) to `""NA""`.
   - **If remote:** Output `""can_be_performed_remotely"": true` and continue with the evaluation.

2. **Materials Required:**  
   For each material type, determine if it is necessary to provide materials of this type as part of an exam to evaluate Labor Relations Specialists's ability to perform the task (Write letters related to labor relations activities, such as letters to amend collective bargaining agreements, letters of dispute or conciliation, or letters to seek clarification of contract terms.). 
   Options are: ""Required""or ""Not required"" 
   The materials include:
   - ""Text""
   - ""Data""
   - ""Images""
   - ""Audio files""
   - ""Video files""
   - ""Virtual labs""
   - ""Specialized files""


3. **Tools Required:**  
   For each tool, assess whether it is needed to complete an exam that evaluates whether an individual can do Write letters related to labor relations activities, such as letters to amend collective bargaining agreements, letters of dispute or conciliation, or letters to seek clarification of contract terms..
  Options are: ""Required"" or ""Not Required"". 
  The tools include:
   - ""Spreadsheet software""
   - ""Code execution environment""
   - ""Text editor""
   - ""Image viewer""
   - ""Image generator""
   - ""Presentation software""
   - ""Online search engine""
   - ""Video conferencing""
   - ""Chat interfaces""
   - ""Email client""
   - ""Internet access""
   - ""Specialized software""


4. **Feasibility of a practical exam:**
    Evaluate whether the task can meaningfully be tested in a practical, remote exam.
    - If you think this is possible, answer True,
    - Otherwise answer False

5. **Chain-of-Thought Reasoning:**  
   Optionally, include a brief chain-of-thought explanation (no more than 150 words) for your evaluations in a field called `""chain_of_thought""`.

**Output Requirement:**  
Return a JSON object strictly adhering to the provided structure, without any extra commentary outside of the JSON fields.

**Expected JSON Structure:**
{
  ""task_id"": ""18895"",
  ""occupation"": ""Labor Relations Specialists"",
  ""task_description"": ""Write letters related to labor relations activities, such as letters to amend collective bargaining agreements, letters of dispute or conciliation, or letters to seek clarification of contract terms."",
  ""can_be_performed_remotely"": true/false,
   ""feasibility_practical"": true/false,




  ""materials"": {
    ""Text"": ""Not Required/Required/NA"",
    ""Data"": ""Not Required/Required/NA"",
    ""Images"": ""Not Required/Required/NA"",
    ""Audio files"": ""Not Required/Required/NA"",
    ""Video files"": ""Not Required/Required/NA"",
    ""Virtual labs"": ""Not Required/Required/NA"",
    ""Speicalized files"":""Not Required/Required/NA"",
  },

   ""tools"": {
   ""Spreadsheet software"": ""Not Required/Required/NA"",
   ""Code execution environment"": ""Not Required/Required/NA"",
   ""Image viewer"": ""Not Required/Required/NA"",
   ""Image generator"": ""Not Required/Required/NA"",
   ""Text editor"": ""Not Required/Required/NA"",
   ""Presentation software"": ""Not Required/Required/NA"",
   ""Online search engine"": ""Not Required/Required/NA"",
   ""Video conferencing"": ""Not Required/Required/NA"",
   ""Chat interfaces"": ""Not Required/Required/NA"",
   ""Email client"": ""Not Required/Required/NA"",
   ""Internet access"": ""Not Required/Required/NA"",
   ""Specialized software:""""Not Required/Required/NA"",
  },
  ""chain_of_thought"": ""Brief explanation (no more than 150 words).""
}",18895.0,Labor Relations Specialists,"Write letters related to labor relations activities, such as letters to amend collective bargaining agreements, letters of dispute or conciliation, or letters to seek clarification of contract terms.",True,True,"Writing labor relations letters can be performed remotely as it requires only digital composition. A practical exam would provide scenarios (text) and relevant contract/agreement details (data) requiring candidates to draft appropriate letters using a text editor. The exam can be fact-based scored by evaluating if letters include required elements, proper formatting, appropriate tone, accurate references to agreements/laws, and address the scenario correctly. No specialized software is needed beyond a basic text editor.",Required,Required,Not Required,Not Required,Not Required,Not Required,Not Required,Not Required,Not Required,Not Required,Not Required,Required,Not Required,Not Required,Not Required,Not Required,Not Required,Not Required,Not Required,,['Text editor'],"['Text', 'Data']",False,13-1075.00,18895,Bachelor's Degree
191.0,"Task ID: 18879

Your assignment is to determine if (1) the task can be performed remotely, (2) it is possible to design a meaningful, **practical** exam for this task and (3) whether such an exam can be evaluated using fact-based scoring. Further, you should identify the required tools and materials that exam takers need to use.

**Definitions:**
- **Remote feasibility**: A task can be performed remotely if it doesn't require a person to be at a specific place or interact with humans face-to-face.

- **Tools:** Software or applications (e.g. coding & development tools, text editor, presentation software, image generator), that are **absolutely** critical for an exam taker to complete any practically relevant and meaningful exam for this task. 

- **Materials:** Digital content (e.g., data files, text, images, audio files) that form part of the test content.

- **Fact based scoring:** Whether the exam can be evaluated using a predefined answer key (objective scoring) or requires subjective assessment, such as evaluating the quality of written responses or creative work.

- **Practical exam:** A practical exam is a an exam actually testing whether the described task can be performed successfully. An exam testing the knowledge about the task is NOT a practical exam.

- **Virtual lab:** A virtual lab is an interactive digital environment that simulates real-world settings, allowing users to perform tasks, collaborate with others, and test scenarios remotely.

- **Images:** Such as product images, photographs, maps, graphs and plots, etc.

- **Specialized software:** Specialized software refers to computer programs designed for specific industry tasks or technical functions, such as Simulink for system modeling, CAD for 3D design or SAP for enterprise resource planning. This category should be used if there is no way to solve the exam using combinations of the other tools and software listed under tools, but some more specialized software is required.

- **Specialized files:** Specialized files refers to files that cannot be parsed into text, data, images, audio or video but are also not part of a virtual lab. This category should be used if there is no way to provide the necessary exam materials using a combination of the other materials listed.

**Instructions:**
1. **Remote Feasibility:**  
   Evaluate whether Draft contract proposals or counter-proposals for collective bargaining or other labor negotiations. can be performed online/remotely or if it requires in-person presence.
   - **If in-person required:** Output `""can_be_performed_remotely"": false` and set all other fields (tools and materials) to `""NA""`.
   - **If remote:** Output `""can_be_performed_remotely"": true` and continue with the evaluation.

2. **Materials Required:**  
   For each material type, determine if it is necessary to provide materials of this type as part of an exam to evaluate Labor Relations Specialists's ability to perform the task (Draft contract proposals or counter-proposals for collective bargaining or other labor negotiations.). 
   Options are: ""Required""or ""Not required"" 
   The materials include:
   - ""Text""
   - ""Data""
   - ""Images""
   - ""Audio files""
   - ""Video files""
   - ""Virtual labs""
   - ""Specialized files""


3. **Tools Required:**  
   For each tool, assess whether it is needed to complete an exam that evaluates whether an individual can do Draft contract proposals or counter-proposals for collective bargaining or other labor negotiations..
  Options are: ""Required"" or ""Not Required"". 
  The tools include:
   - ""Spreadsheet software""
   - ""Code execution environment""
   - ""Text editor""
   - ""Image viewer""
   - ""Image generator""
   - ""Presentation software""
   - ""Online search engine""
   - ""Video conferencing""
   - ""Chat interfaces""
   - ""Email client""
   - ""Internet access""
   - ""Specialized software""


4. **Feasibility of a practical exam:**
    Evaluate whether the task can meaningfully be tested in a practical, remote exam.
    - If you think this is possible, answer True,
    - Otherwise answer False

5. **Chain-of-Thought Reasoning:**  
   Optionally, include a brief chain-of-thought explanation (no more than 150 words) for your evaluations in a field called `""chain_of_thought""`.

**Output Requirement:**  
Return a JSON object strictly adhering to the provided structure, without any extra commentary outside of the JSON fields.

**Expected JSON Structure:**
{
  ""task_id"": ""18879"",
  ""occupation"": ""Labor Relations Specialists"",
  ""task_description"": ""Draft contract proposals or counter-proposals for collective bargaining or other labor negotiations."",
  ""can_be_performed_remotely"": true/false,
   ""feasibility_practical"": true/false,




  ""materials"": {
    ""Text"": ""Not Required/Required/NA"",
    ""Data"": ""Not Required/Required/NA"",
    ""Images"": ""Not Required/Required/NA"",
    ""Audio files"": ""Not Required/Required/NA"",
    ""Video files"": ""Not Required/Required/NA"",
    ""Virtual labs"": ""Not Required/Required/NA"",
    ""Speicalized files"":""Not Required/Required/NA"",
  },

   ""tools"": {
   ""Spreadsheet software"": ""Not Required/Required/NA"",
   ""Code execution environment"": ""Not Required/Required/NA"",
   ""Image viewer"": ""Not Required/Required/NA"",
   ""Image generator"": ""Not Required/Required/NA"",
   ""Text editor"": ""Not Required/Required/NA"",
   ""Presentation software"": ""Not Required/Required/NA"",
   ""Online search engine"": ""Not Required/Required/NA"",
   ""Video conferencing"": ""Not Required/Required/NA"",
   ""Chat interfaces"": ""Not Required/Required/NA"",
   ""Email client"": ""Not Required/Required/NA"",
   ""Internet access"": ""Not Required/Required/NA"",
   ""Specialized software:""""Not Required/Required/NA"",
  },
  ""chain_of_thought"": ""Brief explanation (no more than 150 words).""
}",18879.0,Labor Relations Specialists,Draft contract proposals or counter-proposals for collective bargaining or other labor negotiations.,True,True,"Drafting contract proposals for labor negotiations can be performed remotely as it primarily involves document creation and analysis. A practical exam would provide candidates with relevant background information (text) about a labor situation, previous agreements, and negotiation parameters (data). The exam would require drafting a proposal using a text editor. This can be evaluated objectively by checking for required elements, legal compliance, and appropriate addressing of key issues. The task doesn't require specialized software, just standard document creation tools.",Required,Required,Not Required,Not Required,Not Required,Not Required,Not Required,Not Required,Not Required,Not Required,Not Required,Required,Not Required,Not Required,Not Required,Not Required,Not Required,Not Required,Not Required,,['Text editor'],"['Text', 'Data']",False,13-1075.00,18879,Bachelor's Degree
193.0,"Task ID: 18882

Your assignment is to determine if (1) the task can be performed remotely, (2) it is possible to design a meaningful, **practical** exam for this task and (3) whether such an exam can be evaluated using fact-based scoring. Further, you should identify the required tools and materials that exam takers need to use.

**Definitions:**
- **Remote feasibility**: A task can be performed remotely if it doesn't require a person to be at a specific place or interact with humans face-to-face.

- **Tools:** Software or applications (e.g. coding & development tools, text editor, presentation software, image generator), that are **absolutely** critical for an exam taker to complete any practically relevant and meaningful exam for this task. 

- **Materials:** Digital content (e.g., data files, text, images, audio files) that form part of the test content.

- **Fact based scoring:** Whether the exam can be evaluated using a predefined answer key (objective scoring) or requires subjective assessment, such as evaluating the quality of written responses or creative work.

- **Practical exam:** A practical exam is a an exam actually testing whether the described task can be performed successfully. An exam testing the knowledge about the task is NOT a practical exam.

- **Virtual lab:** A virtual lab is an interactive digital environment that simulates real-world settings, allowing users to perform tasks, collaborate with others, and test scenarios remotely.

- **Images:** Such as product images, photographs, maps, graphs and plots, etc.

- **Specialized software:** Specialized software refers to computer programs designed for specific industry tasks or technical functions, such as Simulink for system modeling, CAD for 3D design or SAP for enterprise resource planning. This category should be used if there is no way to solve the exam using combinations of the other tools and software listed under tools, but some more specialized software is required.

- **Specialized files:** Specialized files refers to files that cannot be parsed into text, data, images, audio or video but are also not part of a virtual lab. This category should be used if there is no way to provide the necessary exam materials using a combination of the other materials listed.

**Instructions:**
1. **Remote Feasibility:**  
   Evaluate whether Interpret contractual agreements for employers and employees engaged in collective bargaining or other labor relations processes. can be performed online/remotely or if it requires in-person presence.
   - **If in-person required:** Output `""can_be_performed_remotely"": false` and set all other fields (tools and materials) to `""NA""`.
   - **If remote:** Output `""can_be_performed_remotely"": true` and continue with the evaluation.

2. **Materials Required:**  
   For each material type, determine if it is necessary to provide materials of this type as part of an exam to evaluate Labor Relations Specialists's ability to perform the task (Interpret contractual agreements for employers and employees engaged in collective bargaining or other labor relations processes.). 
   Options are: ""Required""or ""Not required"" 
   The materials include:
   - ""Text""
   - ""Data""
   - ""Images""
   - ""Audio files""
   - ""Video files""
   - ""Virtual labs""
   - ""Specialized files""


3. **Tools Required:**  
   For each tool, assess whether it is needed to complete an exam that evaluates whether an individual can do Interpret contractual agreements for employers and employees engaged in collective bargaining or other labor relations processes..
  Options are: ""Required"" or ""Not Required"". 
  The tools include:
   - ""Spreadsheet software""
   - ""Code execution environment""
   - ""Text editor""
   - ""Image viewer""
   - ""Image generator""
   - ""Presentation software""
   - ""Online search engine""
   - ""Video conferencing""
   - ""Chat interfaces""
   - ""Email client""
   - ""Internet access""
   - ""Specialized software""


4. **Feasibility of a practical exam:**
    Evaluate whether the task can meaningfully be tested in a practical, remote exam.
    - If you think this is possible, answer True,
    - Otherwise answer False

5. **Chain-of-Thought Reasoning:**  
   Optionally, include a brief chain-of-thought explanation (no more than 150 words) for your evaluations in a field called `""chain_of_thought""`.

**Output Requirement:**  
Return a JSON object strictly adhering to the provided structure, without any extra commentary outside of the JSON fields.

**Expected JSON Structure:**
{
  ""task_id"": ""18882"",
  ""occupation"": ""Labor Relations Specialists"",
  ""task_description"": ""Interpret contractual agreements for employers and employees engaged in collective bargaining or other labor relations processes."",
  ""can_be_performed_remotely"": true/false,
   ""feasibility_practical"": true/false,




  ""materials"": {
    ""Text"": ""Not Required/Required/NA"",
    ""Data"": ""Not Required/Required/NA"",
    ""Images"": ""Not Required/Required/NA"",
    ""Audio files"": ""Not Required/Required/NA"",
    ""Video files"": ""Not Required/Required/NA"",
    ""Virtual labs"": ""Not Required/Required/NA"",
    ""Speicalized files"":""Not Required/Required/NA"",
  },

   ""tools"": {
   ""Spreadsheet software"": ""Not Required/Required/NA"",
   ""Code execution environment"": ""Not Required/Required/NA"",
   ""Image viewer"": ""Not Required/Required/NA"",
   ""Image generator"": ""Not Required/Required/NA"",
   ""Text editor"": ""Not Required/Required/NA"",
   ""Presentation software"": ""Not Required/Required/NA"",
   ""Online search engine"": ""Not Required/Required/NA"",
   ""Video conferencing"": ""Not Required/Required/NA"",
   ""Chat interfaces"": ""Not Required/Required/NA"",
   ""Email client"": ""Not Required/Required/NA"",
   ""Internet access"": ""Not Required/Required/NA"",
   ""Specialized software:""""Not Required/Required/NA"",
  },
  ""chain_of_thought"": ""Brief explanation (no more than 150 words).""
}",18882.0,Labor Relations Specialists,Interpret contractual agreements for employers and employees engaged in collective bargaining or other labor relations processes.,True,True,Interpreting contractual agreements can be performed remotely as it involves analyzing documents and providing interpretations. A practical exam would provide sample labor contracts and scenarios requiring interpretation. Materials needed include text (contract language) and data (relevant labor statistics or precedents). A text editor is required for the candidate to draft their interpretations and analyses. The exam can be objectively scored based on accuracy of interpretations against established labor law principles and precedents.,Required,Required,Not Required,Not Required,Not Required,Not Required,Not Required,Not Required,Not Required,Not Required,Not Required,Required,Not Required,Not Required,Not Required,Not Required,Not Required,Not Required,Not Required,,['Text editor'],"['Text', 'Data']",False,13-1075.00,18882,Bachelor's Degree
194.0,"Task ID: 18897

Your assignment is to determine if (1) the task can be performed remotely, (2) it is possible to design a meaningful, **practical** exam for this task and (3) whether such an exam can be evaluated using fact-based scoring. Further, you should identify the required tools and materials that exam takers need to use.

**Definitions:**
- **Remote feasibility**: A task can be performed remotely if it doesn't require a person to be at a specific place or interact with humans face-to-face.

- **Tools:** Software or applications (e.g. coding & development tools, text editor, presentation software, image generator), that are **absolutely** critical for an exam taker to complete any practically relevant and meaningful exam for this task. 

- **Materials:** Digital content (e.g., data files, text, images, audio files) that form part of the test content.

- **Fact based scoring:** Whether the exam can be evaluated using a predefined answer key (objective scoring) or requires subjective assessment, such as evaluating the quality of written responses or creative work.

- **Practical exam:** A practical exam is a an exam actually testing whether the described task can be performed successfully. An exam testing the knowledge about the task is NOT a practical exam.

- **Virtual lab:** A virtual lab is an interactive digital environment that simulates real-world settings, allowing users to perform tasks, collaborate with others, and test scenarios remotely.

- **Images:** Such as product images, photographs, maps, graphs and plots, etc.

- **Specialized software:** Specialized software refers to computer programs designed for specific industry tasks or technical functions, such as Simulink for system modeling, CAD for 3D design or SAP for enterprise resource planning. This category should be used if there is no way to solve the exam using combinations of the other tools and software listed under tools, but some more specialized software is required.

- **Specialized files:** Specialized files refers to files that cannot be parsed into text, data, images, audio or video but are also not part of a virtual lab. This category should be used if there is no way to provide the necessary exam materials using a combination of the other materials listed.

**Instructions:**
1. **Remote Feasibility:**  
   Evaluate whether Assess the impact of union proposals on company or government operations. can be performed online/remotely or if it requires in-person presence.
   - **If in-person required:** Output `""can_be_performed_remotely"": false` and set all other fields (tools and materials) to `""NA""`.
   - **If remote:** Output `""can_be_performed_remotely"": true` and continue with the evaluation.

2. **Materials Required:**  
   For each material type, determine if it is necessary to provide materials of this type as part of an exam to evaluate Labor Relations Specialists's ability to perform the task (Assess the impact of union proposals on company or government operations.). 
   Options are: ""Required""or ""Not required"" 
   The materials include:
   - ""Text""
   - ""Data""
   - ""Images""
   - ""Audio files""
   - ""Video files""
   - ""Virtual labs""
   - ""Specialized files""


3. **Tools Required:**  
   For each tool, assess whether it is needed to complete an exam that evaluates whether an individual can do Assess the impact of union proposals on company or government operations..
  Options are: ""Required"" or ""Not Required"". 
  The tools include:
   - ""Spreadsheet software""
   - ""Code execution environment""
   - ""Text editor""
   - ""Image viewer""
   - ""Image generator""
   - ""Presentation software""
   - ""Online search engine""
   - ""Video conferencing""
   - ""Chat interfaces""
   - ""Email client""
   - ""Internet access""
   - ""Specialized software""


4. **Feasibility of a practical exam:**
    Evaluate whether the task can meaningfully be tested in a practical, remote exam.
    - If you think this is possible, answer True,
    - Otherwise answer False

5. **Chain-of-Thought Reasoning:**  
   Optionally, include a brief chain-of-thought explanation (no more than 150 words) for your evaluations in a field called `""chain_of_thought""`.

**Output Requirement:**  
Return a JSON object strictly adhering to the provided structure, without any extra commentary outside of the JSON fields.

**Expected JSON Structure:**
{
  ""task_id"": ""18897"",
  ""occupation"": ""Labor Relations Specialists"",
  ""task_description"": ""Assess the impact of union proposals on company or government operations."",
  ""can_be_performed_remotely"": true/false,
   ""feasibility_practical"": true/false,




  ""materials"": {
    ""Text"": ""Not Required/Required/NA"",
    ""Data"": ""Not Required/Required/NA"",
    ""Images"": ""Not Required/Required/NA"",
    ""Audio files"": ""Not Required/Required/NA"",
    ""Video files"": ""Not Required/Required/NA"",
    ""Virtual labs"": ""Not Required/Required/NA"",
    ""Speicalized files"":""Not Required/Required/NA"",
  },

   ""tools"": {
   ""Spreadsheet software"": ""Not Required/Required/NA"",
   ""Code execution environment"": ""Not Required/Required/NA"",
   ""Image viewer"": ""Not Required/Required/NA"",
   ""Image generator"": ""Not Required/Required/NA"",
   ""Text editor"": ""Not Required/Required/NA"",
   ""Presentation software"": ""Not Required/Required/NA"",
   ""Online search engine"": ""Not Required/Required/NA"",
   ""Video conferencing"": ""Not Required/Required/NA"",
   ""Chat interfaces"": ""Not Required/Required/NA"",
   ""Email client"": ""Not Required/Required/NA"",
   ""Internet access"": ""Not Required/Required/NA"",
   ""Specialized software:""""Not Required/Required/NA"",
  },
  ""chain_of_thought"": ""Brief explanation (no more than 150 words).""
}",18897.0,Labor Relations Specialists,Assess the impact of union proposals on company or government operations.,True,True,"Assessing union proposal impacts can be performed remotely as it involves analysis of documents and data. A practical exam would provide candidates with union proposals, company financial data, operational metrics, and workforce information. Candidates would use spreadsheet software to analyze cost implications and a text editor to prepare impact assessments. The exam can be objectively scored based on accuracy of financial projections, identification of operational impacts, and comprehensiveness of analysis against a rubric with predetermined criteria.",Required,Required,Not Required,Not Required,Not Required,Not Required,Not Required,Required,Not Required,Not Required,Not Required,Required,Not Required,Not Required,Not Required,Not Required,Not Required,Not Required,Not Required,,"['Spreadsheet software', 'Text editor']","['Text', 'Data']",False,13-1075.00,18897,Bachelor's Degree
196.0,"Task ID: 18891

Your assignment is to determine if (1) the task can be performed remotely, (2) it is possible to design a meaningful, **practical** exam for this task and (3) whether such an exam can be evaluated using fact-based scoring. Further, you should identify the required tools and materials that exam takers need to use.

**Definitions:**
- **Remote feasibility**: A task can be performed remotely if it doesn't require a person to be at a specific place or interact with humans face-to-face.

- **Tools:** Software or applications (e.g. coding & development tools, text editor, presentation software, image generator), that are **absolutely** critical for an exam taker to complete any practically relevant and meaningful exam for this task. 

- **Materials:** Digital content (e.g., data files, text, images, audio files) that form part of the test content.

- **Fact based scoring:** Whether the exam can be evaluated using a predefined answer key (objective scoring) or requires subjective assessment, such as evaluating the quality of written responses or creative work.

- **Practical exam:** A practical exam is a an exam actually testing whether the described task can be performed successfully. An exam testing the knowledge about the task is NOT a practical exam.

- **Virtual lab:** A virtual lab is an interactive digital environment that simulates real-world settings, allowing users to perform tasks, collaborate with others, and test scenarios remotely.

- **Images:** Such as product images, photographs, maps, graphs and plots, etc.

- **Specialized software:** Specialized software refers to computer programs designed for specific industry tasks or technical functions, such as Simulink for system modeling, CAD for 3D design or SAP for enterprise resource planning. This category should be used if there is no way to solve the exam using combinations of the other tools and software listed under tools, but some more specialized software is required.

- **Specialized files:** Specialized files refers to files that cannot be parsed into text, data, images, audio or video but are also not part of a virtual lab. This category should be used if there is no way to provide the necessary exam materials using a combination of the other materials listed.

**Instructions:**
1. **Remote Feasibility:**  
   Evaluate whether Recommend collective bargaining strategies, goals, or objectives. can be performed online/remotely or if it requires in-person presence.
   - **If in-person required:** Output `""can_be_performed_remotely"": false` and set all other fields (tools and materials) to `""NA""`.
   - **If remote:** Output `""can_be_performed_remotely"": true` and continue with the evaluation.

2. **Materials Required:**  
   For each material type, determine if it is necessary to provide materials of this type as part of an exam to evaluate Labor Relations Specialists's ability to perform the task (Recommend collective bargaining strategies, goals, or objectives.). 
   Options are: ""Required""or ""Not required"" 
   The materials include:
   - ""Text""
   - ""Data""
   - ""Images""
   - ""Audio files""
   - ""Video files""
   - ""Virtual labs""
   - ""Specialized files""


3. **Tools Required:**  
   For each tool, assess whether it is needed to complete an exam that evaluates whether an individual can do Recommend collective bargaining strategies, goals, or objectives..
  Options are: ""Required"" or ""Not Required"". 
  The tools include:
   - ""Spreadsheet software""
   - ""Code execution environment""
   - ""Text editor""
   - ""Image viewer""
   - ""Image generator""
   - ""Presentation software""
   - ""Online search engine""
   - ""Video conferencing""
   - ""Chat interfaces""
   - ""Email client""
   - ""Internet access""
   - ""Specialized software""


4. **Feasibility of a practical exam:**
    Evaluate whether the task can meaningfully be tested in a practical, remote exam.
    - If you think this is possible, answer True,
    - Otherwise answer False

5. **Chain-of-Thought Reasoning:**  
   Optionally, include a brief chain-of-thought explanation (no more than 150 words) for your evaluations in a field called `""chain_of_thought""`.

**Output Requirement:**  
Return a JSON object strictly adhering to the provided structure, without any extra commentary outside of the JSON fields.

**Expected JSON Structure:**
{
  ""task_id"": ""18891"",
  ""occupation"": ""Labor Relations Specialists"",
  ""task_description"": ""Recommend collective bargaining strategies, goals, or objectives."",
  ""can_be_performed_remotely"": true/false,
   ""feasibility_practical"": true/false,




  ""materials"": {
    ""Text"": ""Not Required/Required/NA"",
    ""Data"": ""Not Required/Required/NA"",
    ""Images"": ""Not Required/Required/NA"",
    ""Audio files"": ""Not Required/Required/NA"",
    ""Video files"": ""Not Required/Required/NA"",
    ""Virtual labs"": ""Not Required/Required/NA"",
    ""Speicalized files"":""Not Required/Required/NA"",
  },

   ""tools"": {
   ""Spreadsheet software"": ""Not Required/Required/NA"",
   ""Code execution environment"": ""Not Required/Required/NA"",
   ""Image viewer"": ""Not Required/Required/NA"",
   ""Image generator"": ""Not Required/Required/NA"",
   ""Text editor"": ""Not Required/Required/NA"",
   ""Presentation software"": ""Not Required/Required/NA"",
   ""Online search engine"": ""Not Required/Required/NA"",
   ""Video conferencing"": ""Not Required/Required/NA"",
   ""Chat interfaces"": ""Not Required/Required/NA"",
   ""Email client"": ""Not Required/Required/NA"",
   ""Internet access"": ""Not Required/Required/NA"",
   ""Specialized software:""""Not Required/Required/NA"",
  },
  ""chain_of_thought"": ""Brief explanation (no more than 150 words).""
}",18891.0,Labor Relations Specialists,"Recommend collective bargaining strategies, goals, or objectives.",True,True,"Labor Relations Specialists can recommend bargaining strategies remotely as this is primarily analytical work. A practical exam can present realistic scenarios with company data, labor market information, and previous agreements, requiring candidates to analyze the information and develop specific bargaining strategies with justifications. This can be evaluated objectively by comparing recommendations against expert-determined criteria for effectiveness, feasibility, and alignment with provided constraints. Basic tools like text editors and spreadsheets are sufficient for analyzing data and drafting recommendations.",Required,Required,Not Required,Not Required,Not Required,Not Required,Not Required,Required,Not Required,Not Required,Not Required,Required,Not Required,Not Required,Not Required,Not Required,Not Required,Not Required,Not Required,,"['Spreadsheet software', 'Text editor']","['Text', 'Data']",False,13-1075.00,18891,Bachelor's Degree
198.0,"Task ID: 18890

Your assignment is to determine if (1) the task can be performed remotely, (2) it is possible to design a meaningful, **practical** exam for this task and (3) whether such an exam can be evaluated using fact-based scoring. Further, you should identify the required tools and materials that exam takers need to use.

**Definitions:**
- **Remote feasibility**: A task can be performed remotely if it doesn't require a person to be at a specific place or interact with humans face-to-face.

- **Tools:** Software or applications (e.g. coding & development tools, text editor, presentation software, image generator), that are **absolutely** critical for an exam taker to complete any practically relevant and meaningful exam for this task. 

- **Materials:** Digital content (e.g., data files, text, images, audio files) that form part of the test content.

- **Fact based scoring:** Whether the exam can be evaluated using a predefined answer key (objective scoring) or requires subjective assessment, such as evaluating the quality of written responses or creative work.

- **Practical exam:** A practical exam is a an exam actually testing whether the described task can be performed successfully. An exam testing the knowledge about the task is NOT a practical exam.

- **Virtual lab:** A virtual lab is an interactive digital environment that simulates real-world settings, allowing users to perform tasks, collaborate with others, and test scenarios remotely.

- **Images:** Such as product images, photographs, maps, graphs and plots, etc.

- **Specialized software:** Specialized software refers to computer programs designed for specific industry tasks or technical functions, such as Simulink for system modeling, CAD for 3D design or SAP for enterprise resource planning. This category should be used if there is no way to solve the exam using combinations of the other tools and software listed under tools, but some more specialized software is required.

- **Specialized files:** Specialized files refers to files that cannot be parsed into text, data, images, audio or video but are also not part of a virtual lab. This category should be used if there is no way to provide the necessary exam materials using a combination of the other materials listed.

**Instructions:**
1. **Remote Feasibility:**  
   Evaluate whether Propose resolutions for collective bargaining or other labor or contract negotiations. can be performed online/remotely or if it requires in-person presence.
   - **If in-person required:** Output `""can_be_performed_remotely"": false` and set all other fields (tools and materials) to `""NA""`.
   - **If remote:** Output `""can_be_performed_remotely"": true` and continue with the evaluation.

2. **Materials Required:**  
   For each material type, determine if it is necessary to provide materials of this type as part of an exam to evaluate Labor Relations Specialists's ability to perform the task (Propose resolutions for collective bargaining or other labor or contract negotiations.). 
   Options are: ""Required""or ""Not required"" 
   The materials include:
   - ""Text""
   - ""Data""
   - ""Images""
   - ""Audio files""
   - ""Video files""
   - ""Virtual labs""
   - ""Specialized files""


3. **Tools Required:**  
   For each tool, assess whether it is needed to complete an exam that evaluates whether an individual can do Propose resolutions for collective bargaining or other labor or contract negotiations..
  Options are: ""Required"" or ""Not Required"". 
  The tools include:
   - ""Spreadsheet software""
   - ""Code execution environment""
   - ""Text editor""
   - ""Image viewer""
   - ""Image generator""
   - ""Presentation software""
   - ""Online search engine""
   - ""Video conferencing""
   - ""Chat interfaces""
   - ""Email client""
   - ""Internet access""
   - ""Specialized software""


4. **Feasibility of a practical exam:**
    Evaluate whether the task can meaningfully be tested in a practical, remote exam.
    - If you think this is possible, answer True,
    - Otherwise answer False

5. **Chain-of-Thought Reasoning:**  
   Optionally, include a brief chain-of-thought explanation (no more than 150 words) for your evaluations in a field called `""chain_of_thought""`.

**Output Requirement:**  
Return a JSON object strictly adhering to the provided structure, without any extra commentary outside of the JSON fields.

**Expected JSON Structure:**
{
  ""task_id"": ""18890"",
  ""occupation"": ""Labor Relations Specialists"",
  ""task_description"": ""Propose resolutions for collective bargaining or other labor or contract negotiations."",
  ""can_be_performed_remotely"": true/false,
   ""feasibility_practical"": true/false,




  ""materials"": {
    ""Text"": ""Not Required/Required/NA"",
    ""Data"": ""Not Required/Required/NA"",
    ""Images"": ""Not Required/Required/NA"",
    ""Audio files"": ""Not Required/Required/NA"",
    ""Video files"": ""Not Required/Required/NA"",
    ""Virtual labs"": ""Not Required/Required/NA"",
    ""Speicalized files"":""Not Required/Required/NA"",
  },

   ""tools"": {
   ""Spreadsheet software"": ""Not Required/Required/NA"",
   ""Code execution environment"": ""Not Required/Required/NA"",
   ""Image viewer"": ""Not Required/Required/NA"",
   ""Image generator"": ""Not Required/Required/NA"",
   ""Text editor"": ""Not Required/Required/NA"",
   ""Presentation software"": ""Not Required/Required/NA"",
   ""Online search engine"": ""Not Required/Required/NA"",
   ""Video conferencing"": ""Not Required/Required/NA"",
   ""Chat interfaces"": ""Not Required/Required/NA"",
   ""Email client"": ""Not Required/Required/NA"",
   ""Internet access"": ""Not Required/Required/NA"",
   ""Specialized software:""""Not Required/Required/NA"",
  },
  ""chain_of_thought"": ""Brief explanation (no more than 150 words).""
}",18890.0,Labor Relations Specialists,Propose resolutions for collective bargaining or other labor or contract negotiations.,True,True,"Proposing resolutions for collective bargaining can be performed remotely as it involves analyzing information and developing proposals. A practical exam can present candidates with realistic labor negotiation scenarios including contract terms, financial constraints, and stakeholder demands (text and data). Candidates would use a text editor to draft resolution proposals and spreadsheet software to analyze financial implications of different proposals. The exam can be objectively scored based on whether proposals address key issues, maintain financial viability, and follow legal requirements.",Required,Required,Not Required,Not Required,Not Required,Not Required,Not Required,Required,Not Required,Not Required,Not Required,Required,Not Required,Not Required,Not Required,Not Required,Not Required,Not Required,Not Required,,"['Spreadsheet software', 'Text editor']","['Text', 'Data']",False,13-1075.00,18890,Bachelor's Degree
201.0,"Task ID: 18896

Your assignment is to determine if (1) the task can be performed remotely, (2) it is possible to design a meaningful, **practical** exam for this task and (3) whether such an exam can be evaluated using fact-based scoring. Further, you should identify the required tools and materials that exam takers need to use.

**Definitions:**
- **Remote feasibility**: A task can be performed remotely if it doesn't require a person to be at a specific place or interact with humans face-to-face.

- **Tools:** Software or applications (e.g. coding & development tools, text editor, presentation software, image generator), that are **absolutely** critical for an exam taker to complete any practically relevant and meaningful exam for this task. 

- **Materials:** Digital content (e.g., data files, text, images, audio files) that form part of the test content.

- **Fact based scoring:** Whether the exam can be evaluated using a predefined answer key (objective scoring) or requires subjective assessment, such as evaluating the quality of written responses or creative work.

- **Practical exam:** A practical exam is a an exam actually testing whether the described task can be performed successfully. An exam testing the knowledge about the task is NOT a practical exam.

- **Virtual lab:** A virtual lab is an interactive digital environment that simulates real-world settings, allowing users to perform tasks, collaborate with others, and test scenarios remotely.

- **Images:** Such as product images, photographs, maps, graphs and plots, etc.

- **Specialized software:** Specialized software refers to computer programs designed for specific industry tasks or technical functions, such as Simulink for system modeling, CAD for 3D design or SAP for enterprise resource planning. This category should be used if there is no way to solve the exam using combinations of the other tools and software listed under tools, but some more specialized software is required.

- **Specialized files:** Specialized files refers to files that cannot be parsed into text, data, images, audio or video but are also not part of a virtual lab. This category should be used if there is no way to provide the necessary exam materials using a combination of the other materials listed.

**Instructions:**
1. **Remote Feasibility:**  
   Evaluate whether Assess risk levels associated with collective bargaining strategies. can be performed online/remotely or if it requires in-person presence.
   - **If in-person required:** Output `""can_be_performed_remotely"": false` and set all other fields (tools and materials) to `""NA""`.
   - **If remote:** Output `""can_be_performed_remotely"": true` and continue with the evaluation.

2. **Materials Required:**  
   For each material type, determine if it is necessary to provide materials of this type as part of an exam to evaluate Labor Relations Specialists's ability to perform the task (Assess risk levels associated with collective bargaining strategies.). 
   Options are: ""Required""or ""Not required"" 
   The materials include:
   - ""Text""
   - ""Data""
   - ""Images""
   - ""Audio files""
   - ""Video files""
   - ""Virtual labs""
   - ""Specialized files""


3. **Tools Required:**  
   For each tool, assess whether it is needed to complete an exam that evaluates whether an individual can do Assess risk levels associated with collective bargaining strategies..
  Options are: ""Required"" or ""Not Required"". 
  The tools include:
   - ""Spreadsheet software""
   - ""Code execution environment""
   - ""Text editor""
   - ""Image viewer""
   - ""Image generator""
   - ""Presentation software""
   - ""Online search engine""
   - ""Video conferencing""
   - ""Chat interfaces""
   - ""Email client""
   - ""Internet access""
   - ""Specialized software""


4. **Feasibility of a practical exam:**
    Evaluate whether the task can meaningfully be tested in a practical, remote exam.
    - If you think this is possible, answer True,
    - Otherwise answer False

5. **Chain-of-Thought Reasoning:**  
   Optionally, include a brief chain-of-thought explanation (no more than 150 words) for your evaluations in a field called `""chain_of_thought""`.

**Output Requirement:**  
Return a JSON object strictly adhering to the provided structure, without any extra commentary outside of the JSON fields.

**Expected JSON Structure:**
{
  ""task_id"": ""18896"",
  ""occupation"": ""Labor Relations Specialists"",
  ""task_description"": ""Assess risk levels associated with collective bargaining strategies."",
  ""can_be_performed_remotely"": true/false,
   ""feasibility_practical"": true/false,




  ""materials"": {
    ""Text"": ""Not Required/Required/NA"",
    ""Data"": ""Not Required/Required/NA"",
    ""Images"": ""Not Required/Required/NA"",
    ""Audio files"": ""Not Required/Required/NA"",
    ""Video files"": ""Not Required/Required/NA"",
    ""Virtual labs"": ""Not Required/Required/NA"",
    ""Speicalized files"":""Not Required/Required/NA"",
  },

   ""tools"": {
   ""Spreadsheet software"": ""Not Required/Required/NA"",
   ""Code execution environment"": ""Not Required/Required/NA"",
   ""Image viewer"": ""Not Required/Required/NA"",
   ""Image generator"": ""Not Required/Required/NA"",
   ""Text editor"": ""Not Required/Required/NA"",
   ""Presentation software"": ""Not Required/Required/NA"",
   ""Online search engine"": ""Not Required/Required/NA"",
   ""Video conferencing"": ""Not Required/Required/NA"",
   ""Chat interfaces"": ""Not Required/Required/NA"",
   ""Email client"": ""Not Required/Required/NA"",
   ""Internet access"": ""Not Required/Required/NA"",
   ""Specialized software:""""Not Required/Required/NA"",
  },
  ""chain_of_thought"": ""Brief explanation (no more than 150 words).""
}",18896.0,Labor Relations Specialists,Assess risk levels associated with collective bargaining strategies.,True,True,"Assessing risk levels for collective bargaining strategies is an analytical task that can be performed remotely. A practical exam could present realistic scenarios with company data, union demands, economic conditions, and historical precedents. Candidates would analyze this information to identify risks, quantify their impact, and recommend mitigation strategies. This requires text materials (case descriptions) and data (financial implications, workforce statistics). Spreadsheet software would be needed to analyze financial impacts and a text editor for documenting assessments. The exam can be objectively scored based on risk identification accuracy, quantification methods, and mitigation strategy appropriateness.",Required,Required,Not Required,Not Required,Not Required,Not Required,Not Required,Required,Not Required,Not Required,Not Required,Required,Not Required,Not Required,Not Required,Not Required,Not Required,Not Required,Not Required,,"['Spreadsheet software', 'Text editor']","['Text', 'Data']",False,13-1075.00,18896,Bachelor's Degree
203.0,"Task ID: 18903

Your assignment is to determine if (1) the task can be performed remotely, (2) it is possible to design a meaningful, **practical** exam for this task and (3) whether such an exam can be evaluated using fact-based scoring. Further, you should identify the required tools and materials that exam takers need to use.

**Definitions:**
- **Remote feasibility**: A task can be performed remotely if it doesn't require a person to be at a specific place or interact with humans face-to-face.

- **Tools:** Software or applications (e.g. coding & development tools, text editor, presentation software, image generator), that are **absolutely** critical for an exam taker to complete any practically relevant and meaningful exam for this task. 

- **Materials:** Digital content (e.g., data files, text, images, audio files) that form part of the test content.

- **Fact based scoring:** Whether the exam can be evaluated using a predefined answer key (objective scoring) or requires subjective assessment, such as evaluating the quality of written responses or creative work.

- **Practical exam:** A practical exam is a an exam actually testing whether the described task can be performed successfully. An exam testing the knowledge about the task is NOT a practical exam.

- **Virtual lab:** A virtual lab is an interactive digital environment that simulates real-world settings, allowing users to perform tasks, collaborate with others, and test scenarios remotely.

- **Images:** Such as product images, photographs, maps, graphs and plots, etc.

- **Specialized software:** Specialized software refers to computer programs designed for specific industry tasks or technical functions, such as Simulink for system modeling, CAD for 3D design or SAP for enterprise resource planning. This category should be used if there is no way to solve the exam using combinations of the other tools and software listed under tools, but some more specialized software is required.

- **Specialized files:** Specialized files refers to files that cannot be parsed into text, data, images, audio or video but are also not part of a virtual lab. This category should be used if there is no way to provide the necessary exam materials using a combination of the other materials listed.

**Instructions:**
1. **Remote Feasibility:**  
   Evaluate whether Select mediators or arbitrators for labor disputes or contract negotiations. can be performed online/remotely or if it requires in-person presence.
   - **If in-person required:** Output `""can_be_performed_remotely"": false` and set all other fields (tools and materials) to `""NA""`.
   - **If remote:** Output `""can_be_performed_remotely"": true` and continue with the evaluation.

2. **Materials Required:**  
   For each material type, determine if it is necessary to provide materials of this type as part of an exam to evaluate Labor Relations Specialists's ability to perform the task (Select mediators or arbitrators for labor disputes or contract negotiations.). 
   Options are: ""Required""or ""Not required"" 
   The materials include:
   - ""Text""
   - ""Data""
   - ""Images""
   - ""Audio files""
   - ""Video files""
   - ""Virtual labs""
   - ""Specialized files""


3. **Tools Required:**  
   For each tool, assess whether it is needed to complete an exam that evaluates whether an individual can do Select mediators or arbitrators for labor disputes or contract negotiations..
  Options are: ""Required"" or ""Not Required"". 
  The tools include:
   - ""Spreadsheet software""
   - ""Code execution environment""
   - ""Text editor""
   - ""Image viewer""
   - ""Image generator""
   - ""Presentation software""
   - ""Online search engine""
   - ""Video conferencing""
   - ""Chat interfaces""
   - ""Email client""
   - ""Internet access""
   - ""Specialized software""


4. **Feasibility of a practical exam:**
    Evaluate whether the task can meaningfully be tested in a practical, remote exam.
    - If you think this is possible, answer True,
    - Otherwise answer False

5. **Chain-of-Thought Reasoning:**  
   Optionally, include a brief chain-of-thought explanation (no more than 150 words) for your evaluations in a field called `""chain_of_thought""`.

**Output Requirement:**  
Return a JSON object strictly adhering to the provided structure, without any extra commentary outside of the JSON fields.

**Expected JSON Structure:**
{
  ""task_id"": ""18903"",
  ""occupation"": ""Labor Relations Specialists"",
  ""task_description"": ""Select mediators or arbitrators for labor disputes or contract negotiations."",
  ""can_be_performed_remotely"": true/false,
   ""feasibility_practical"": true/false,




  ""materials"": {
    ""Text"": ""Not Required/Required/NA"",
    ""Data"": ""Not Required/Required/NA"",
    ""Images"": ""Not Required/Required/NA"",
    ""Audio files"": ""Not Required/Required/NA"",
    ""Video files"": ""Not Required/Required/NA"",
    ""Virtual labs"": ""Not Required/Required/NA"",
    ""Speicalized files"":""Not Required/Required/NA"",
  },

   ""tools"": {
   ""Spreadsheet software"": ""Not Required/Required/NA"",
   ""Code execution environment"": ""Not Required/Required/NA"",
   ""Image viewer"": ""Not Required/Required/NA"",
   ""Image generator"": ""Not Required/Required/NA"",
   ""Text editor"": ""Not Required/Required/NA"",
   ""Presentation software"": ""Not Required/Required/NA"",
   ""Online search engine"": ""Not Required/Required/NA"",
   ""Video conferencing"": ""Not Required/Required/NA"",
   ""Chat interfaces"": ""Not Required/Required/NA"",
   ""Email client"": ""Not Required/Required/NA"",
   ""Internet access"": ""Not Required/Required/NA"",
   ""Specialized software:""""Not Required/Required/NA"",
  },
  ""chain_of_thought"": ""Brief explanation (no more than 150 words).""
}",18903.0,Labor Relations Specialists,Select mediators or arbitrators for labor disputes or contract negotiations.,True,True,"Selecting mediators/arbitrators involves evaluating profiles, credentials, and suitability for specific labor disputes - all of which can be done remotely. A practical exam can present candidates with case scenarios and profiles of potential mediators/arbitrators, requiring them to make and justify selections based on relevant criteria. This can be objectively scored against predefined selection criteria for each scenario.",Required,Required,Not Required,Not Required,Not Required,Not Required,Not Required,Not Required,Not Required,Not Required,Not Required,Required,Not Required,Not Required,Not Required,Not Required,Not Required,Not Required,Not Required,,['Text editor'],"['Text', 'Data']",False,13-1075.00,18903,Bachelor's Degree
208.0,"Task ID: 18881

Your assignment is to determine if (1) the task can be performed remotely, (2) it is possible to design a meaningful, **practical** exam for this task and (3) whether such an exam can be evaluated using fact-based scoring. Further, you should identify the required tools and materials that exam takers need to use.

**Definitions:**
- **Remote feasibility**: A task can be performed remotely if it doesn't require a person to be at a specific place or interact with humans face-to-face.

- **Tools:** Software or applications (e.g. coding & development tools, text editor, presentation software, image generator), that are **absolutely** critical for an exam taker to complete any practically relevant and meaningful exam for this task. 

- **Materials:** Digital content (e.g., data files, text, images, audio files) that form part of the test content.

- **Fact based scoring:** Whether the exam can be evaluated using a predefined answer key (objective scoring) or requires subjective assessment, such as evaluating the quality of written responses or creative work.

- **Practical exam:** A practical exam is a an exam actually testing whether the described task can be performed successfully. An exam testing the knowledge about the task is NOT a practical exam.

- **Virtual lab:** A virtual lab is an interactive digital environment that simulates real-world settings, allowing users to perform tasks, collaborate with others, and test scenarios remotely.

- **Images:** Such as product images, photographs, maps, graphs and plots, etc.

- **Specialized software:** Specialized software refers to computer programs designed for specific industry tasks or technical functions, such as Simulink for system modeling, CAD for 3D design or SAP for enterprise resource planning. This category should be used if there is no way to solve the exam using combinations of the other tools and software listed under tools, but some more specialized software is required.

- **Specialized files:** Specialized files refers to files that cannot be parsed into text, data, images, audio or video but are also not part of a virtual lab. This category should be used if there is no way to provide the necessary exam materials using a combination of the other materials listed.

**Instructions:**
1. **Remote Feasibility:**  
   Evaluate whether Identify alternatives to proposals of unions, employees, companies, or government agencies. can be performed online/remotely or if it requires in-person presence.
   - **If in-person required:** Output `""can_be_performed_remotely"": false` and set all other fields (tools and materials) to `""NA""`.
   - **If remote:** Output `""can_be_performed_remotely"": true` and continue with the evaluation.

2. **Materials Required:**  
   For each material type, determine if it is necessary to provide materials of this type as part of an exam to evaluate Labor Relations Specialists's ability to perform the task (Identify alternatives to proposals of unions, employees, companies, or government agencies.). 
   Options are: ""Required""or ""Not required"" 
   The materials include:
   - ""Text""
   - ""Data""
   - ""Images""
   - ""Audio files""
   - ""Video files""
   - ""Virtual labs""
   - ""Specialized files""


3. **Tools Required:**  
   For each tool, assess whether it is needed to complete an exam that evaluates whether an individual can do Identify alternatives to proposals of unions, employees, companies, or government agencies..
  Options are: ""Required"" or ""Not Required"". 
  The tools include:
   - ""Spreadsheet software""
   - ""Code execution environment""
   - ""Text editor""
   - ""Image viewer""
   - ""Image generator""
   - ""Presentation software""
   - ""Online search engine""
   - ""Video conferencing""
   - ""Chat interfaces""
   - ""Email client""
   - ""Internet access""
   - ""Specialized software""


4. **Feasibility of a practical exam:**
    Evaluate whether the task can meaningfully be tested in a practical, remote exam.
    - If you think this is possible, answer True,
    - Otherwise answer False

5. **Chain-of-Thought Reasoning:**  
   Optionally, include a brief chain-of-thought explanation (no more than 150 words) for your evaluations in a field called `""chain_of_thought""`.

**Output Requirement:**  
Return a JSON object strictly adhering to the provided structure, without any extra commentary outside of the JSON fields.

**Expected JSON Structure:**
{
  ""task_id"": ""18881"",
  ""occupation"": ""Labor Relations Specialists"",
  ""task_description"": ""Identify alternatives to proposals of unions, employees, companies, or government agencies."",
  ""can_be_performed_remotely"": true/false,
   ""feasibility_practical"": true/false,




  ""materials"": {
    ""Text"": ""Not Required/Required/NA"",
    ""Data"": ""Not Required/Required/NA"",
    ""Images"": ""Not Required/Required/NA"",
    ""Audio files"": ""Not Required/Required/NA"",
    ""Video files"": ""Not Required/Required/NA"",
    ""Virtual labs"": ""Not Required/Required/NA"",
    ""Speicalized files"":""Not Required/Required/NA"",
  },

   ""tools"": {
   ""Spreadsheet software"": ""Not Required/Required/NA"",
   ""Code execution environment"": ""Not Required/Required/NA"",
   ""Image viewer"": ""Not Required/Required/NA"",
   ""Image generator"": ""Not Required/Required/NA"",
   ""Text editor"": ""Not Required/Required/NA"",
   ""Presentation software"": ""Not Required/Required/NA"",
   ""Online search engine"": ""Not Required/Required/NA"",
   ""Video conferencing"": ""Not Required/Required/NA"",
   ""Chat interfaces"": ""Not Required/Required/NA"",
   ""Email client"": ""Not Required/Required/NA"",
   ""Internet access"": ""Not Required/Required/NA"",
   ""Specialized software:""""Not Required/Required/NA"",
  },
  ""chain_of_thought"": ""Brief explanation (no more than 150 words).""
}",18881.0,Labor Relations Specialists,"Identify alternatives to proposals of unions, employees, companies, or government agencies.",True,True,"Labor Relations Specialists can identify alternatives to proposals remotely by analyzing case scenarios presented as text and data. A practical exam would present detailed labor proposals and ask candidates to identify viable alternatives, considering legal requirements, precedents, and stakeholder interests. This requires critical thinking and knowledge application rather than specialized tools. A text editor is needed for candidates to draft their alternative proposals. Scoring can be fact-based by evaluating whether alternatives address key issues, comply with regulations, and demonstrate understanding of labor relations principles.",Required,Required,Not Required,Not Required,Not Required,Not Required,Not Required,Not Required,Not Required,Not Required,Not Required,Required,Not Required,Not Required,Not Required,Not Required,Not Required,Not Required,Not Required,,['Text editor'],"['Text', 'Data']",False,13-1075.00,18881,Bachelor's Degree
264.0,"Task ID: 15899

Your assignment is to determine if (1) the task can be performed remotely, (2) it is possible to design a meaningful, **practical** exam for this task and (3) whether such an exam can be evaluated using fact-based scoring. Further, you should identify the required tools and materials that exam takers need to use.

**Definitions:**
- **Remote feasibility**: A task can be performed remotely if it doesn't require a person to be at a specific place or interact with humans face-to-face.

- **Tools:** Software or applications (e.g. coding & development tools, text editor, presentation software, image generator), that are **absolutely** critical for an exam taker to complete any practically relevant and meaningful exam for this task. 

- **Materials:** Digital content (e.g., data files, text, images, audio files) that form part of the test content.

- **Fact based scoring:** Whether the exam can be evaluated using a predefined answer key (objective scoring) or requires subjective assessment, such as evaluating the quality of written responses or creative work.

- **Practical exam:** A practical exam is a an exam actually testing whether the described task can be performed successfully. An exam testing the knowledge about the task is NOT a practical exam.

- **Virtual lab:** A virtual lab is an interactive digital environment that simulates real-world settings, allowing users to perform tasks, collaborate with others, and test scenarios remotely.

- **Images:** Such as product images, photographs, maps, graphs and plots, etc.

- **Specialized software:** Specialized software refers to computer programs designed for specific industry tasks or technical functions, such as Simulink for system modeling, CAD for 3D design or SAP for enterprise resource planning. This category should be used if there is no way to solve the exam using combinations of the other tools and software listed under tools, but some more specialized software is required.

- **Specialized files:** Specialized files refers to files that cannot be parsed into text, data, images, audio or video but are also not part of a virtual lab. This category should be used if there is no way to provide the necessary exam materials using a combination of the other materials listed.

**Instructions:**
1. **Remote Feasibility:**  
   Evaluate whether Maintain logistics records in accordance with corporate policies. can be performed online/remotely or if it requires in-person presence.
   - **If in-person required:** Output `""can_be_performed_remotely"": false` and set all other fields (tools and materials) to `""NA""`.
   - **If remote:** Output `""can_be_performed_remotely"": true` and continue with the evaluation.

2. **Materials Required:**  
   For each material type, determine if it is necessary to provide materials of this type as part of an exam to evaluate Logistics Analysts's ability to perform the task (Maintain logistics records in accordance with corporate policies.). 
   Options are: ""Required""or ""Not required"" 
   The materials include:
   - ""Text""
   - ""Data""
   - ""Images""
   - ""Audio files""
   - ""Video files""
   - ""Virtual labs""
   - ""Specialized files""


3. **Tools Required:**  
   For each tool, assess whether it is needed to complete an exam that evaluates whether an individual can do Maintain logistics records in accordance with corporate policies..
  Options are: ""Required"" or ""Not Required"". 
  The tools include:
   - ""Spreadsheet software""
   - ""Code execution environment""
   - ""Text editor""
   - ""Image viewer""
   - ""Image generator""
   - ""Presentation software""
   - ""Online search engine""
   - ""Video conferencing""
   - ""Chat interfaces""
   - ""Email client""
   - ""Internet access""
   - ""Specialized software""


4. **Feasibility of a practical exam:**
    Evaluate whether the task can meaningfully be tested in a practical, remote exam.
    - If you think this is possible, answer True,
    - Otherwise answer False

5. **Chain-of-Thought Reasoning:**  
   Optionally, include a brief chain-of-thought explanation (no more than 150 words) for your evaluations in a field called `""chain_of_thought""`.

**Output Requirement:**  
Return a JSON object strictly adhering to the provided structure, without any extra commentary outside of the JSON fields.

**Expected JSON Structure:**
{
  ""task_id"": ""15899"",
  ""occupation"": ""Logistics Analysts"",
  ""task_description"": ""Maintain logistics records in accordance with corporate policies."",
  ""can_be_performed_remotely"": true/false,
   ""feasibility_practical"": true/false,




  ""materials"": {
    ""Text"": ""Not Required/Required/NA"",
    ""Data"": ""Not Required/Required/NA"",
    ""Images"": ""Not Required/Required/NA"",
    ""Audio files"": ""Not Required/Required/NA"",
    ""Video files"": ""Not Required/Required/NA"",
    ""Virtual labs"": ""Not Required/Required/NA"",
    ""Speicalized files"":""Not Required/Required/NA"",
  },

   ""tools"": {
   ""Spreadsheet software"": ""Not Required/Required/NA"",
   ""Code execution environment"": ""Not Required/Required/NA"",
   ""Image viewer"": ""Not Required/Required/NA"",
   ""Image generator"": ""Not Required/Required/NA"",
   ""Text editor"": ""Not Required/Required/NA"",
   ""Presentation software"": ""Not Required/Required/NA"",
   ""Online search engine"": ""Not Required/Required/NA"",
   ""Video conferencing"": ""Not Required/Required/NA"",
   ""Chat interfaces"": ""Not Required/Required/NA"",
   ""Email client"": ""Not Required/Required/NA"",
   ""Internet access"": ""Not Required/Required/NA"",
   ""Specialized software:""""Not Required/Required/NA"",
  },
  ""chain_of_thought"": ""Brief explanation (no more than 150 words).""
}",15899.0,Logistics Analysts,Maintain logistics records in accordance with corporate policies.,True,True,"Maintaining logistics records is primarily a data management task that can be performed remotely. A practical exam would involve providing sample logistics data and corporate policy documents, then asking candidates to properly maintain, update, and organize these records according to the policies. This requires spreadsheet software for data manipulation and a text editor for documentation. The exam can be objectively scored by checking if records were maintained correctly according to the provided policies. No specialized software is needed as standard spreadsheet applications would suffice for most logistics record-keeping tasks.",Required,Required,Not Required,Not Required,Not Required,Not Required,Not Required,Required,Not Required,Not Required,Not Required,Required,Not Required,Not Required,Not Required,Not Required,Not Required,Not Required,Not Required,,"['Spreadsheet software', 'Text editor']","['Text', 'Data']",False,13-1081.02,15899,Bachelor's Degree
265.0,"Task ID: 15902

Your assignment is to determine if (1) the task can be performed remotely, (2) it is possible to design a meaningful, **practical** exam for this task and (3) whether such an exam can be evaluated using fact-based scoring. Further, you should identify the required tools and materials that exam takers need to use.

**Definitions:**
- **Remote feasibility**: A task can be performed remotely if it doesn't require a person to be at a specific place or interact with humans face-to-face.

- **Tools:** Software or applications (e.g. coding & development tools, text editor, presentation software, image generator), that are **absolutely** critical for an exam taker to complete any practically relevant and meaningful exam for this task. 

- **Materials:** Digital content (e.g., data files, text, images, audio files) that form part of the test content.

- **Fact based scoring:** Whether the exam can be evaluated using a predefined answer key (objective scoring) or requires subjective assessment, such as evaluating the quality of written responses or creative work.

- **Practical exam:** A practical exam is a an exam actually testing whether the described task can be performed successfully. An exam testing the knowledge about the task is NOT a practical exam.

- **Virtual lab:** A virtual lab is an interactive digital environment that simulates real-world settings, allowing users to perform tasks, collaborate with others, and test scenarios remotely.

- **Images:** Such as product images, photographs, maps, graphs and plots, etc.

- **Specialized software:** Specialized software refers to computer programs designed for specific industry tasks or technical functions, such as Simulink for system modeling, CAD for 3D design or SAP for enterprise resource planning. This category should be used if there is no way to solve the exam using combinations of the other tools and software listed under tools, but some more specialized software is required.

- **Specialized files:** Specialized files refers to files that cannot be parsed into text, data, images, audio or video but are also not part of a virtual lab. This category should be used if there is no way to provide the necessary exam materials using a combination of the other materials listed.

**Instructions:**
1. **Remote Feasibility:**  
   Evaluate whether Compute reporting metrics, such as on-time delivery rates, order fulfillment rates, or inventory turns. can be performed online/remotely or if it requires in-person presence.
   - **If in-person required:** Output `""can_be_performed_remotely"": false` and set all other fields (tools and materials) to `""NA""`.
   - **If remote:** Output `""can_be_performed_remotely"": true` and continue with the evaluation.

2. **Materials Required:**  
   For each material type, determine if it is necessary to provide materials of this type as part of an exam to evaluate Logistics Analysts's ability to perform the task (Compute reporting metrics, such as on-time delivery rates, order fulfillment rates, or inventory turns.). 
   Options are: ""Required""or ""Not required"" 
   The materials include:
   - ""Text""
   - ""Data""
   - ""Images""
   - ""Audio files""
   - ""Video files""
   - ""Virtual labs""
   - ""Specialized files""


3. **Tools Required:**  
   For each tool, assess whether it is needed to complete an exam that evaluates whether an individual can do Compute reporting metrics, such as on-time delivery rates, order fulfillment rates, or inventory turns..
  Options are: ""Required"" or ""Not Required"". 
  The tools include:
   - ""Spreadsheet software""
   - ""Code execution environment""
   - ""Text editor""
   - ""Image viewer""
   - ""Image generator""
   - ""Presentation software""
   - ""Online search engine""
   - ""Video conferencing""
   - ""Chat interfaces""
   - ""Email client""
   - ""Internet access""
   - ""Specialized software""


4. **Feasibility of a practical exam:**
    Evaluate whether the task can meaningfully be tested in a practical, remote exam.
    - If you think this is possible, answer True,
    - Otherwise answer False

5. **Chain-of-Thought Reasoning:**  
   Optionally, include a brief chain-of-thought explanation (no more than 150 words) for your evaluations in a field called `""chain_of_thought""`.

**Output Requirement:**  
Return a JSON object strictly adhering to the provided structure, without any extra commentary outside of the JSON fields.

**Expected JSON Structure:**
{
  ""task_id"": ""15902"",
  ""occupation"": ""Logistics Analysts"",
  ""task_description"": ""Compute reporting metrics, such as on-time delivery rates, order fulfillment rates, or inventory turns."",
  ""can_be_performed_remotely"": true/false,
   ""feasibility_practical"": true/false,




  ""materials"": {
    ""Text"": ""Not Required/Required/NA"",
    ""Data"": ""Not Required/Required/NA"",
    ""Images"": ""Not Required/Required/NA"",
    ""Audio files"": ""Not Required/Required/NA"",
    ""Video files"": ""Not Required/Required/NA"",
    ""Virtual labs"": ""Not Required/Required/NA"",
    ""Speicalized files"":""Not Required/Required/NA"",
  },

   ""tools"": {
   ""Spreadsheet software"": ""Not Required/Required/NA"",
   ""Code execution environment"": ""Not Required/Required/NA"",
   ""Image viewer"": ""Not Required/Required/NA"",
   ""Image generator"": ""Not Required/Required/NA"",
   ""Text editor"": ""Not Required/Required/NA"",
   ""Presentation software"": ""Not Required/Required/NA"",
   ""Online search engine"": ""Not Required/Required/NA"",
   ""Video conferencing"": ""Not Required/Required/NA"",
   ""Chat interfaces"": ""Not Required/Required/NA"",
   ""Email client"": ""Not Required/Required/NA"",
   ""Internet access"": ""Not Required/Required/NA"",
   ""Specialized software:""""Not Required/Required/NA"",
  },
  ""chain_of_thought"": ""Brief explanation (no more than 150 words).""
}",15902.0,Logistics Analysts,"Compute reporting metrics, such as on-time delivery rates, order fulfillment rates, or inventory turns.",True,True,"Computing logistics metrics is a data analysis task that can be performed remotely. A practical exam would provide logistics datasets (order dates, delivery dates, inventory levels) and ask candidates to calculate specific metrics like on-time delivery percentages or inventory turnover rates. Spreadsheet software is essential for these calculations. The exam can be objectively scored by comparing the candidate's calculated metrics against correct answers. Text instructions are needed to explain the task requirements. This is highly feasible as a practical remote exam with fact-based scoring.",Required,Required,Not Required,Not Required,Not Required,Not Required,Not Required,Required,Not Required,Not Required,Not Required,Not Required,Not Required,Not Required,Not Required,Not Required,Not Required,Not Required,Not Required,,['Spreadsheet software'],"['Text', 'Data']",False,13-1081.02,15902,Bachelor's Degree
290.0,"Task ID: 1217

Your assignment is to determine if (1) the task can be performed remotely, (2) it is possible to design a meaningful, **practical** exam for this task and (3) whether such an exam can be evaluated using fact-based scoring. Further, you should identify the required tools and materials that exam takers need to use.

**Definitions:**
- **Remote feasibility**: A task can be performed remotely if it doesn't require a person to be at a specific place or interact with humans face-to-face.

- **Tools:** Software or applications (e.g. coding & development tools, text editor, presentation software, image generator), that are **absolutely** critical for an exam taker to complete any practically relevant and meaningful exam for this task. 

- **Materials:** Digital content (e.g., data files, text, images, audio files) that form part of the test content.

- **Fact based scoring:** Whether the exam can be evaluated using a predefined answer key (objective scoring) or requires subjective assessment, such as evaluating the quality of written responses or creative work.

- **Practical exam:** A practical exam is a an exam actually testing whether the described task can be performed successfully. An exam testing the knowledge about the task is NOT a practical exam.

- **Virtual lab:** A virtual lab is an interactive digital environment that simulates real-world settings, allowing users to perform tasks, collaborate with others, and test scenarios remotely.

- **Images:** Such as product images, photographs, maps, graphs and plots, etc.

- **Specialized software:** Specialized software refers to computer programs designed for specific industry tasks or technical functions, such as Simulink for system modeling, CAD for 3D design or SAP for enterprise resource planning. This category should be used if there is no way to solve the exam using combinations of the other tools and software listed under tools, but some more specialized software is required.

- **Specialized files:** Specialized files refers to files that cannot be parsed into text, data, images, audio or video but are also not part of a virtual lab. This category should be used if there is no way to provide the necessary exam materials using a combination of the other materials listed.

**Instructions:**
1. **Remote Feasibility:**  
   Evaluate whether Maintain records of event aspects, including financial details. can be performed online/remotely or if it requires in-person presence.
   - **If in-person required:** Output `""can_be_performed_remotely"": false` and set all other fields (tools and materials) to `""NA""`.
   - **If remote:** Output `""can_be_performed_remotely"": true` and continue with the evaluation.

2. **Materials Required:**  
   For each material type, determine if it is necessary to provide materials of this type as part of an exam to evaluate Meeting, Convention, and Event Planners's ability to perform the task (Maintain records of event aspects, including financial details.). 
   Options are: ""Required""or ""Not required"" 
   The materials include:
   - ""Text""
   - ""Data""
   - ""Images""
   - ""Audio files""
   - ""Video files""
   - ""Virtual labs""
   - ""Specialized files""


3. **Tools Required:**  
   For each tool, assess whether it is needed to complete an exam that evaluates whether an individual can do Maintain records of event aspects, including financial details..
  Options are: ""Required"" or ""Not Required"". 
  The tools include:
   - ""Spreadsheet software""
   - ""Code execution environment""
   - ""Text editor""
   - ""Image viewer""
   - ""Image generator""
   - ""Presentation software""
   - ""Online search engine""
   - ""Video conferencing""
   - ""Chat interfaces""
   - ""Email client""
   - ""Internet access""
   - ""Specialized software""


4. **Feasibility of a practical exam:**
    Evaluate whether the task can meaningfully be tested in a practical, remote exam.
    - If you think this is possible, answer True,
    - Otherwise answer False

5. **Chain-of-Thought Reasoning:**  
   Optionally, include a brief chain-of-thought explanation (no more than 150 words) for your evaluations in a field called `""chain_of_thought""`.

**Output Requirement:**  
Return a JSON object strictly adhering to the provided structure, without any extra commentary outside of the JSON fields.

**Expected JSON Structure:**
{
  ""task_id"": ""1217"",
  ""occupation"": ""Meeting, Convention, and Event Planners"",
  ""task_description"": ""Maintain records of event aspects, including financial details."",
  ""can_be_performed_remotely"": true/false,
   ""feasibility_practical"": true/false,




  ""materials"": {
    ""Text"": ""Not Required/Required/NA"",
    ""Data"": ""Not Required/Required/NA"",
    ""Images"": ""Not Required/Required/NA"",
    ""Audio files"": ""Not Required/Required/NA"",
    ""Video files"": ""Not Required/Required/NA"",
    ""Virtual labs"": ""Not Required/Required/NA"",
    ""Speicalized files"":""Not Required/Required/NA"",
  },

   ""tools"": {
   ""Spreadsheet software"": ""Not Required/Required/NA"",
   ""Code execution environment"": ""Not Required/Required/NA"",
   ""Image viewer"": ""Not Required/Required/NA"",
   ""Image generator"": ""Not Required/Required/NA"",
   ""Text editor"": ""Not Required/Required/NA"",
   ""Presentation software"": ""Not Required/Required/NA"",
   ""Online search engine"": ""Not Required/Required/NA"",
   ""Video conferencing"": ""Not Required/Required/NA"",
   ""Chat interfaces"": ""Not Required/Required/NA"",
   ""Email client"": ""Not Required/Required/NA"",
   ""Internet access"": ""Not Required/Required/NA"",
   ""Specialized software:""""Not Required/Required/NA"",
  },
  ""chain_of_thought"": ""Brief explanation (no more than 150 words).""
}",1217.0,"Meeting, Convention, and Event Planners","Maintain records of event aspects, including financial details.",True,True,"Maintaining event records, including financial details, is primarily a documentation task that can be performed remotely. A practical exam would involve providing candidates with sample event data and asking them to organize, categorize, and maintain accurate records. This requires spreadsheet software for financial tracking and calculations, and a text editor for narrative documentation. The exam would need text instructions and sample data (budgets, vendor information, attendee lists, etc.). Success can be objectively measured by checking if records are complete, accurate, properly categorized, and follow standard accounting/record-keeping practices.",Required,Required,Not Required,Not Required,Not Required,Not Required,Not Required,Required,Not Required,Not Required,Not Required,Required,Not Required,Not Required,Not Required,Not Required,Not Required,Not Required,Not Required,,"['Spreadsheet software', 'Text editor']","['Text', 'Data']",False,13-1121.00,1217,Bachelor's Degree
295.0,"Task ID: 18910

Your assignment is to determine if (1) the task can be performed remotely, (2) it is possible to design a meaningful, **practical** exam for this task and (3) whether such an exam can be evaluated using fact-based scoring. Further, you should identify the required tools and materials that exam takers need to use.

**Definitions:**
- **Remote feasibility**: A task can be performed remotely if it doesn't require a person to be at a specific place or interact with humans face-to-face.

- **Tools:** Software or applications (e.g. coding & development tools, text editor, presentation software, image generator), that are **absolutely** critical for an exam taker to complete any practically relevant and meaningful exam for this task. 

- **Materials:** Digital content (e.g., data files, text, images, audio files) that form part of the test content.

- **Fact based scoring:** Whether the exam can be evaluated using a predefined answer key (objective scoring) or requires subjective assessment, such as evaluating the quality of written responses or creative work.

- **Practical exam:** A practical exam is a an exam actually testing whether the described task can be performed successfully. An exam testing the knowledge about the task is NOT a practical exam.

- **Virtual lab:** A virtual lab is an interactive digital environment that simulates real-world settings, allowing users to perform tasks, collaborate with others, and test scenarios remotely.

- **Images:** Such as product images, photographs, maps, graphs and plots, etc.

- **Specialized software:** Specialized software refers to computer programs designed for specific industry tasks or technical functions, such as Simulink for system modeling, CAD for 3D design or SAP for enterprise resource planning. This category should be used if there is no way to solve the exam using combinations of the other tools and software listed under tools, but some more specialized software is required.

- **Specialized files:** Specialized files refers to files that cannot be parsed into text, data, images, audio or video but are also not part of a virtual lab. This category should be used if there is no way to provide the necessary exam materials using a combination of the other materials listed.

**Instructions:**
1. **Remote Feasibility:**  
   Evaluate whether Develop fundraising activity plans that maximize participation or contributions and minimize costs. can be performed online/remotely or if it requires in-person presence.
   - **If in-person required:** Output `""can_be_performed_remotely"": false` and set all other fields (tools and materials) to `""NA""`.
   - **If remote:** Output `""can_be_performed_remotely"": true` and continue with the evaluation.

2. **Materials Required:**  
   For each material type, determine if it is necessary to provide materials of this type as part of an exam to evaluate Fundraisers's ability to perform the task (Develop fundraising activity plans that maximize participation or contributions and minimize costs.). 
   Options are: ""Required""or ""Not required"" 
   The materials include:
   - ""Text""
   - ""Data""
   - ""Images""
   - ""Audio files""
   - ""Video files""
   - ""Virtual labs""
   - ""Specialized files""


3. **Tools Required:**  
   For each tool, assess whether it is needed to complete an exam that evaluates whether an individual can do Develop fundraising activity plans that maximize participation or contributions and minimize costs..
  Options are: ""Required"" or ""Not Required"". 
  The tools include:
   - ""Spreadsheet software""
   - ""Code execution environment""
   - ""Text editor""
   - ""Image viewer""
   - ""Image generator""
   - ""Presentation software""
   - ""Online search engine""
   - ""Video conferencing""
   - ""Chat interfaces""
   - ""Email client""
   - ""Internet access""
   - ""Specialized software""


4. **Feasibility of a practical exam:**
    Evaluate whether the task can meaningfully be tested in a practical, remote exam.
    - If you think this is possible, answer True,
    - Otherwise answer False

5. **Chain-of-Thought Reasoning:**  
   Optionally, include a brief chain-of-thought explanation (no more than 150 words) for your evaluations in a field called `""chain_of_thought""`.

**Output Requirement:**  
Return a JSON object strictly adhering to the provided structure, without any extra commentary outside of the JSON fields.

**Expected JSON Structure:**
{
  ""task_id"": ""18910"",
  ""occupation"": ""Fundraisers"",
  ""task_description"": ""Develop fundraising activity plans that maximize participation or contributions and minimize costs."",
  ""can_be_performed_remotely"": true/false,
   ""feasibility_practical"": true/false,




  ""materials"": {
    ""Text"": ""Not Required/Required/NA"",
    ""Data"": ""Not Required/Required/NA"",
    ""Images"": ""Not Required/Required/NA"",
    ""Audio files"": ""Not Required/Required/NA"",
    ""Video files"": ""Not Required/Required/NA"",
    ""Virtual labs"": ""Not Required/Required/NA"",
    ""Speicalized files"":""Not Required/Required/NA"",
  },

   ""tools"": {
   ""Spreadsheet software"": ""Not Required/Required/NA"",
   ""Code execution environment"": ""Not Required/Required/NA"",
   ""Image viewer"": ""Not Required/Required/NA"",
   ""Image generator"": ""Not Required/Required/NA"",
   ""Text editor"": ""Not Required/Required/NA"",
   ""Presentation software"": ""Not Required/Required/NA"",
   ""Online search engine"": ""Not Required/Required/NA"",
   ""Video conferencing"": ""Not Required/Required/NA"",
   ""Chat interfaces"": ""Not Required/Required/NA"",
   ""Email client"": ""Not Required/Required/NA"",
   ""Internet access"": ""Not Required/Required/NA"",
   ""Specialized software:""""Not Required/Required/NA"",
  },
  ""chain_of_thought"": ""Brief explanation (no more than 150 words).""
}",18910.0,Fundraisers,Develop fundraising activity plans that maximize participation or contributions and minimize costs.,True,True,"Developing fundraising plans can be done remotely as it involves strategic planning rather than physical presence. A practical exam could provide candidates with a scenario (text) and historical fundraising data (data) requiring them to develop a comprehensive plan that maximizes contributions while minimizing costs. Candidates would need spreadsheet software to analyze data, calculate ROI, and create budgets, plus a text editor to document their strategic plan. The exam can be objectively scored based on specific criteria like ROI calculations, cost-efficiency measures, and strategic alignment with goals.",Required,Required,Not Required,Not Required,Not Required,Not Required,Not Required,Required,Not Required,Not Required,Not Required,Required,Not Required,Not Required,Not Required,Not Required,Not Required,Not Required,Not Required,,"['Spreadsheet software', 'Text editor']","['Text', 'Data']",False,13-1131.00,18910,Bachelor's Degree
304.0,"Task ID: 18915

Your assignment is to determine if (1) the task can be performed remotely, (2) it is possible to design a meaningful, **practical** exam for this task and (3) whether such an exam can be evaluated using fact-based scoring. Further, you should identify the required tools and materials that exam takers need to use.

**Definitions:**
- **Remote feasibility**: A task can be performed remotely if it doesn't require a person to be at a specific place or interact with humans face-to-face.

- **Tools:** Software or applications (e.g. coding & development tools, text editor, presentation software, image generator), that are **absolutely** critical for an exam taker to complete any practically relevant and meaningful exam for this task. 

- **Materials:** Digital content (e.g., data files, text, images, audio files) that form part of the test content.

- **Fact based scoring:** Whether the exam can be evaluated using a predefined answer key (objective scoring) or requires subjective assessment, such as evaluating the quality of written responses or creative work.

- **Practical exam:** A practical exam is a an exam actually testing whether the described task can be performed successfully. An exam testing the knowledge about the task is NOT a practical exam.

- **Virtual lab:** A virtual lab is an interactive digital environment that simulates real-world settings, allowing users to perform tasks, collaborate with others, and test scenarios remotely.

- **Images:** Such as product images, photographs, maps, graphs and plots, etc.

- **Specialized software:** Specialized software refers to computer programs designed for specific industry tasks or technical functions, such as Simulink for system modeling, CAD for 3D design or SAP for enterprise resource planning. This category should be used if there is no way to solve the exam using combinations of the other tools and software listed under tools, but some more specialized software is required.

- **Specialized files:** Specialized files refers to files that cannot be parsed into text, data, images, audio or video but are also not part of a virtual lab. This category should be used if there is no way to provide the necessary exam materials using a combination of the other materials listed.

**Instructions:**
1. **Remote Feasibility:**  
   Evaluate whether Establish fundraising or participation goals for special events or specified time periods. can be performed online/remotely or if it requires in-person presence.
   - **If in-person required:** Output `""can_be_performed_remotely"": false` and set all other fields (tools and materials) to `""NA""`.
   - **If remote:** Output `""can_be_performed_remotely"": true` and continue with the evaluation.

2. **Materials Required:**  
   For each material type, determine if it is necessary to provide materials of this type as part of an exam to evaluate Fundraisers's ability to perform the task (Establish fundraising or participation goals for special events or specified time periods.). 
   Options are: ""Required""or ""Not required"" 
   The materials include:
   - ""Text""
   - ""Data""
   - ""Images""
   - ""Audio files""
   - ""Video files""
   - ""Virtual labs""
   - ""Specialized files""


3. **Tools Required:**  
   For each tool, assess whether it is needed to complete an exam that evaluates whether an individual can do Establish fundraising or participation goals for special events or specified time periods..
  Options are: ""Required"" or ""Not Required"". 
  The tools include:
   - ""Spreadsheet software""
   - ""Code execution environment""
   - ""Text editor""
   - ""Image viewer""
   - ""Image generator""
   - ""Presentation software""
   - ""Online search engine""
   - ""Video conferencing""
   - ""Chat interfaces""
   - ""Email client""
   - ""Internet access""
   - ""Specialized software""


4. **Feasibility of a practical exam:**
    Evaluate whether the task can meaningfully be tested in a practical, remote exam.
    - If you think this is possible, answer True,
    - Otherwise answer False

5. **Chain-of-Thought Reasoning:**  
   Optionally, include a brief chain-of-thought explanation (no more than 150 words) for your evaluations in a field called `""chain_of_thought""`.

**Output Requirement:**  
Return a JSON object strictly adhering to the provided structure, without any extra commentary outside of the JSON fields.

**Expected JSON Structure:**
{
  ""task_id"": ""18915"",
  ""occupation"": ""Fundraisers"",
  ""task_description"": ""Establish fundraising or participation goals for special events or specified time periods."",
  ""can_be_performed_remotely"": true/false,
   ""feasibility_practical"": true/false,




  ""materials"": {
    ""Text"": ""Not Required/Required/NA"",
    ""Data"": ""Not Required/Required/NA"",
    ""Images"": ""Not Required/Required/NA"",
    ""Audio files"": ""Not Required/Required/NA"",
    ""Video files"": ""Not Required/Required/NA"",
    ""Virtual labs"": ""Not Required/Required/NA"",
    ""Speicalized files"":""Not Required/Required/NA"",
  },

   ""tools"": {
   ""Spreadsheet software"": ""Not Required/Required/NA"",
   ""Code execution environment"": ""Not Required/Required/NA"",
   ""Image viewer"": ""Not Required/Required/NA"",
   ""Image generator"": ""Not Required/Required/NA"",
   ""Text editor"": ""Not Required/Required/NA"",
   ""Presentation software"": ""Not Required/Required/NA"",
   ""Online search engine"": ""Not Required/Required/NA"",
   ""Video conferencing"": ""Not Required/Required/NA"",
   ""Chat interfaces"": ""Not Required/Required/NA"",
   ""Email client"": ""Not Required/Required/NA"",
   ""Internet access"": ""Not Required/Required/NA"",
   ""Specialized software:""""Not Required/Required/NA"",
  },
  ""chain_of_thought"": ""Brief explanation (no more than 150 words).""
}",18915.0,Fundraisers,Establish fundraising or participation goals for special events or specified time periods.,True,True,"Establishing fundraising goals can be performed remotely as it involves analysis, planning, and goal-setting rather than physical presence. A practical exam could provide candidates with historical fundraising data, event descriptions, and organizational context, then ask them to establish realistic goals with justifications. This requires spreadsheet software for data analysis and goal calculations, plus a text editor for explaining rationale. The exam can be objectively scored by evaluating if goals are realistic, properly justified, and follow best practices in fundraising goal-setting.",Required,Required,Not Required,Not Required,Not Required,Not Required,Not Required,Required,Not Required,Not Required,Not Required,Required,Not Required,Not Required,Not Required,Not Required,Not Required,Not Required,Not Required,,"['Spreadsheet software', 'Text editor']","['Text', 'Data']",False,13-1131.00,18915,Bachelor's Degree
310.0,"Task ID: 18924

Your assignment is to determine if (1) the task can be performed remotely, (2) it is possible to design a meaningful, **practical** exam for this task and (3) whether such an exam can be evaluated using fact-based scoring. Further, you should identify the required tools and materials that exam takers need to use.

**Definitions:**
- **Remote feasibility**: A task can be performed remotely if it doesn't require a person to be at a specific place or interact with humans face-to-face.

- **Tools:** Software or applications (e.g. coding & development tools, text editor, presentation software, image generator), that are **absolutely** critical for an exam taker to complete any practically relevant and meaningful exam for this task. 

- **Materials:** Digital content (e.g., data files, text, images, audio files) that form part of the test content.

- **Fact based scoring:** Whether the exam can be evaluated using a predefined answer key (objective scoring) or requires subjective assessment, such as evaluating the quality of written responses or creative work.

- **Practical exam:** A practical exam is a an exam actually testing whether the described task can be performed successfully. An exam testing the knowledge about the task is NOT a practical exam.

- **Virtual lab:** A virtual lab is an interactive digital environment that simulates real-world settings, allowing users to perform tasks, collaborate with others, and test scenarios remotely.

- **Images:** Such as product images, photographs, maps, graphs and plots, etc.

- **Specialized software:** Specialized software refers to computer programs designed for specific industry tasks or technical functions, such as Simulink for system modeling, CAD for 3D design or SAP for enterprise resource planning. This category should be used if there is no way to solve the exam using combinations of the other tools and software listed under tools, but some more specialized software is required.

- **Specialized files:** Specialized files refers to files that cannot be parsed into text, data, images, audio or video but are also not part of a virtual lab. This category should be used if there is no way to provide the necessary exam materials using a combination of the other materials listed.

**Instructions:**
1. **Remote Feasibility:**  
   Evaluate whether Write speeches, press releases, or other promotional materials to increase awareness of the causes, missions, or goals of organizations seeking funds. can be performed online/remotely or if it requires in-person presence.
   - **If in-person required:** Output `""can_be_performed_remotely"": false` and set all other fields (tools and materials) to `""NA""`.
   - **If remote:** Output `""can_be_performed_remotely"": true` and continue with the evaluation.

2. **Materials Required:**  
   For each material type, determine if it is necessary to provide materials of this type as part of an exam to evaluate Fundraisers's ability to perform the task (Write speeches, press releases, or other promotional materials to increase awareness of the causes, missions, or goals of organizations seeking funds.). 
   Options are: ""Required""or ""Not required"" 
   The materials include:
   - ""Text""
   - ""Data""
   - ""Images""
   - ""Audio files""
   - ""Video files""
   - ""Virtual labs""
   - ""Specialized files""


3. **Tools Required:**  
   For each tool, assess whether it is needed to complete an exam that evaluates whether an individual can do Write speeches, press releases, or other promotional materials to increase awareness of the causes, missions, or goals of organizations seeking funds..
  Options are: ""Required"" or ""Not Required"". 
  The tools include:
   - ""Spreadsheet software""
   - ""Code execution environment""
   - ""Text editor""
   - ""Image viewer""
   - ""Image generator""
   - ""Presentation software""
   - ""Online search engine""
   - ""Video conferencing""
   - ""Chat interfaces""
   - ""Email client""
   - ""Internet access""
   - ""Specialized software""


4. **Feasibility of a practical exam:**
    Evaluate whether the task can meaningfully be tested in a practical, remote exam.
    - If you think this is possible, answer True,
    - Otherwise answer False

5. **Chain-of-Thought Reasoning:**  
   Optionally, include a brief chain-of-thought explanation (no more than 150 words) for your evaluations in a field called `""chain_of_thought""`.

**Output Requirement:**  
Return a JSON object strictly adhering to the provided structure, without any extra commentary outside of the JSON fields.

**Expected JSON Structure:**
{
  ""task_id"": ""18924"",
  ""occupation"": ""Fundraisers"",
  ""task_description"": ""Write speeches, press releases, or other promotional materials to increase awareness of the causes, missions, or goals of organizations seeking funds."",
  ""can_be_performed_remotely"": true/false,
   ""feasibility_practical"": true/false,




  ""materials"": {
    ""Text"": ""Not Required/Required/NA"",
    ""Data"": ""Not Required/Required/NA"",
    ""Images"": ""Not Required/Required/NA"",
    ""Audio files"": ""Not Required/Required/NA"",
    ""Video files"": ""Not Required/Required/NA"",
    ""Virtual labs"": ""Not Required/Required/NA"",
    ""Speicalized files"":""Not Required/Required/NA"",
  },

   ""tools"": {
   ""Spreadsheet software"": ""Not Required/Required/NA"",
   ""Code execution environment"": ""Not Required/Required/NA"",
   ""Image viewer"": ""Not Required/Required/NA"",
   ""Image generator"": ""Not Required/Required/NA"",
   ""Text editor"": ""Not Required/Required/NA"",
   ""Presentation software"": ""Not Required/Required/NA"",
   ""Online search engine"": ""Not Required/Required/NA"",
   ""Video conferencing"": ""Not Required/Required/NA"",
   ""Chat interfaces"": ""Not Required/Required/NA"",
   ""Email client"": ""Not Required/Required/NA"",
   ""Internet access"": ""Not Required/Required/NA"",
   ""Specialized software:""""Not Required/Required/NA"",
  },
  ""chain_of_thought"": ""Brief explanation (no more than 150 words).""
}",18924.0,Fundraisers,"Write speeches, press releases, or other promotional materials to increase awareness of the causes, missions, or goals of organizations seeking funds.",True,True,"Writing promotional materials for fundraising can be performed remotely as it primarily involves composition and editing. A practical exam would provide candidates with background information about an organization (text) and relevant statistics/facts (data) about the cause, then ask them to create specific promotional materials like a press release or speech. Evaluation can be fact-based using rubrics that assess inclusion of key information, persuasive techniques, clarity, and adherence to format conventions. The only essential tool is a text editor for composition. This task doesn't require specialized software, in-person interaction, or complex multimedia elements.",Required,Required,Not Required,Not Required,Not Required,Not Required,Not Required,Not Required,Not Required,Not Required,Not Required,Required,Not Required,Not Required,Not Required,Not Required,Not Required,Not Required,Not Required,,['Text editor'],"['Text', 'Data']",False,13-1131.00,18924,Bachelor's Degree
316.0,"Task ID: 3351

Your assignment is to determine if (1) the task can be performed remotely, (2) it is possible to design a meaningful, **practical** exam for this task and (3) whether such an exam can be evaluated using fact-based scoring. Further, you should identify the required tools and materials that exam takers need to use.

**Definitions:**
- **Remote feasibility**: A task can be performed remotely if it doesn't require a person to be at a specific place or interact with humans face-to-face.

- **Tools:** Software or applications (e.g. coding & development tools, text editor, presentation software, image generator), that are **absolutely** critical for an exam taker to complete any practically relevant and meaningful exam for this task. 

- **Materials:** Digital content (e.g., data files, text, images, audio files) that form part of the test content.

- **Fact based scoring:** Whether the exam can be evaluated using a predefined answer key (objective scoring) or requires subjective assessment, such as evaluating the quality of written responses or creative work.

- **Practical exam:** A practical exam is a an exam actually testing whether the described task can be performed successfully. An exam testing the knowledge about the task is NOT a practical exam.

- **Virtual lab:** A virtual lab is an interactive digital environment that simulates real-world settings, allowing users to perform tasks, collaborate with others, and test scenarios remotely.

- **Images:** Such as product images, photographs, maps, graphs and plots, etc.

- **Specialized software:** Specialized software refers to computer programs designed for specific industry tasks or technical functions, such as Simulink for system modeling, CAD for 3D design or SAP for enterprise resource planning. This category should be used if there is no way to solve the exam using combinations of the other tools and software listed under tools, but some more specialized software is required.

- **Specialized files:** Specialized files refers to files that cannot be parsed into text, data, images, audio or video but are also not part of a virtual lab. This category should be used if there is no way to provide the necessary exam materials using a combination of the other materials listed.

**Instructions:**
1. **Remote Feasibility:**  
   Evaluate whether Evaluate job positions, determining classification, exempt or non-exempt status, and salary. can be performed online/remotely or if it requires in-person presence.
   - **If in-person required:** Output `""can_be_performed_remotely"": false` and set all other fields (tools and materials) to `""NA""`.
   - **If remote:** Output `""can_be_performed_remotely"": true` and continue with the evaluation.

2. **Materials Required:**  
   For each material type, determine if it is necessary to provide materials of this type as part of an exam to evaluate Compensation, Benefits, and Job Analysis Specialists's ability to perform the task (Evaluate job positions, determining classification, exempt or non-exempt status, and salary.). 
   Options are: ""Required""or ""Not required"" 
   The materials include:
   - ""Text""
   - ""Data""
   - ""Images""
   - ""Audio files""
   - ""Video files""
   - ""Virtual labs""
   - ""Specialized files""


3. **Tools Required:**  
   For each tool, assess whether it is needed to complete an exam that evaluates whether an individual can do Evaluate job positions, determining classification, exempt or non-exempt status, and salary..
  Options are: ""Required"" or ""Not Required"". 
  The tools include:
   - ""Spreadsheet software""
   - ""Code execution environment""
   - ""Text editor""
   - ""Image viewer""
   - ""Image generator""
   - ""Presentation software""
   - ""Online search engine""
   - ""Video conferencing""
   - ""Chat interfaces""
   - ""Email client""
   - ""Internet access""
   - ""Specialized software""


4. **Feasibility of a practical exam:**
    Evaluate whether the task can meaningfully be tested in a practical, remote exam.
    - If you think this is possible, answer True,
    - Otherwise answer False

5. **Chain-of-Thought Reasoning:**  
   Optionally, include a brief chain-of-thought explanation (no more than 150 words) for your evaluations in a field called `""chain_of_thought""`.

**Output Requirement:**  
Return a JSON object strictly adhering to the provided structure, without any extra commentary outside of the JSON fields.

**Expected JSON Structure:**
{
  ""task_id"": ""3351"",
  ""occupation"": ""Compensation, Benefits, and Job Analysis Specialists"",
  ""task_description"": ""Evaluate job positions, determining classification, exempt or non-exempt status, and salary."",
  ""can_be_performed_remotely"": true/false,
   ""feasibility_practical"": true/false,




  ""materials"": {
    ""Text"": ""Not Required/Required/NA"",
    ""Data"": ""Not Required/Required/NA"",
    ""Images"": ""Not Required/Required/NA"",
    ""Audio files"": ""Not Required/Required/NA"",
    ""Video files"": ""Not Required/Required/NA"",
    ""Virtual labs"": ""Not Required/Required/NA"",
    ""Speicalized files"":""Not Required/Required/NA"",
  },

   ""tools"": {
   ""Spreadsheet software"": ""Not Required/Required/NA"",
   ""Code execution environment"": ""Not Required/Required/NA"",
   ""Image viewer"": ""Not Required/Required/NA"",
   ""Image generator"": ""Not Required/Required/NA"",
   ""Text editor"": ""Not Required/Required/NA"",
   ""Presentation software"": ""Not Required/Required/NA"",
   ""Online search engine"": ""Not Required/Required/NA"",
   ""Video conferencing"": ""Not Required/Required/NA"",
   ""Chat interfaces"": ""Not Required/Required/NA"",
   ""Email client"": ""Not Required/Required/NA"",
   ""Internet access"": ""Not Required/Required/NA"",
   ""Specialized software:""""Not Required/Required/NA"",
  },
  ""chain_of_thought"": ""Brief explanation (no more than 150 words).""
}",3351.0,"Compensation, Benefits, and Job Analysis Specialists","Evaluate job positions, determining classification, exempt or non-exempt status, and salary.",True,True,"Job evaluation can be performed remotely as it involves analyzing job descriptions, market data, and applying classification criteria. A practical exam would provide candidates with job descriptions, company policies, and compensation data, requiring them to determine proper classifications (exempt/non-exempt) and recommend appropriate salary ranges. This can be evaluated objectively by comparing against standard criteria like FLSA guidelines and market benchmarks. Spreadsheet software is essential for analyzing compensation data, while a text editor is needed for documenting justifications and recommendations.",Required,Required,Not Required,Not Required,Not Required,Not Required,Not Required,Required,Not Required,Not Required,Not Required,Required,Not Required,Not Required,Not Required,Not Required,Not Required,Not Required,Not Required,,"['Spreadsheet software', 'Text editor']","['Text', 'Data']",False,13-1141.00,3351,Bachelor's Degree
318.0,"Task ID: 3356

Your assignment is to determine if (1) the task can be performed remotely, (2) it is possible to design a meaningful, **practical** exam for this task and (3) whether such an exam can be evaluated using fact-based scoring. Further, you should identify the required tools and materials that exam takers need to use.

**Definitions:**
- **Remote feasibility**: A task can be performed remotely if it doesn't require a person to be at a specific place or interact with humans face-to-face.

- **Tools:** Software or applications (e.g. coding & development tools, text editor, presentation software, image generator), that are **absolutely** critical for an exam taker to complete any practically relevant and meaningful exam for this task. 

- **Materials:** Digital content (e.g., data files, text, images, audio files) that form part of the test content.

- **Fact based scoring:** Whether the exam can be evaluated using a predefined answer key (objective scoring) or requires subjective assessment, such as evaluating the quality of written responses or creative work.

- **Practical exam:** A practical exam is a an exam actually testing whether the described task can be performed successfully. An exam testing the knowledge about the task is NOT a practical exam.

- **Virtual lab:** A virtual lab is an interactive digital environment that simulates real-world settings, allowing users to perform tasks, collaborate with others, and test scenarios remotely.

- **Images:** Such as product images, photographs, maps, graphs and plots, etc.

- **Specialized software:** Specialized software refers to computer programs designed for specific industry tasks or technical functions, such as Simulink for system modeling, CAD for 3D design or SAP for enterprise resource planning. This category should be used if there is no way to solve the exam using combinations of the other tools and software listed under tools, but some more specialized software is required.

- **Specialized files:** Specialized files refers to files that cannot be parsed into text, data, images, audio or video but are also not part of a virtual lab. This category should be used if there is no way to provide the necessary exam materials using a combination of the other materials listed.

**Instructions:**
1. **Remote Feasibility:**  
   Evaluate whether Prepare occupational classifications, job descriptions and salary scales. can be performed online/remotely or if it requires in-person presence.
   - **If in-person required:** Output `""can_be_performed_remotely"": false` and set all other fields (tools and materials) to `""NA""`.
   - **If remote:** Output `""can_be_performed_remotely"": true` and continue with the evaluation.

2. **Materials Required:**  
   For each material type, determine if it is necessary to provide materials of this type as part of an exam to evaluate Compensation, Benefits, and Job Analysis Specialists's ability to perform the task (Prepare occupational classifications, job descriptions and salary scales.). 
   Options are: ""Required""or ""Not required"" 
   The materials include:
   - ""Text""
   - ""Data""
   - ""Images""
   - ""Audio files""
   - ""Video files""
   - ""Virtual labs""
   - ""Specialized files""


3. **Tools Required:**  
   For each tool, assess whether it is needed to complete an exam that evaluates whether an individual can do Prepare occupational classifications, job descriptions and salary scales..
  Options are: ""Required"" or ""Not Required"". 
  The tools include:
   - ""Spreadsheet software""
   - ""Code execution environment""
   - ""Text editor""
   - ""Image viewer""
   - ""Image generator""
   - ""Presentation software""
   - ""Online search engine""
   - ""Video conferencing""
   - ""Chat interfaces""
   - ""Email client""
   - ""Internet access""
   - ""Specialized software""


4. **Feasibility of a practical exam:**
    Evaluate whether the task can meaningfully be tested in a practical, remote exam.
    - If you think this is possible, answer True,
    - Otherwise answer False

5. **Chain-of-Thought Reasoning:**  
   Optionally, include a brief chain-of-thought explanation (no more than 150 words) for your evaluations in a field called `""chain_of_thought""`.

**Output Requirement:**  
Return a JSON object strictly adhering to the provided structure, without any extra commentary outside of the JSON fields.

**Expected JSON Structure:**
{
  ""task_id"": ""3356"",
  ""occupation"": ""Compensation, Benefits, and Job Analysis Specialists"",
  ""task_description"": ""Prepare occupational classifications, job descriptions and salary scales."",
  ""can_be_performed_remotely"": true/false,
   ""feasibility_practical"": true/false,




  ""materials"": {
    ""Text"": ""Not Required/Required/NA"",
    ""Data"": ""Not Required/Required/NA"",
    ""Images"": ""Not Required/Required/NA"",
    ""Audio files"": ""Not Required/Required/NA"",
    ""Video files"": ""Not Required/Required/NA"",
    ""Virtual labs"": ""Not Required/Required/NA"",
    ""Speicalized files"":""Not Required/Required/NA"",
  },

   ""tools"": {
   ""Spreadsheet software"": ""Not Required/Required/NA"",
   ""Code execution environment"": ""Not Required/Required/NA"",
   ""Image viewer"": ""Not Required/Required/NA"",
   ""Image generator"": ""Not Required/Required/NA"",
   ""Text editor"": ""Not Required/Required/NA"",
   ""Presentation software"": ""Not Required/Required/NA"",
   ""Online search engine"": ""Not Required/Required/NA"",
   ""Video conferencing"": ""Not Required/Required/NA"",
   ""Chat interfaces"": ""Not Required/Required/NA"",
   ""Email client"": ""Not Required/Required/NA"",
   ""Internet access"": ""Not Required/Required/NA"",
   ""Specialized software:""""Not Required/Required/NA"",
  },
  ""chain_of_thought"": ""Brief explanation (no more than 150 words).""
}",3356.0,"Compensation, Benefits, and Job Analysis Specialists","Prepare occupational classifications, job descriptions and salary scales.",True,True,"Preparing occupational classifications, job descriptions, and salary scales can be performed remotely as it involves analyzing information and creating documentation. A practical exam would require text materials (job information, company policies) and data (market salary information, organizational structures). Essential tools include spreadsheet software for creating salary scales and analyzing compensation data, and a text editor for drafting job descriptions. The exam can be objectively scored by evaluating if the candidate correctly classifies positions, creates comprehensive job descriptions with required elements, and develops appropriate salary scales based on provided data.",Required,Required,Not Required,Not Required,Not Required,Not Required,Not Required,Required,Not Required,Not Required,Not Required,Required,Not Required,Not Required,Not Required,Not Required,Not Required,Not Required,Not Required,,"['Spreadsheet software', 'Text editor']","['Text', 'Data']",False,13-1141.00,3356,Bachelor's Degree
319.0,"Task ID: 3355

Your assignment is to determine if (1) the task can be performed remotely, (2) it is possible to design a meaningful, **practical** exam for this task and (3) whether such an exam can be evaluated using fact-based scoring. Further, you should identify the required tools and materials that exam takers need to use.

**Definitions:**
- **Remote feasibility**: A task can be performed remotely if it doesn't require a person to be at a specific place or interact with humans face-to-face.

- **Tools:** Software or applications (e.g. coding & development tools, text editor, presentation software, image generator), that are **absolutely** critical for an exam taker to complete any practically relevant and meaningful exam for this task. 

- **Materials:** Digital content (e.g., data files, text, images, audio files) that form part of the test content.

- **Fact based scoring:** Whether the exam can be evaluated using a predefined answer key (objective scoring) or requires subjective assessment, such as evaluating the quality of written responses or creative work.

- **Practical exam:** A practical exam is a an exam actually testing whether the described task can be performed successfully. An exam testing the knowledge about the task is NOT a practical exam.

- **Virtual lab:** A virtual lab is an interactive digital environment that simulates real-world settings, allowing users to perform tasks, collaborate with others, and test scenarios remotely.

- **Images:** Such as product images, photographs, maps, graphs and plots, etc.

- **Specialized software:** Specialized software refers to computer programs designed for specific industry tasks or technical functions, such as Simulink for system modeling, CAD for 3D design or SAP for enterprise resource planning. This category should be used if there is no way to solve the exam using combinations of the other tools and software listed under tools, but some more specialized software is required.

- **Specialized files:** Specialized files refers to files that cannot be parsed into text, data, images, audio or video but are also not part of a virtual lab. This category should be used if there is no way to provide the necessary exam materials using a combination of the other materials listed.

**Instructions:**
1. **Remote Feasibility:**  
   Evaluate whether Provide advice on the resolution of classification and salary complaints. can be performed online/remotely or if it requires in-person presence.
   - **If in-person required:** Output `""can_be_performed_remotely"": false` and set all other fields (tools and materials) to `""NA""`.
   - **If remote:** Output `""can_be_performed_remotely"": true` and continue with the evaluation.

2. **Materials Required:**  
   For each material type, determine if it is necessary to provide materials of this type as part of an exam to evaluate Compensation, Benefits, and Job Analysis Specialists's ability to perform the task (Provide advice on the resolution of classification and salary complaints.). 
   Options are: ""Required""or ""Not required"" 
   The materials include:
   - ""Text""
   - ""Data""
   - ""Images""
   - ""Audio files""
   - ""Video files""
   - ""Virtual labs""
   - ""Specialized files""


3. **Tools Required:**  
   For each tool, assess whether it is needed to complete an exam that evaluates whether an individual can do Provide advice on the resolution of classification and salary complaints..
  Options are: ""Required"" or ""Not Required"". 
  The tools include:
   - ""Spreadsheet software""
   - ""Code execution environment""
   - ""Text editor""
   - ""Image viewer""
   - ""Image generator""
   - ""Presentation software""
   - ""Online search engine""
   - ""Video conferencing""
   - ""Chat interfaces""
   - ""Email client""
   - ""Internet access""
   - ""Specialized software""


4. **Feasibility of a practical exam:**
    Evaluate whether the task can meaningfully be tested in a practical, remote exam.
    - If you think this is possible, answer True,
    - Otherwise answer False

5. **Chain-of-Thought Reasoning:**  
   Optionally, include a brief chain-of-thought explanation (no more than 150 words) for your evaluations in a field called `""chain_of_thought""`.

**Output Requirement:**  
Return a JSON object strictly adhering to the provided structure, without any extra commentary outside of the JSON fields.

**Expected JSON Structure:**
{
  ""task_id"": ""3355"",
  ""occupation"": ""Compensation, Benefits, and Job Analysis Specialists"",
  ""task_description"": ""Provide advice on the resolution of classification and salary complaints."",
  ""can_be_performed_remotely"": true/false,
   ""feasibility_practical"": true/false,




  ""materials"": {
    ""Text"": ""Not Required/Required/NA"",
    ""Data"": ""Not Required/Required/NA"",
    ""Images"": ""Not Required/Required/NA"",
    ""Audio files"": ""Not Required/Required/NA"",
    ""Video files"": ""Not Required/Required/NA"",
    ""Virtual labs"": ""Not Required/Required/NA"",
    ""Speicalized files"":""Not Required/Required/NA"",
  },

   ""tools"": {
   ""Spreadsheet software"": ""Not Required/Required/NA"",
   ""Code execution environment"": ""Not Required/Required/NA"",
   ""Image viewer"": ""Not Required/Required/NA"",
   ""Image generator"": ""Not Required/Required/NA"",
   ""Text editor"": ""Not Required/Required/NA"",
   ""Presentation software"": ""Not Required/Required/NA"",
   ""Online search engine"": ""Not Required/Required/NA"",
   ""Video conferencing"": ""Not Required/Required/NA"",
   ""Chat interfaces"": ""Not Required/Required/NA"",
   ""Email client"": ""Not Required/Required/NA"",
   ""Internet access"": ""Not Required/Required/NA"",
   ""Specialized software:""""Not Required/Required/NA"",
  },
  ""chain_of_thought"": ""Brief explanation (no more than 150 words).""
}",3355.0,"Compensation, Benefits, and Job Analysis Specialists",Provide advice on the resolution of classification and salary complaints.,True,True,"Providing advice on classification and salary complaints can be performed remotely as it involves analyzing information, applying compensation policies, and formulating recommendations. A practical exam can present case studies of employee complaints with relevant job descriptions, salary data, and company policies. Examinees would need text documents (policies, job descriptions) and data (salary structures, market comparisons) to analyze. Spreadsheet software would be necessary to perform compensation analyses, while a text editor would be needed to draft recommendations. The exam can be objectively scored based on the accuracy of policy interpretation, data analysis, and appropriateness of recommended solutions.",Required,Required,Not Required,Not Required,Not Required,Not Required,Not Required,Required,Not Required,Not Required,Not Required,Required,Not Required,Not Required,Not Required,Not Required,Not Required,Not Required,Not Required,,"['Spreadsheet software', 'Text editor']","['Text', 'Data']",False,13-1141.00,3355,Bachelor's Degree
323.0,"Task ID: 3366

Your assignment is to determine if (1) the task can be performed remotely, (2) it is possible to design a meaningful, **practical** exam for this task and (3) whether such an exam can be evaluated using fact-based scoring. Further, you should identify the required tools and materials that exam takers need to use.

**Definitions:**
- **Remote feasibility**: A task can be performed remotely if it doesn't require a person to be at a specific place or interact with humans face-to-face.

- **Tools:** Software or applications (e.g. coding & development tools, text editor, presentation software, image generator), that are **absolutely** critical for an exam taker to complete any practically relevant and meaningful exam for this task. 

- **Materials:** Digital content (e.g., data files, text, images, audio files) that form part of the test content.

- **Fact based scoring:** Whether the exam can be evaluated using a predefined answer key (objective scoring) or requires subjective assessment, such as evaluating the quality of written responses or creative work.

- **Practical exam:** A practical exam is a an exam actually testing whether the described task can be performed successfully. An exam testing the knowledge about the task is NOT a practical exam.

- **Virtual lab:** A virtual lab is an interactive digital environment that simulates real-world settings, allowing users to perform tasks, collaborate with others, and test scenarios remotely.

- **Images:** Such as product images, photographs, maps, graphs and plots, etc.

- **Specialized software:** Specialized software refers to computer programs designed for specific industry tasks or technical functions, such as Simulink for system modeling, CAD for 3D design or SAP for enterprise resource planning. This category should be used if there is no way to solve the exam using combinations of the other tools and software listed under tools, but some more specialized software is required.

- **Specialized files:** Specialized files refers to files that cannot be parsed into text, data, images, audio or video but are also not part of a virtual lab. This category should be used if there is no way to provide the necessary exam materials using a combination of the other materials listed.

**Instructions:**
1. **Remote Feasibility:**  
   Evaluate whether Assess need for and develop job analysis instruments and materials. can be performed online/remotely or if it requires in-person presence.
   - **If in-person required:** Output `""can_be_performed_remotely"": false` and set all other fields (tools and materials) to `""NA""`.
   - **If remote:** Output `""can_be_performed_remotely"": true` and continue with the evaluation.

2. **Materials Required:**  
   For each material type, determine if it is necessary to provide materials of this type as part of an exam to evaluate Compensation, Benefits, and Job Analysis Specialists's ability to perform the task (Assess need for and develop job analysis instruments and materials.). 
   Options are: ""Required""or ""Not required"" 
   The materials include:
   - ""Text""
   - ""Data""
   - ""Images""
   - ""Audio files""
   - ""Video files""
   - ""Virtual labs""
   - ""Specialized files""


3. **Tools Required:**  
   For each tool, assess whether it is needed to complete an exam that evaluates whether an individual can do Assess need for and develop job analysis instruments and materials..
  Options are: ""Required"" or ""Not Required"". 
  The tools include:
   - ""Spreadsheet software""
   - ""Code execution environment""
   - ""Text editor""
   - ""Image viewer""
   - ""Image generator""
   - ""Presentation software""
   - ""Online search engine""
   - ""Video conferencing""
   - ""Chat interfaces""
   - ""Email client""
   - ""Internet access""
   - ""Specialized software""


4. **Feasibility of a practical exam:**
    Evaluate whether the task can meaningfully be tested in a practical, remote exam.
    - If you think this is possible, answer True,
    - Otherwise answer False

5. **Chain-of-Thought Reasoning:**  
   Optionally, include a brief chain-of-thought explanation (no more than 150 words) for your evaluations in a field called `""chain_of_thought""`.

**Output Requirement:**  
Return a JSON object strictly adhering to the provided structure, without any extra commentary outside of the JSON fields.

**Expected JSON Structure:**
{
  ""task_id"": ""3366"",
  ""occupation"": ""Compensation, Benefits, and Job Analysis Specialists"",
  ""task_description"": ""Assess need for and develop job analysis instruments and materials."",
  ""can_be_performed_remotely"": true/false,
   ""feasibility_practical"": true/false,




  ""materials"": {
    ""Text"": ""Not Required/Required/NA"",
    ""Data"": ""Not Required/Required/NA"",
    ""Images"": ""Not Required/Required/NA"",
    ""Audio files"": ""Not Required/Required/NA"",
    ""Video files"": ""Not Required/Required/NA"",
    ""Virtual labs"": ""Not Required/Required/NA"",
    ""Speicalized files"":""Not Required/Required/NA"",
  },

   ""tools"": {
   ""Spreadsheet software"": ""Not Required/Required/NA"",
   ""Code execution environment"": ""Not Required/Required/NA"",
   ""Image viewer"": ""Not Required/Required/NA"",
   ""Image generator"": ""Not Required/Required/NA"",
   ""Text editor"": ""Not Required/Required/NA"",
   ""Presentation software"": ""Not Required/Required/NA"",
   ""Online search engine"": ""Not Required/Required/NA"",
   ""Video conferencing"": ""Not Required/Required/NA"",
   ""Chat interfaces"": ""Not Required/Required/NA"",
   ""Email client"": ""Not Required/Required/NA"",
   ""Internet access"": ""Not Required/Required/NA"",
   ""Specialized software:""""Not Required/Required/NA"",
  },
  ""chain_of_thought"": ""Brief explanation (no more than 150 words).""
}",3366.0,"Compensation, Benefits, and Job Analysis Specialists",Assess need for and develop job analysis instruments and materials.,True,True,"Developing job analysis instruments (such as questionnaires, surveys, and assessment tools) can be performed remotely as it involves document creation and data analysis. A practical exam could present a scenario requiring candidates to assess organizational needs and develop appropriate job analysis tools. This would require text materials (case descriptions, organizational information) and data (job descriptions, organizational charts). Essential tools include text editors for creating instruments and spreadsheet software for data organization and analysis. The exam can be objectively scored based on the appropriateness of the instruments developed and methodology used.",Required,Required,Not Required,Not Required,Not Required,Not Required,Not Required,Required,Not Required,Not Required,Not Required,Required,Not Required,Not Required,Not Required,Not Required,Not Required,Not Required,Not Required,,"['Spreadsheet software', 'Text editor']","['Text', 'Data']",False,13-1141.00,3366,Bachelor's Degree
325.0,"Task ID: 3357

Your assignment is to determine if (1) the task can be performed remotely, (2) it is possible to design a meaningful, **practical** exam for this task and (3) whether such an exam can be evaluated using fact-based scoring. Further, you should identify the required tools and materials that exam takers need to use.

**Definitions:**
- **Remote feasibility**: A task can be performed remotely if it doesn't require a person to be at a specific place or interact with humans face-to-face.

- **Tools:** Software or applications (e.g. coding & development tools, text editor, presentation software, image generator), that are **absolutely** critical for an exam taker to complete any practically relevant and meaningful exam for this task. 

- **Materials:** Digital content (e.g., data files, text, images, audio files) that form part of the test content.

- **Fact based scoring:** Whether the exam can be evaluated using a predefined answer key (objective scoring) or requires subjective assessment, such as evaluating the quality of written responses or creative work.

- **Practical exam:** A practical exam is a an exam actually testing whether the described task can be performed successfully. An exam testing the knowledge about the task is NOT a practical exam.

- **Virtual lab:** A virtual lab is an interactive digital environment that simulates real-world settings, allowing users to perform tasks, collaborate with others, and test scenarios remotely.

- **Images:** Such as product images, photographs, maps, graphs and plots, etc.

- **Specialized software:** Specialized software refers to computer programs designed for specific industry tasks or technical functions, such as Simulink for system modeling, CAD for 3D design or SAP for enterprise resource planning. This category should be used if there is no way to solve the exam using combinations of the other tools and software listed under tools, but some more specialized software is required.

- **Specialized files:** Specialized files refers to files that cannot be parsed into text, data, images, audio or video but are also not part of a virtual lab. This category should be used if there is no way to provide the necessary exam materials using a combination of the other materials listed.

**Instructions:**
1. **Remote Feasibility:**  
   Evaluate whether Assist in preparing and maintaining personnel records and handbooks. can be performed online/remotely or if it requires in-person presence.
   - **If in-person required:** Output `""can_be_performed_remotely"": false` and set all other fields (tools and materials) to `""NA""`.
   - **If remote:** Output `""can_be_performed_remotely"": true` and continue with the evaluation.

2. **Materials Required:**  
   For each material type, determine if it is necessary to provide materials of this type as part of an exam to evaluate Compensation, Benefits, and Job Analysis Specialists's ability to perform the task (Assist in preparing and maintaining personnel records and handbooks.). 
   Options are: ""Required""or ""Not required"" 
   The materials include:
   - ""Text""
   - ""Data""
   - ""Images""
   - ""Audio files""
   - ""Video files""
   - ""Virtual labs""
   - ""Specialized files""


3. **Tools Required:**  
   For each tool, assess whether it is needed to complete an exam that evaluates whether an individual can do Assist in preparing and maintaining personnel records and handbooks..
  Options are: ""Required"" or ""Not Required"". 
  The tools include:
   - ""Spreadsheet software""
   - ""Code execution environment""
   - ""Text editor""
   - ""Image viewer""
   - ""Image generator""
   - ""Presentation software""
   - ""Online search engine""
   - ""Video conferencing""
   - ""Chat interfaces""
   - ""Email client""
   - ""Internet access""
   - ""Specialized software""


4. **Feasibility of a practical exam:**
    Evaluate whether the task can meaningfully be tested in a practical, remote exam.
    - If you think this is possible, answer True,
    - Otherwise answer False

5. **Chain-of-Thought Reasoning:**  
   Optionally, include a brief chain-of-thought explanation (no more than 150 words) for your evaluations in a field called `""chain_of_thought""`.

**Output Requirement:**  
Return a JSON object strictly adhering to the provided structure, without any extra commentary outside of the JSON fields.

**Expected JSON Structure:**
{
  ""task_id"": ""3357"",
  ""occupation"": ""Compensation, Benefits, and Job Analysis Specialists"",
  ""task_description"": ""Assist in preparing and maintaining personnel records and handbooks."",
  ""can_be_performed_remotely"": true/false,
   ""feasibility_practical"": true/false,




  ""materials"": {
    ""Text"": ""Not Required/Required/NA"",
    ""Data"": ""Not Required/Required/NA"",
    ""Images"": ""Not Required/Required/NA"",
    ""Audio files"": ""Not Required/Required/NA"",
    ""Video files"": ""Not Required/Required/NA"",
    ""Virtual labs"": ""Not Required/Required/NA"",
    ""Speicalized files"":""Not Required/Required/NA"",
  },

   ""tools"": {
   ""Spreadsheet software"": ""Not Required/Required/NA"",
   ""Code execution environment"": ""Not Required/Required/NA"",
   ""Image viewer"": ""Not Required/Required/NA"",
   ""Image generator"": ""Not Required/Required/NA"",
   ""Text editor"": ""Not Required/Required/NA"",
   ""Presentation software"": ""Not Required/Required/NA"",
   ""Online search engine"": ""Not Required/Required/NA"",
   ""Video conferencing"": ""Not Required/Required/NA"",
   ""Chat interfaces"": ""Not Required/Required/NA"",
   ""Email client"": ""Not Required/Required/NA"",
   ""Internet access"": ""Not Required/Required/NA"",
   ""Specialized software:""""Not Required/Required/NA"",
  },
  ""chain_of_thought"": ""Brief explanation (no more than 150 words).""
}",3357.0,"Compensation, Benefits, and Job Analysis Specialists",Assist in preparing and maintaining personnel records and handbooks.,True,True,"Preparing and maintaining personnel records and handbooks can be performed remotely as it involves digital documentation. A practical exam could provide sample employee data and handbook templates, requiring candidates to update records, correct inconsistencies, and modify handbook sections according to policy changes. This would require text editing tools for handbook modifications and spreadsheet software for managing personnel data. The exam can be objectively scored by checking if specific updates were correctly made, proper formatting was maintained, and if compliance requirements were met.",Required,Required,Not Required,Not Required,Not Required,Not Required,Not Required,Required,Not Required,Not Required,Not Required,Required,Not Required,Not Required,Not Required,Not Required,Not Required,Not Required,Not Required,,"['Spreadsheet software', 'Text editor']","['Text', 'Data']",False,13-1141.00,3357,Bachelor's Degree
339.0,"Task ID: 20476

Your assignment is to determine if (1) the task can be performed remotely, (2) it is possible to design a meaningful, **practical** exam for this task and (3) whether such an exam can be evaluated using fact-based scoring. Further, you should identify the required tools and materials that exam takers need to use.

**Definitions:**
- **Remote feasibility**: A task can be performed remotely if it doesn't require a person to be at a specific place or interact with humans face-to-face.

- **Tools:** Software or applications (e.g. coding & development tools, text editor, presentation software, image generator), that are **absolutely** critical for an exam taker to complete any practically relevant and meaningful exam for this task. 

- **Materials:** Digital content (e.g., data files, text, images, audio files) that form part of the test content.

- **Fact based scoring:** Whether the exam can be evaluated using a predefined answer key (objective scoring) or requires subjective assessment, such as evaluating the quality of written responses or creative work.

- **Practical exam:** A practical exam is a an exam actually testing whether the described task can be performed successfully. An exam testing the knowledge about the task is NOT a practical exam.

- **Virtual lab:** A virtual lab is an interactive digital environment that simulates real-world settings, allowing users to perform tasks, collaborate with others, and test scenarios remotely.

- **Images:** Such as product images, photographs, maps, graphs and plots, etc.

- **Specialized software:** Specialized software refers to computer programs designed for specific industry tasks or technical functions, such as Simulink for system modeling, CAD for 3D design or SAP for enterprise resource planning. This category should be used if there is no way to solve the exam using combinations of the other tools and software listed under tools, but some more specialized software is required.

- **Specialized files:** Specialized files refers to files that cannot be parsed into text, data, images, audio or video but are also not part of a virtual lab. This category should be used if there is no way to provide the necessary exam materials using a combination of the other materials listed.

**Instructions:**
1. **Remote Feasibility:**  
   Evaluate whether Monitor training costs and prepare budget reports to justify expenditures. can be performed online/remotely or if it requires in-person presence.
   - **If in-person required:** Output `""can_be_performed_remotely"": false` and set all other fields (tools and materials) to `""NA""`.
   - **If remote:** Output `""can_be_performed_remotely"": true` and continue with the evaluation.

2. **Materials Required:**  
   For each material type, determine if it is necessary to provide materials of this type as part of an exam to evaluate Training and Development Specialists's ability to perform the task (Monitor training costs and prepare budget reports to justify expenditures.). 
   Options are: ""Required""or ""Not required"" 
   The materials include:
   - ""Text""
   - ""Data""
   - ""Images""
   - ""Audio files""
   - ""Video files""
   - ""Virtual labs""
   - ""Specialized files""


3. **Tools Required:**  
   For each tool, assess whether it is needed to complete an exam that evaluates whether an individual can do Monitor training costs and prepare budget reports to justify expenditures..
  Options are: ""Required"" or ""Not Required"". 
  The tools include:
   - ""Spreadsheet software""
   - ""Code execution environment""
   - ""Text editor""
   - ""Image viewer""
   - ""Image generator""
   - ""Presentation software""
   - ""Online search engine""
   - ""Video conferencing""
   - ""Chat interfaces""
   - ""Email client""
   - ""Internet access""
   - ""Specialized software""


4. **Feasibility of a practical exam:**
    Evaluate whether the task can meaningfully be tested in a practical, remote exam.
    - If you think this is possible, answer True,
    - Otherwise answer False

5. **Chain-of-Thought Reasoning:**  
   Optionally, include a brief chain-of-thought explanation (no more than 150 words) for your evaluations in a field called `""chain_of_thought""`.

**Output Requirement:**  
Return a JSON object strictly adhering to the provided structure, without any extra commentary outside of the JSON fields.

**Expected JSON Structure:**
{
  ""task_id"": ""20476"",
  ""occupation"": ""Training and Development Specialists"",
  ""task_description"": ""Monitor training costs and prepare budget reports to justify expenditures."",
  ""can_be_performed_remotely"": true/false,
   ""feasibility_practical"": true/false,




  ""materials"": {
    ""Text"": ""Not Required/Required/NA"",
    ""Data"": ""Not Required/Required/NA"",
    ""Images"": ""Not Required/Required/NA"",
    ""Audio files"": ""Not Required/Required/NA"",
    ""Video files"": ""Not Required/Required/NA"",
    ""Virtual labs"": ""Not Required/Required/NA"",
    ""Speicalized files"":""Not Required/Required/NA"",
  },

   ""tools"": {
   ""Spreadsheet software"": ""Not Required/Required/NA"",
   ""Code execution environment"": ""Not Required/Required/NA"",
   ""Image viewer"": ""Not Required/Required/NA"",
   ""Image generator"": ""Not Required/Required/NA"",
   ""Text editor"": ""Not Required/Required/NA"",
   ""Presentation software"": ""Not Required/Required/NA"",
   ""Online search engine"": ""Not Required/Required/NA"",
   ""Video conferencing"": ""Not Required/Required/NA"",
   ""Chat interfaces"": ""Not Required/Required/NA"",
   ""Email client"": ""Not Required/Required/NA"",
   ""Internet access"": ""Not Required/Required/NA"",
   ""Specialized software:""""Not Required/Required/NA"",
  },
  ""chain_of_thought"": ""Brief explanation (no more than 150 words).""
}",20476.0,Training and Development Specialists,Monitor training costs and prepare budget reports to justify expenditures.,True,True,"Monitoring training costs and preparing budget reports is primarily a financial analysis task that can be performed remotely. A practical exam would provide candidates with training cost data and require them to analyze expenses, create budget reports, and justify expenditures. This requires spreadsheet software for calculations and financial analysis, plus a text editor for creating justification reports. The exam would need text instructions and financial data sets. Scoring can be fact-based by evaluating accuracy of calculations, completeness of reports, and soundness of justifications against predetermined criteria.",Required,Required,Not Required,Not Required,Not Required,Not Required,Not Required,Required,Not Required,Not Required,Not Required,Required,Not Required,Not Required,Not Required,Not Required,Not Required,Not Required,Not Required,,"['Spreadsheet software', 'Text editor']","['Text', 'Data']",False,13-1151.00,20476,Bachelor's Degree
341.0,"Task ID: 95

Your assignment is to determine if (1) the task can be performed remotely, (2) it is possible to design a meaningful, **practical** exam for this task and (3) whether such an exam can be evaluated using fact-based scoring. Further, you should identify the required tools and materials that exam takers need to use.

**Definitions:**
- **Remote feasibility**: A task can be performed remotely if it doesn't require a person to be at a specific place or interact with humans face-to-face.

- **Tools:** Software or applications (e.g. coding & development tools, text editor, presentation software, image generator), that are **absolutely** critical for an exam taker to complete any practically relevant and meaningful exam for this task. 

- **Materials:** Digital content (e.g., data files, text, images, audio files) that form part of the test content.

- **Fact based scoring:** Whether the exam can be evaluated using a predefined answer key (objective scoring) or requires subjective assessment, such as evaluating the quality of written responses or creative work.

- **Practical exam:** A practical exam is a an exam actually testing whether the described task can be performed successfully. An exam testing the knowledge about the task is NOT a practical exam.

- **Virtual lab:** A virtual lab is an interactive digital environment that simulates real-world settings, allowing users to perform tasks, collaborate with others, and test scenarios remotely.

- **Images:** Such as product images, photographs, maps, graphs and plots, etc.

- **Specialized software:** Specialized software refers to computer programs designed for specific industry tasks or technical functions, such as Simulink for system modeling, CAD for 3D design or SAP for enterprise resource planning. This category should be used if there is no way to solve the exam using combinations of the other tools and software listed under tools, but some more specialized software is required.

- **Specialized files:** Specialized files refers to files that cannot be parsed into text, data, images, audio or video but are also not part of a virtual lab. This category should be used if there is no way to provide the necessary exam materials using a combination of the other materials listed.

**Instructions:**
1. **Remote Feasibility:**  
   Evaluate whether Schedule classes based on availability of classrooms, equipment, or instructors. can be performed online/remotely or if it requires in-person presence.
   - **If in-person required:** Output `""can_be_performed_remotely"": false` and set all other fields (tools and materials) to `""NA""`.
   - **If remote:** Output `""can_be_performed_remotely"": true` and continue with the evaluation.

2. **Materials Required:**  
   For each material type, determine if it is necessary to provide materials of this type as part of an exam to evaluate Training and Development Specialists's ability to perform the task (Schedule classes based on availability of classrooms, equipment, or instructors.). 
   Options are: ""Required""or ""Not required"" 
   The materials include:
   - ""Text""
   - ""Data""
   - ""Images""
   - ""Audio files""
   - ""Video files""
   - ""Virtual labs""
   - ""Specialized files""


3. **Tools Required:**  
   For each tool, assess whether it is needed to complete an exam that evaluates whether an individual can do Schedule classes based on availability of classrooms, equipment, or instructors..
  Options are: ""Required"" or ""Not Required"". 
  The tools include:
   - ""Spreadsheet software""
   - ""Code execution environment""
   - ""Text editor""
   - ""Image viewer""
   - ""Image generator""
   - ""Presentation software""
   - ""Online search engine""
   - ""Video conferencing""
   - ""Chat interfaces""
   - ""Email client""
   - ""Internet access""
   - ""Specialized software""


4. **Feasibility of a practical exam:**
    Evaluate whether the task can meaningfully be tested in a practical, remote exam.
    - If you think this is possible, answer True,
    - Otherwise answer False

5. **Chain-of-Thought Reasoning:**  
   Optionally, include a brief chain-of-thought explanation (no more than 150 words) for your evaluations in a field called `""chain_of_thought""`.

**Output Requirement:**  
Return a JSON object strictly adhering to the provided structure, without any extra commentary outside of the JSON fields.

**Expected JSON Structure:**
{
  ""task_id"": ""95"",
  ""occupation"": ""Training and Development Specialists"",
  ""task_description"": ""Schedule classes based on availability of classrooms, equipment, or instructors."",
  ""can_be_performed_remotely"": true/false,
   ""feasibility_practical"": true/false,




  ""materials"": {
    ""Text"": ""Not Required/Required/NA"",
    ""Data"": ""Not Required/Required/NA"",
    ""Images"": ""Not Required/Required/NA"",
    ""Audio files"": ""Not Required/Required/NA"",
    ""Video files"": ""Not Required/Required/NA"",
    ""Virtual labs"": ""Not Required/Required/NA"",
    ""Speicalized files"":""Not Required/Required/NA"",
  },

   ""tools"": {
   ""Spreadsheet software"": ""Not Required/Required/NA"",
   ""Code execution environment"": ""Not Required/Required/NA"",
   ""Image viewer"": ""Not Required/Required/NA"",
   ""Image generator"": ""Not Required/Required/NA"",
   ""Text editor"": ""Not Required/Required/NA"",
   ""Presentation software"": ""Not Required/Required/NA"",
   ""Online search engine"": ""Not Required/Required/NA"",
   ""Video conferencing"": ""Not Required/Required/NA"",
   ""Chat interfaces"": ""Not Required/Required/NA"",
   ""Email client"": ""Not Required/Required/NA"",
   ""Internet access"": ""Not Required/Required/NA"",
   ""Specialized software:""""Not Required/Required/NA"",
  },
  ""chain_of_thought"": ""Brief explanation (no more than 150 words).""
}",95.0,Training and Development Specialists,"Schedule classes based on availability of classrooms, equipment, or instructors.",True,True,"Scheduling classes is primarily a coordination task that can be performed remotely using digital tools. A practical exam could provide candidates with data about classroom availability, instructor schedules, and equipment needs, then ask them to create an optimal class schedule. This requires spreadsheet software to organize and visualize schedules, and a text editor to document decisions. The exam can be objectively scored by evaluating whether the schedule meets all constraints (no double-booking, proper equipment allocation, etc.). No specialized software is needed as standard spreadsheet applications provide sufficient functionality for this scheduling task.",Required,Required,Not Required,Not Required,Not Required,Not Required,Not Required,Required,Not Required,Not Required,Not Required,Required,Not Required,Not Required,Not Required,Not Required,Not Required,Not Required,Not Required,,"['Spreadsheet software', 'Text editor']","['Text', 'Data']",False,13-1151.00,95,Bachelor's Degree
425.0,"Task ID: 15949

Your assignment is to determine if (1) the task can be performed remotely, (2) it is possible to design a meaningful, **practical** exam for this task and (3) whether such an exam can be evaluated using fact-based scoring. Further, you should identify the required tools and materials that exam takers need to use.

**Definitions:**
- **Remote feasibility**: A task can be performed remotely if it doesn't require a person to be at a specific place or interact with humans face-to-face.

- **Tools:** Software or applications (e.g. coding & development tools, text editor, presentation software, image generator), that are **absolutely** critical for an exam taker to complete any practically relevant and meaningful exam for this task. 

- **Materials:** Digital content (e.g., data files, text, images, audio files) that form part of the test content.

- **Fact based scoring:** Whether the exam can be evaluated using a predefined answer key (objective scoring) or requires subjective assessment, such as evaluating the quality of written responses or creative work.

- **Practical exam:** A practical exam is a an exam actually testing whether the described task can be performed successfully. An exam testing the knowledge about the task is NOT a practical exam.

- **Virtual lab:** A virtual lab is an interactive digital environment that simulates real-world settings, allowing users to perform tasks, collaborate with others, and test scenarios remotely.

- **Images:** Such as product images, photographs, maps, graphs and plots, etc.

- **Specialized software:** Specialized software refers to computer programs designed for specific industry tasks or technical functions, such as Simulink for system modeling, CAD for 3D design or SAP for enterprise resource planning. This category should be used if there is no way to solve the exam using combinations of the other tools and software listed under tools, but some more specialized software is required.

- **Specialized files:** Specialized files refers to files that cannot be parsed into text, data, images, audio or video but are also not part of a virtual lab. This category should be used if there is no way to provide the necessary exam materials using a combination of the other materials listed.

**Instructions:**
1. **Remote Feasibility:**  
   Evaluate whether Interpret government regulations and applicable codes to ensure compliance. can be performed online/remotely or if it requires in-person presence.
   - **If in-person required:** Output `""can_be_performed_remotely"": false` and set all other fields (tools and materials) to `""NA""`.
   - **If remote:** Output `""can_be_performed_remotely"": true` and continue with the evaluation.

2. **Materials Required:**  
   For each material type, determine if it is necessary to provide materials of this type as part of an exam to evaluate Business Continuity Planners's ability to perform the task (Interpret government regulations and applicable codes to ensure compliance.). 
   Options are: ""Required""or ""Not required"" 
   The materials include:
   - ""Text""
   - ""Data""
   - ""Images""
   - ""Audio files""
   - ""Video files""
   - ""Virtual labs""
   - ""Specialized files""


3. **Tools Required:**  
   For each tool, assess whether it is needed to complete an exam that evaluates whether an individual can do Interpret government regulations and applicable codes to ensure compliance..
  Options are: ""Required"" or ""Not Required"". 
  The tools include:
   - ""Spreadsheet software""
   - ""Code execution environment""
   - ""Text editor""
   - ""Image viewer""
   - ""Image generator""
   - ""Presentation software""
   - ""Online search engine""
   - ""Video conferencing""
   - ""Chat interfaces""
   - ""Email client""
   - ""Internet access""
   - ""Specialized software""


4. **Feasibility of a practical exam:**
    Evaluate whether the task can meaningfully be tested in a practical, remote exam.
    - If you think this is possible, answer True,
    - Otherwise answer False

5. **Chain-of-Thought Reasoning:**  
   Optionally, include a brief chain-of-thought explanation (no more than 150 words) for your evaluations in a field called `""chain_of_thought""`.

**Output Requirement:**  
Return a JSON object strictly adhering to the provided structure, without any extra commentary outside of the JSON fields.

**Expected JSON Structure:**
{
  ""task_id"": ""15949"",
  ""occupation"": ""Business Continuity Planners"",
  ""task_description"": ""Interpret government regulations and applicable codes to ensure compliance."",
  ""can_be_performed_remotely"": true/false,
   ""feasibility_practical"": true/false,




  ""materials"": {
    ""Text"": ""Not Required/Required/NA"",
    ""Data"": ""Not Required/Required/NA"",
    ""Images"": ""Not Required/Required/NA"",
    ""Audio files"": ""Not Required/Required/NA"",
    ""Video files"": ""Not Required/Required/NA"",
    ""Virtual labs"": ""Not Required/Required/NA"",
    ""Speicalized files"":""Not Required/Required/NA"",
  },

   ""tools"": {
   ""Spreadsheet software"": ""Not Required/Required/NA"",
   ""Code execution environment"": ""Not Required/Required/NA"",
   ""Image viewer"": ""Not Required/Required/NA"",
   ""Image generator"": ""Not Required/Required/NA"",
   ""Text editor"": ""Not Required/Required/NA"",
   ""Presentation software"": ""Not Required/Required/NA"",
   ""Online search engine"": ""Not Required/Required/NA"",
   ""Video conferencing"": ""Not Required/Required/NA"",
   ""Chat interfaces"": ""Not Required/Required/NA"",
   ""Email client"": ""Not Required/Required/NA"",
   ""Internet access"": ""Not Required/Required/NA"",
   ""Specialized software:""""Not Required/Required/NA"",
  },
  ""chain_of_thought"": ""Brief explanation (no more than 150 words).""
}",15949.0,Business Continuity Planners,Interpret government regulations and applicable codes to ensure compliance.,True,True,"Interpreting regulations and codes is primarily a cognitive task that can be performed remotely. A practical exam could present candidates with realistic business continuity scenarios and regulatory documents, requiring them to identify compliance issues and propose solutions. This would test their ability to interpret and apply regulations in context. The exam would need text materials (regulations, codes, scenarios) and data (compliance requirements), with a text editor for responses. Scoring can be fact-based by evaluating whether candidates correctly identify specific compliance issues against a predefined answer key.",Required,Required,Not Required,Not Required,Not Required,Not Required,Not Required,Not Required,Not Required,Not Required,Not Required,Required,Not Required,Not Required,Not Required,Not Required,Not Required,Not Required,Not Required,,['Text editor'],"['Text', 'Data']",False,13-1199.04,15949,Bachelor's Degree
429.0,"Task ID: 15953

Your assignment is to determine if (1) the task can be performed remotely, (2) it is possible to design a meaningful, **practical** exam for this task and (3) whether such an exam can be evaluated using fact-based scoring. Further, you should identify the required tools and materials that exam takers need to use.

**Definitions:**
- **Remote feasibility**: A task can be performed remotely if it doesn't require a person to be at a specific place or interact with humans face-to-face.

- **Tools:** Software or applications (e.g. coding & development tools, text editor, presentation software, image generator), that are **absolutely** critical for an exam taker to complete any practically relevant and meaningful exam for this task. 

- **Materials:** Digital content (e.g., data files, text, images, audio files) that form part of the test content.

- **Fact based scoring:** Whether the exam can be evaluated using a predefined answer key (objective scoring) or requires subjective assessment, such as evaluating the quality of written responses or creative work.

- **Practical exam:** A practical exam is a an exam actually testing whether the described task can be performed successfully. An exam testing the knowledge about the task is NOT a practical exam.

- **Virtual lab:** A virtual lab is an interactive digital environment that simulates real-world settings, allowing users to perform tasks, collaborate with others, and test scenarios remotely.

- **Images:** Such as product images, photographs, maps, graphs and plots, etc.

- **Specialized software:** Specialized software refers to computer programs designed for specific industry tasks or technical functions, such as Simulink for system modeling, CAD for 3D design or SAP for enterprise resource planning. This category should be used if there is no way to solve the exam using combinations of the other tools and software listed under tools, but some more specialized software is required.

- **Specialized files:** Specialized files refers to files that cannot be parsed into text, data, images, audio or video but are also not part of a virtual lab. This category should be used if there is no way to provide the necessary exam materials using a combination of the other materials listed.

**Instructions:**
1. **Remote Feasibility:**  
   Evaluate whether Create business continuity and disaster recovery budgets. can be performed online/remotely or if it requires in-person presence.
   - **If in-person required:** Output `""can_be_performed_remotely"": false` and set all other fields (tools and materials) to `""NA""`.
   - **If remote:** Output `""can_be_performed_remotely"": true` and continue with the evaluation.

2. **Materials Required:**  
   For each material type, determine if it is necessary to provide materials of this type as part of an exam to evaluate Business Continuity Planners's ability to perform the task (Create business continuity and disaster recovery budgets.). 
   Options are: ""Required""or ""Not required"" 
   The materials include:
   - ""Text""
   - ""Data""
   - ""Images""
   - ""Audio files""
   - ""Video files""
   - ""Virtual labs""
   - ""Specialized files""


3. **Tools Required:**  
   For each tool, assess whether it is needed to complete an exam that evaluates whether an individual can do Create business continuity and disaster recovery budgets..
  Options are: ""Required"" or ""Not Required"". 
  The tools include:
   - ""Spreadsheet software""
   - ""Code execution environment""
   - ""Text editor""
   - ""Image viewer""
   - ""Image generator""
   - ""Presentation software""
   - ""Online search engine""
   - ""Video conferencing""
   - ""Chat interfaces""
   - ""Email client""
   - ""Internet access""
   - ""Specialized software""


4. **Feasibility of a practical exam:**
    Evaluate whether the task can meaningfully be tested in a practical, remote exam.
    - If you think this is possible, answer True,
    - Otherwise answer False

5. **Chain-of-Thought Reasoning:**  
   Optionally, include a brief chain-of-thought explanation (no more than 150 words) for your evaluations in a field called `""chain_of_thought""`.

**Output Requirement:**  
Return a JSON object strictly adhering to the provided structure, without any extra commentary outside of the JSON fields.

**Expected JSON Structure:**
{
  ""task_id"": ""15953"",
  ""occupation"": ""Business Continuity Planners"",
  ""task_description"": ""Create business continuity and disaster recovery budgets."",
  ""can_be_performed_remotely"": true/false,
   ""feasibility_practical"": true/false,




  ""materials"": {
    ""Text"": ""Not Required/Required/NA"",
    ""Data"": ""Not Required/Required/NA"",
    ""Images"": ""Not Required/Required/NA"",
    ""Audio files"": ""Not Required/Required/NA"",
    ""Video files"": ""Not Required/Required/NA"",
    ""Virtual labs"": ""Not Required/Required/NA"",
    ""Speicalized files"":""Not Required/Required/NA"",
  },

   ""tools"": {
   ""Spreadsheet software"": ""Not Required/Required/NA"",
   ""Code execution environment"": ""Not Required/Required/NA"",
   ""Image viewer"": ""Not Required/Required/NA"",
   ""Image generator"": ""Not Required/Required/NA"",
   ""Text editor"": ""Not Required/Required/NA"",
   ""Presentation software"": ""Not Required/Required/NA"",
   ""Online search engine"": ""Not Required/Required/NA"",
   ""Video conferencing"": ""Not Required/Required/NA"",
   ""Chat interfaces"": ""Not Required/Required/NA"",
   ""Email client"": ""Not Required/Required/NA"",
   ""Internet access"": ""Not Required/Required/NA"",
   ""Specialized software:""""Not Required/Required/NA"",
  },
  ""chain_of_thought"": ""Brief explanation (no more than 150 words).""
}",15953.0,Business Continuity Planners,Create business continuity and disaster recovery budgets.,True,True,"Creating business continuity and disaster recovery budgets is a financial planning task that can be performed remotely using spreadsheet software. A practical exam would provide scenario information and financial data, requiring candidates to develop comprehensive budgets with appropriate line items, cost estimates, and contingency planning. The exam can be objectively scored by evaluating budget completeness, formula accuracy, and financial reasoning.",Required,Required,Not Required,Not Required,Not Required,Not Required,Not Required,Required,Not Required,Not Required,Not Required,Required,Not Required,Not Required,Not Required,Not Required,Not Required,Not Required,Not Required,,"['Spreadsheet software', 'Text editor']","['Text', 'Data']",False,13-1199.04,15953,Bachelor's Degree
460.0,"Task ID: 15730

Your assignment is to determine if (1) the task can be performed remotely, (2) it is possible to design a meaningful, **practical** exam for this task and (3) whether such an exam can be evaluated using fact-based scoring. Further, you should identify the required tools and materials that exam takers need to use.

**Definitions:**
- **Remote feasibility**: A task can be performed remotely if it doesn't require a person to be at a specific place or interact with humans face-to-face.

- **Tools:** Software or applications (e.g. coding & development tools, text editor, presentation software, image generator), that are **absolutely** critical for an exam taker to complete any practically relevant and meaningful exam for this task. 

- **Materials:** Digital content (e.g., data files, text, images, audio files) that form part of the test content.

- **Fact based scoring:** Whether the exam can be evaluated using a predefined answer key (objective scoring) or requires subjective assessment, such as evaluating the quality of written responses or creative work.

- **Practical exam:** A practical exam is a an exam actually testing whether the described task can be performed successfully. An exam testing the knowledge about the task is NOT a practical exam.

- **Virtual lab:** A virtual lab is an interactive digital environment that simulates real-world settings, allowing users to perform tasks, collaborate with others, and test scenarios remotely.

- **Images:** Such as product images, photographs, maps, graphs and plots, etc.

- **Specialized software:** Specialized software refers to computer programs designed for specific industry tasks or technical functions, such as Simulink for system modeling, CAD for 3D design or SAP for enterprise resource planning. This category should be used if there is no way to solve the exam using combinations of the other tools and software listed under tools, but some more specialized software is required.

- **Specialized files:** Specialized files refers to files that cannot be parsed into text, data, images, audio or video but are also not part of a virtual lab. This category should be used if there is no way to provide the necessary exam materials using a combination of the other materials listed.

**Instructions:**
1. **Remote Feasibility:**  
   Evaluate whether Calculate purchase subtotals, taxes, and shipping costs for submission to customers. can be performed online/remotely or if it requires in-person presence.
   - **If in-person required:** Output `""can_be_performed_remotely"": false` and set all other fields (tools and materials) to `""NA""`.
   - **If remote:** Output `""can_be_performed_remotely"": true` and continue with the evaluation.

2. **Materials Required:**  
   For each material type, determine if it is necessary to provide materials of this type as part of an exam to evaluate Online Merchants's ability to perform the task (Calculate purchase subtotals, taxes, and shipping costs for submission to customers.). 
   Options are: ""Required""or ""Not required"" 
   The materials include:
   - ""Text""
   - ""Data""
   - ""Images""
   - ""Audio files""
   - ""Video files""
   - ""Virtual labs""
   - ""Specialized files""


3. **Tools Required:**  
   For each tool, assess whether it is needed to complete an exam that evaluates whether an individual can do Calculate purchase subtotals, taxes, and shipping costs for submission to customers..
  Options are: ""Required"" or ""Not Required"". 
  The tools include:
   - ""Spreadsheet software""
   - ""Code execution environment""
   - ""Text editor""
   - ""Image viewer""
   - ""Image generator""
   - ""Presentation software""
   - ""Online search engine""
   - ""Video conferencing""
   - ""Chat interfaces""
   - ""Email client""
   - ""Internet access""
   - ""Specialized software""


4. **Feasibility of a practical exam:**
    Evaluate whether the task can meaningfully be tested in a practical, remote exam.
    - If you think this is possible, answer True,
    - Otherwise answer False

5. **Chain-of-Thought Reasoning:**  
   Optionally, include a brief chain-of-thought explanation (no more than 150 words) for your evaluations in a field called `""chain_of_thought""`.

**Output Requirement:**  
Return a JSON object strictly adhering to the provided structure, without any extra commentary outside of the JSON fields.

**Expected JSON Structure:**
{
  ""task_id"": ""15730"",
  ""occupation"": ""Online Merchants"",
  ""task_description"": ""Calculate purchase subtotals, taxes, and shipping costs for submission to customers."",
  ""can_be_performed_remotely"": true/false,
   ""feasibility_practical"": true/false,




  ""materials"": {
    ""Text"": ""Not Required/Required/NA"",
    ""Data"": ""Not Required/Required/NA"",
    ""Images"": ""Not Required/Required/NA"",
    ""Audio files"": ""Not Required/Required/NA"",
    ""Video files"": ""Not Required/Required/NA"",
    ""Virtual labs"": ""Not Required/Required/NA"",
    ""Speicalized files"":""Not Required/Required/NA"",
  },

   ""tools"": {
   ""Spreadsheet software"": ""Not Required/Required/NA"",
   ""Code execution environment"": ""Not Required/Required/NA"",
   ""Image viewer"": ""Not Required/Required/NA"",
   ""Image generator"": ""Not Required/Required/NA"",
   ""Text editor"": ""Not Required/Required/NA"",
   ""Presentation software"": ""Not Required/Required/NA"",
   ""Online search engine"": ""Not Required/Required/NA"",
   ""Video conferencing"": ""Not Required/Required/NA"",
   ""Chat interfaces"": ""Not Required/Required/NA"",
   ""Email client"": ""Not Required/Required/NA"",
   ""Internet access"": ""Not Required/Required/NA"",
   ""Specialized software:""""Not Required/Required/NA"",
  },
  ""chain_of_thought"": ""Brief explanation (no more than 150 words).""
}",15730.0,Online Merchants,"Calculate purchase subtotals, taxes, and shipping costs for submission to customers.",True,True,"Calculating purchase subtotals, taxes, and shipping costs is a numerical task that can be performed remotely. A practical exam would involve providing order information (text) and pricing/tax data, then asking candidates to calculate correct totals. This can be done using spreadsheet software (for calculations) and a text editor (for presenting results). The exam can be objectively scored by comparing calculated values against correct answers. No specialized software is needed as standard spreadsheet functions are sufficient for these calculations.",Required,Required,Not Required,Not Required,Not Required,Not Required,Not Required,Required,Not Required,Not Required,Not Required,Required,Not Required,Not Required,Not Required,Not Required,Not Required,Not Required,Not Required,,"['Spreadsheet software', 'Text editor']","['Text', 'Data']",False,13-1199.06,15730,Some College Courses
464.0,"Task ID: 15735

Your assignment is to determine if (1) the task can be performed remotely, (2) it is possible to design a meaningful, **practical** exam for this task and (3) whether such an exam can be evaluated using fact-based scoring. Further, you should identify the required tools and materials that exam takers need to use.

**Definitions:**
- **Remote feasibility**: A task can be performed remotely if it doesn't require a person to be at a specific place or interact with humans face-to-face.

- **Tools:** Software or applications (e.g. coding & development tools, text editor, presentation software, image generator), that are **absolutely** critical for an exam taker to complete any practically relevant and meaningful exam for this task. 

- **Materials:** Digital content (e.g., data files, text, images, audio files) that form part of the test content.

- **Fact based scoring:** Whether the exam can be evaluated using a predefined answer key (objective scoring) or requires subjective assessment, such as evaluating the quality of written responses or creative work.

- **Practical exam:** A practical exam is a an exam actually testing whether the described task can be performed successfully. An exam testing the knowledge about the task is NOT a practical exam.

- **Virtual lab:** A virtual lab is an interactive digital environment that simulates real-world settings, allowing users to perform tasks, collaborate with others, and test scenarios remotely.

- **Images:** Such as product images, photographs, maps, graphs and plots, etc.

- **Specialized software:** Specialized software refers to computer programs designed for specific industry tasks or technical functions, such as Simulink for system modeling, CAD for 3D design or SAP for enterprise resource planning. This category should be used if there is no way to solve the exam using combinations of the other tools and software listed under tools, but some more specialized software is required.

- **Specialized files:** Specialized files refers to files that cannot be parsed into text, data, images, audio or video but are also not part of a virtual lab. This category should be used if there is no way to provide the necessary exam materials using a combination of the other materials listed.

**Instructions:**
1. **Remote Feasibility:**  
   Evaluate whether Calculate revenue, sales, and expenses, using financial accounting or spreadsheet software. can be performed online/remotely or if it requires in-person presence.
   - **If in-person required:** Output `""can_be_performed_remotely"": false` and set all other fields (tools and materials) to `""NA""`.
   - **If remote:** Output `""can_be_performed_remotely"": true` and continue with the evaluation.

2. **Materials Required:**  
   For each material type, determine if it is necessary to provide materials of this type as part of an exam to evaluate Online Merchants's ability to perform the task (Calculate revenue, sales, and expenses, using financial accounting or spreadsheet software.). 
   Options are: ""Required""or ""Not required"" 
   The materials include:
   - ""Text""
   - ""Data""
   - ""Images""
   - ""Audio files""
   - ""Video files""
   - ""Virtual labs""
   - ""Specialized files""


3. **Tools Required:**  
   For each tool, assess whether it is needed to complete an exam that evaluates whether an individual can do Calculate revenue, sales, and expenses, using financial accounting or spreadsheet software..
  Options are: ""Required"" or ""Not Required"". 
  The tools include:
   - ""Spreadsheet software""
   - ""Code execution environment""
   - ""Text editor""
   - ""Image viewer""
   - ""Image generator""
   - ""Presentation software""
   - ""Online search engine""
   - ""Video conferencing""
   - ""Chat interfaces""
   - ""Email client""
   - ""Internet access""
   - ""Specialized software""


4. **Feasibility of a practical exam:**
    Evaluate whether the task can meaningfully be tested in a practical, remote exam.
    - If you think this is possible, answer True,
    - Otherwise answer False

5. **Chain-of-Thought Reasoning:**  
   Optionally, include a brief chain-of-thought explanation (no more than 150 words) for your evaluations in a field called `""chain_of_thought""`.

**Output Requirement:**  
Return a JSON object strictly adhering to the provided structure, without any extra commentary outside of the JSON fields.

**Expected JSON Structure:**
{
  ""task_id"": ""15735"",
  ""occupation"": ""Online Merchants"",
  ""task_description"": ""Calculate revenue, sales, and expenses, using financial accounting or spreadsheet software."",
  ""can_be_performed_remotely"": true/false,
   ""feasibility_practical"": true/false,




  ""materials"": {
    ""Text"": ""Not Required/Required/NA"",
    ""Data"": ""Not Required/Required/NA"",
    ""Images"": ""Not Required/Required/NA"",
    ""Audio files"": ""Not Required/Required/NA"",
    ""Video files"": ""Not Required/Required/NA"",
    ""Virtual labs"": ""Not Required/Required/NA"",
    ""Speicalized files"":""Not Required/Required/NA"",
  },

   ""tools"": {
   ""Spreadsheet software"": ""Not Required/Required/NA"",
   ""Code execution environment"": ""Not Required/Required/NA"",
   ""Image viewer"": ""Not Required/Required/NA"",
   ""Image generator"": ""Not Required/Required/NA"",
   ""Text editor"": ""Not Required/Required/NA"",
   ""Presentation software"": ""Not Required/Required/NA"",
   ""Online search engine"": ""Not Required/Required/NA"",
   ""Video conferencing"": ""Not Required/Required/NA"",
   ""Chat interfaces"": ""Not Required/Required/NA"",
   ""Email client"": ""Not Required/Required/NA"",
   ""Internet access"": ""Not Required/Required/NA"",
   ""Specialized software:""""Not Required/Required/NA"",
  },
  ""chain_of_thought"": ""Brief explanation (no more than 150 words).""
}",15735.0,Online Merchants,"Calculate revenue, sales, and expenses, using financial accounting or spreadsheet software.",True,True,"Calculating revenue, sales, and expenses can be performed remotely using spreadsheet software like Excel or Google Sheets. A practical exam would involve providing financial data (sales figures, expense records) and instructing candidates to calculate key metrics like gross revenue, net profit, and expense ratios. This can be objectively scored by comparing the candidate's calculations against correct answers. The task requires only spreadsheet software and financial data provided as text and numerical datasets. No specialized software is needed beyond standard spreadsheet applications, making this highly feasible for remote assessment.",Required,Required,Not Required,Not Required,Not Required,Not Required,Not Required,Required,Not Required,Not Required,Not Required,Not Required,Not Required,Not Required,Not Required,Not Required,Not Required,Not Required,Not Required,,['Spreadsheet software'],"['Text', 'Data']",False,13-1199.06,15735,Some College Courses
479.0,"Task ID: 116

Your assignment is to determine if (1) the task can be performed remotely, (2) it is possible to design a meaningful, **practical** exam for this task and (3) whether such an exam can be evaluated using fact-based scoring. Further, you should identify the required tools and materials that exam takers need to use.

**Definitions:**
- **Remote feasibility**: A task can be performed remotely if it doesn't require a person to be at a specific place or interact with humans face-to-face.

- **Tools:** Software or applications (e.g. coding & development tools, text editor, presentation software, image generator), that are **absolutely** critical for an exam taker to complete any practically relevant and meaningful exam for this task. 

- **Materials:** Digital content (e.g., data files, text, images, audio files) that form part of the test content.

- **Fact based scoring:** Whether the exam can be evaluated using a predefined answer key (objective scoring) or requires subjective assessment, such as evaluating the quality of written responses or creative work.

- **Practical exam:** A practical exam is a an exam actually testing whether the described task can be performed successfully. An exam testing the knowledge about the task is NOT a practical exam.

- **Virtual lab:** A virtual lab is an interactive digital environment that simulates real-world settings, allowing users to perform tasks, collaborate with others, and test scenarios remotely.

- **Images:** Such as product images, photographs, maps, graphs and plots, etc.

- **Specialized software:** Specialized software refers to computer programs designed for specific industry tasks or technical functions, such as Simulink for system modeling, CAD for 3D design or SAP for enterprise resource planning. This category should be used if there is no way to solve the exam using combinations of the other tools and software listed under tools, but some more specialized software is required.

- **Specialized files:** Specialized files refers to files that cannot be parsed into text, data, images, audio or video but are also not part of a virtual lab. This category should be used if there is no way to provide the necessary exam materials using a combination of the other materials listed.

**Instructions:**
1. **Remote Feasibility:**  
   Evaluate whether Establish tables of accounts and assign entries to proper accounts. can be performed online/remotely or if it requires in-person presence.
   - **If in-person required:** Output `""can_be_performed_remotely"": false` and set all other fields (tools and materials) to `""NA""`.
   - **If remote:** Output `""can_be_performed_remotely"": true` and continue with the evaluation.

2. **Materials Required:**  
   For each material type, determine if it is necessary to provide materials of this type as part of an exam to evaluate Accountants's ability to perform the task (Establish tables of accounts and assign entries to proper accounts.). 
   Options are: ""Required""or ""Not required"" 
   The materials include:
   - ""Text""
   - ""Data""
   - ""Images""
   - ""Audio files""
   - ""Video files""
   - ""Virtual labs""
   - ""Specialized files""


3. **Tools Required:**  
   For each tool, assess whether it is needed to complete an exam that evaluates whether an individual can do Establish tables of accounts and assign entries to proper accounts..
  Options are: ""Required"" or ""Not Required"". 
  The tools include:
   - ""Spreadsheet software""
   - ""Code execution environment""
   - ""Text editor""
   - ""Image viewer""
   - ""Image generator""
   - ""Presentation software""
   - ""Online search engine""
   - ""Video conferencing""
   - ""Chat interfaces""
   - ""Email client""
   - ""Internet access""
   - ""Specialized software""


4. **Feasibility of a practical exam:**
    Evaluate whether the task can meaningfully be tested in a practical, remote exam.
    - If you think this is possible, answer True,
    - Otherwise answer False

5. **Chain-of-Thought Reasoning:**  
   Optionally, include a brief chain-of-thought explanation (no more than 150 words) for your evaluations in a field called `""chain_of_thought""`.

**Output Requirement:**  
Return a JSON object strictly adhering to the provided structure, without any extra commentary outside of the JSON fields.

**Expected JSON Structure:**
{
  ""task_id"": ""116"",
  ""occupation"": ""Accountants"",
  ""task_description"": ""Establish tables of accounts and assign entries to proper accounts."",
  ""can_be_performed_remotely"": true/false,
   ""feasibility_practical"": true/false,




  ""materials"": {
    ""Text"": ""Not Required/Required/NA"",
    ""Data"": ""Not Required/Required/NA"",
    ""Images"": ""Not Required/Required/NA"",
    ""Audio files"": ""Not Required/Required/NA"",
    ""Video files"": ""Not Required/Required/NA"",
    ""Virtual labs"": ""Not Required/Required/NA"",
    ""Speicalized files"":""Not Required/Required/NA"",
  },

   ""tools"": {
   ""Spreadsheet software"": ""Not Required/Required/NA"",
   ""Code execution environment"": ""Not Required/Required/NA"",
   ""Image viewer"": ""Not Required/Required/NA"",
   ""Image generator"": ""Not Required/Required/NA"",
   ""Text editor"": ""Not Required/Required/NA"",
   ""Presentation software"": ""Not Required/Required/NA"",
   ""Online search engine"": ""Not Required/Required/NA"",
   ""Video conferencing"": ""Not Required/Required/NA"",
   ""Chat interfaces"": ""Not Required/Required/NA"",
   ""Email client"": ""Not Required/Required/NA"",
   ""Internet access"": ""Not Required/Required/NA"",
   ""Specialized software:""""Not Required/Required/NA"",
  },
  ""chain_of_thought"": ""Brief explanation (no more than 150 words).""
}",116.0,Accountants,Establish tables of accounts and assign entries to proper accounts.,True,True,"Establishing tables of accounts and assigning entries can be performed remotely as it involves digital accounting work. A practical exam would provide financial scenarios and require candidates to create a chart of accounts and properly classify transactions. This requires text (instructions and scenarios) and data (financial transactions). Spreadsheet software is essential for creating account tables and recording entries, while a text editor helps with explanations. The exam can be objectively scored by checking if accounts are properly structured and transactions correctly classified according to accounting principles.",Required,Required,Not Required,Not Required,Not Required,Not Required,Not Required,Required,Not Required,Not Required,Not Required,Required,Not Required,Not Required,Not Required,Not Required,Not Required,Not Required,Not Required,,"['Spreadsheet software', 'Text editor']","['Text', 'Data']",False,13-2011.01,116,Bachelor's Degree
526.0,"Task ID: 3402

Your assignment is to determine if (1) the task can be performed remotely, (2) it is possible to design a meaningful, **practical** exam for this task and (3) whether such an exam can be evaluated using fact-based scoring. Further, you should identify the required tools and materials that exam takers need to use.

**Definitions:**
- **Remote feasibility**: A task can be performed remotely if it doesn't require a person to be at a specific place or interact with humans face-to-face.

- **Tools:** Software or applications (e.g. coding & development tools, text editor, presentation software, image generator), that are **absolutely** critical for an exam taker to complete any practically relevant and meaningful exam for this task. 

- **Materials:** Digital content (e.g., data files, text, images, audio files) that form part of the test content.

- **Fact based scoring:** Whether the exam can be evaluated using a predefined answer key (objective scoring) or requires subjective assessment, such as evaluating the quality of written responses or creative work.

- **Practical exam:** A practical exam is a an exam actually testing whether the described task can be performed successfully. An exam testing the knowledge about the task is NOT a practical exam.

- **Virtual lab:** A virtual lab is an interactive digital environment that simulates real-world settings, allowing users to perform tasks, collaborate with others, and test scenarios remotely.

- **Images:** Such as product images, photographs, maps, graphs and plots, etc.

- **Specialized software:** Specialized software refers to computer programs designed for specific industry tasks or technical functions, such as Simulink for system modeling, CAD for 3D design or SAP for enterprise resource planning. This category should be used if there is no way to solve the exam using combinations of the other tools and software listed under tools, but some more specialized software is required.

- **Specialized files:** Specialized files refers to files that cannot be parsed into text, data, images, audio or video but are also not part of a virtual lab. This category should be used if there is no way to provide the necessary exam materials using a combination of the other materials listed.

**Instructions:**
1. **Remote Feasibility:**  
   Evaluate whether Examine budget estimates for completeness, accuracy, and conformance with procedures and regulations. can be performed online/remotely or if it requires in-person presence.
   - **If in-person required:** Output `""can_be_performed_remotely"": false` and set all other fields (tools and materials) to `""NA""`.
   - **If remote:** Output `""can_be_performed_remotely"": true` and continue with the evaluation.

2. **Materials Required:**  
   For each material type, determine if it is necessary to provide materials of this type as part of an exam to evaluate Budget Analysts's ability to perform the task (Examine budget estimates for completeness, accuracy, and conformance with procedures and regulations.). 
   Options are: ""Required""or ""Not required"" 
   The materials include:
   - ""Text""
   - ""Data""
   - ""Images""
   - ""Audio files""
   - ""Video files""
   - ""Virtual labs""
   - ""Specialized files""


3. **Tools Required:**  
   For each tool, assess whether it is needed to complete an exam that evaluates whether an individual can do Examine budget estimates for completeness, accuracy, and conformance with procedures and regulations..
  Options are: ""Required"" or ""Not Required"". 
  The tools include:
   - ""Spreadsheet software""
   - ""Code execution environment""
   - ""Text editor""
   - ""Image viewer""
   - ""Image generator""
   - ""Presentation software""
   - ""Online search engine""
   - ""Video conferencing""
   - ""Chat interfaces""
   - ""Email client""
   - ""Internet access""
   - ""Specialized software""


4. **Feasibility of a practical exam:**
    Evaluate whether the task can meaningfully be tested in a practical, remote exam.
    - If you think this is possible, answer True,
    - Otherwise answer False

5. **Chain-of-Thought Reasoning:**  
   Optionally, include a brief chain-of-thought explanation (no more than 150 words) for your evaluations in a field called `""chain_of_thought""`.

**Output Requirement:**  
Return a JSON object strictly adhering to the provided structure, without any extra commentary outside of the JSON fields.

**Expected JSON Structure:**
{
  ""task_id"": ""3402"",
  ""occupation"": ""Budget Analysts"",
  ""task_description"": ""Examine budget estimates for completeness, accuracy, and conformance with procedures and regulations."",
  ""can_be_performed_remotely"": true/false,
   ""feasibility_practical"": true/false,




  ""materials"": {
    ""Text"": ""Not Required/Required/NA"",
    ""Data"": ""Not Required/Required/NA"",
    ""Images"": ""Not Required/Required/NA"",
    ""Audio files"": ""Not Required/Required/NA"",
    ""Video files"": ""Not Required/Required/NA"",
    ""Virtual labs"": ""Not Required/Required/NA"",
    ""Speicalized files"":""Not Required/Required/NA"",
  },

   ""tools"": {
   ""Spreadsheet software"": ""Not Required/Required/NA"",
   ""Code execution environment"": ""Not Required/Required/NA"",
   ""Image viewer"": ""Not Required/Required/NA"",
   ""Image generator"": ""Not Required/Required/NA"",
   ""Text editor"": ""Not Required/Required/NA"",
   ""Presentation software"": ""Not Required/Required/NA"",
   ""Online search engine"": ""Not Required/Required/NA"",
   ""Video conferencing"": ""Not Required/Required/NA"",
   ""Chat interfaces"": ""Not Required/Required/NA"",
   ""Email client"": ""Not Required/Required/NA"",
   ""Internet access"": ""Not Required/Required/NA"",
   ""Specialized software:""""Not Required/Required/NA"",
  },
  ""chain_of_thought"": ""Brief explanation (no more than 150 words).""
}",3402.0,Budget Analysts,"Examine budget estimates for completeness, accuracy, and conformance with procedures and regulations.",True,True,"Budget analysis can be performed remotely as it involves examining digital documents and data. A practical exam would provide budget estimates, relevant regulations, and procedures as text documents and numerical data. Candidates would use spreadsheet software to analyze the data and a text editor to document findings. The exam could include scenarios with intentional errors, missing information, or regulatory non-compliance that candidates must identify. Scoring can be fact-based by checking if candidates correctly identified specific issues against a predetermined answer key.",Required,Required,Not Required,Not Required,Not Required,Not Required,Not Required,Required,Not Required,Not Required,Not Required,Required,Not Required,Not Required,Not Required,Not Required,Not Required,Not Required,Not Required,,"['Spreadsheet software', 'Text editor']","['Text', 'Data']",False,13-2031.00,3402,Bachelor's Degree
527.0,"Task ID: 3399

Your assignment is to determine if (1) the task can be performed remotely, (2) it is possible to design a meaningful, **practical** exam for this task and (3) whether such an exam can be evaluated using fact-based scoring. Further, you should identify the required tools and materials that exam takers need to use.

**Definitions:**
- **Remote feasibility**: A task can be performed remotely if it doesn't require a person to be at a specific place or interact with humans face-to-face.

- **Tools:** Software or applications (e.g. coding & development tools, text editor, presentation software, image generator), that are **absolutely** critical for an exam taker to complete any practically relevant and meaningful exam for this task. 

- **Materials:** Digital content (e.g., data files, text, images, audio files) that form part of the test content.

- **Fact based scoring:** Whether the exam can be evaluated using a predefined answer key (objective scoring) or requires subjective assessment, such as evaluating the quality of written responses or creative work.

- **Practical exam:** A practical exam is a an exam actually testing whether the described task can be performed successfully. An exam testing the knowledge about the task is NOT a practical exam.

- **Virtual lab:** A virtual lab is an interactive digital environment that simulates real-world settings, allowing users to perform tasks, collaborate with others, and test scenarios remotely.

- **Images:** Such as product images, photographs, maps, graphs and plots, etc.

- **Specialized software:** Specialized software refers to computer programs designed for specific industry tasks or technical functions, such as Simulink for system modeling, CAD for 3D design or SAP for enterprise resource planning. This category should be used if there is no way to solve the exam using combinations of the other tools and software listed under tools, but some more specialized software is required.

- **Specialized files:** Specialized files refers to files that cannot be parsed into text, data, images, audio or video but are also not part of a virtual lab. This category should be used if there is no way to provide the necessary exam materials using a combination of the other materials listed.

**Instructions:**
1. **Remote Feasibility:**  
   Evaluate whether Summarize budgets and submit recommendations for the approval or disapproval of funds requests. can be performed online/remotely or if it requires in-person presence.
   - **If in-person required:** Output `""can_be_performed_remotely"": false` and set all other fields (tools and materials) to `""NA""`.
   - **If remote:** Output `""can_be_performed_remotely"": true` and continue with the evaluation.

2. **Materials Required:**  
   For each material type, determine if it is necessary to provide materials of this type as part of an exam to evaluate Budget Analysts's ability to perform the task (Summarize budgets and submit recommendations for the approval or disapproval of funds requests.). 
   Options are: ""Required""or ""Not required"" 
   The materials include:
   - ""Text""
   - ""Data""
   - ""Images""
   - ""Audio files""
   - ""Video files""
   - ""Virtual labs""
   - ""Specialized files""


3. **Tools Required:**  
   For each tool, assess whether it is needed to complete an exam that evaluates whether an individual can do Summarize budgets and submit recommendations for the approval or disapproval of funds requests..
  Options are: ""Required"" or ""Not Required"". 
  The tools include:
   - ""Spreadsheet software""
   - ""Code execution environment""
   - ""Text editor""
   - ""Image viewer""
   - ""Image generator""
   - ""Presentation software""
   - ""Online search engine""
   - ""Video conferencing""
   - ""Chat interfaces""
   - ""Email client""
   - ""Internet access""
   - ""Specialized software""


4. **Feasibility of a practical exam:**
    Evaluate whether the task can meaningfully be tested in a practical, remote exam.
    - If you think this is possible, answer True,
    - Otherwise answer False

5. **Chain-of-Thought Reasoning:**  
   Optionally, include a brief chain-of-thought explanation (no more than 150 words) for your evaluations in a field called `""chain_of_thought""`.

**Output Requirement:**  
Return a JSON object strictly adhering to the provided structure, without any extra commentary outside of the JSON fields.

**Expected JSON Structure:**
{
  ""task_id"": ""3399"",
  ""occupation"": ""Budget Analysts"",
  ""task_description"": ""Summarize budgets and submit recommendations for the approval or disapproval of funds requests."",
  ""can_be_performed_remotely"": true/false,
   ""feasibility_practical"": true/false,




  ""materials"": {
    ""Text"": ""Not Required/Required/NA"",
    ""Data"": ""Not Required/Required/NA"",
    ""Images"": ""Not Required/Required/NA"",
    ""Audio files"": ""Not Required/Required/NA"",
    ""Video files"": ""Not Required/Required/NA"",
    ""Virtual labs"": ""Not Required/Required/NA"",
    ""Speicalized files"":""Not Required/Required/NA"",
  },

   ""tools"": {
   ""Spreadsheet software"": ""Not Required/Required/NA"",
   ""Code execution environment"": ""Not Required/Required/NA"",
   ""Image viewer"": ""Not Required/Required/NA"",
   ""Image generator"": ""Not Required/Required/NA"",
   ""Text editor"": ""Not Required/Required/NA"",
   ""Presentation software"": ""Not Required/Required/NA"",
   ""Online search engine"": ""Not Required/Required/NA"",
   ""Video conferencing"": ""Not Required/Required/NA"",
   ""Chat interfaces"": ""Not Required/Required/NA"",
   ""Email client"": ""Not Required/Required/NA"",
   ""Internet access"": ""Not Required/Required/NA"",
   ""Specialized software:""""Not Required/Required/NA"",
  },
  ""chain_of_thought"": ""Brief explanation (no more than 150 words).""
}",3399.0,Budget Analysts,Summarize budgets and submit recommendations for the approval or disapproval of funds requests.,True,True,"Budget analysis can be performed remotely as it involves reviewing financial data and making recommendations. A practical exam would provide budget data files and funding requests that candidates must analyze using spreadsheet software to identify variances, evaluate financial feasibility, and make recommendations. The exam would require text documents explaining budget contexts and spreadsheet data files containing financial information. Candidates would use spreadsheet software to analyze the data and a text editor to write their recommendations. This can be objectively scored against a rubric evaluating accuracy of calculations, soundness of recommendations, and adherence to budget constraints.",Required,Required,Not Required,Not Required,Not Required,Not Required,Not Required,Required,Not Required,Not Required,Not Required,Required,Not Required,Not Required,Not Required,Not Required,Not Required,Not Required,Not Required,,"['Spreadsheet software', 'Text editor']","['Text', 'Data']",False,13-2031.00,3399,Bachelor's Degree
535.0,"Task ID: 1255

Your assignment is to determine if (1) the task can be performed remotely, (2) it is possible to design a meaningful, **practical** exam for this task and (3) whether such an exam can be evaluated using fact-based scoring. Further, you should identify the required tools and materials that exam takers need to use.

**Definitions:**
- **Remote feasibility**: A task can be performed remotely if it doesn't require a person to be at a specific place or interact with humans face-to-face.

- **Tools:** Software or applications (e.g. coding & development tools, text editor, presentation software, image generator), that are **absolutely** critical for an exam taker to complete any practically relevant and meaningful exam for this task. 

- **Materials:** Digital content (e.g., data files, text, images, audio files) that form part of the test content.

- **Fact based scoring:** Whether the exam can be evaluated using a predefined answer key (objective scoring) or requires subjective assessment, such as evaluating the quality of written responses or creative work.

- **Practical exam:** A practical exam is a an exam actually testing whether the described task can be performed successfully. An exam testing the knowledge about the task is NOT a practical exam.

- **Virtual lab:** A virtual lab is an interactive digital environment that simulates real-world settings, allowing users to perform tasks, collaborate with others, and test scenarios remotely.

- **Images:** Such as product images, photographs, maps, graphs and plots, etc.

- **Specialized software:** Specialized software refers to computer programs designed for specific industry tasks or technical functions, such as Simulink for system modeling, CAD for 3D design or SAP for enterprise resource planning. This category should be used if there is no way to solve the exam using combinations of the other tools and software listed under tools, but some more specialized software is required.

- **Specialized files:** Specialized files refers to files that cannot be parsed into text, data, images, audio or video but are also not part of a virtual lab. This category should be used if there is no way to provide the necessary exam materials using a combination of the other materials listed.

**Instructions:**
1. **Remote Feasibility:**  
   Evaluate whether Generate financial ratios, using computer programs, to evaluate customers' financial status. can be performed online/remotely or if it requires in-person presence.
   - **If in-person required:** Output `""can_be_performed_remotely"": false` and set all other fields (tools and materials) to `""NA""`.
   - **If remote:** Output `""can_be_performed_remotely"": true` and continue with the evaluation.

2. **Materials Required:**  
   For each material type, determine if it is necessary to provide materials of this type as part of an exam to evaluate Credit Analysts's ability to perform the task (Generate financial ratios, using computer programs, to evaluate customers' financial status.). 
   Options are: ""Required""or ""Not required"" 
   The materials include:
   - ""Text""
   - ""Data""
   - ""Images""
   - ""Audio files""
   - ""Video files""
   - ""Virtual labs""
   - ""Specialized files""


3. **Tools Required:**  
   For each tool, assess whether it is needed to complete an exam that evaluates whether an individual can do Generate financial ratios, using computer programs, to evaluate customers' financial status..
  Options are: ""Required"" or ""Not Required"". 
  The tools include:
   - ""Spreadsheet software""
   - ""Code execution environment""
   - ""Text editor""
   - ""Image viewer""
   - ""Image generator""
   - ""Presentation software""
   - ""Online search engine""
   - ""Video conferencing""
   - ""Chat interfaces""
   - ""Email client""
   - ""Internet access""
   - ""Specialized software""


4. **Feasibility of a practical exam:**
    Evaluate whether the task can meaningfully be tested in a practical, remote exam.
    - If you think this is possible, answer True,
    - Otherwise answer False

5. **Chain-of-Thought Reasoning:**  
   Optionally, include a brief chain-of-thought explanation (no more than 150 words) for your evaluations in a field called `""chain_of_thought""`.

**Output Requirement:**  
Return a JSON object strictly adhering to the provided structure, without any extra commentary outside of the JSON fields.

**Expected JSON Structure:**
{
  ""task_id"": ""1255"",
  ""occupation"": ""Credit Analysts"",
  ""task_description"": ""Generate financial ratios, using computer programs, to evaluate customers' financial status."",
  ""can_be_performed_remotely"": true/false,
   ""feasibility_practical"": true/false,




  ""materials"": {
    ""Text"": ""Not Required/Required/NA"",
    ""Data"": ""Not Required/Required/NA"",
    ""Images"": ""Not Required/Required/NA"",
    ""Audio files"": ""Not Required/Required/NA"",
    ""Video files"": ""Not Required/Required/NA"",
    ""Virtual labs"": ""Not Required/Required/NA"",
    ""Speicalized files"":""Not Required/Required/NA"",
  },

   ""tools"": {
   ""Spreadsheet software"": ""Not Required/Required/NA"",
   ""Code execution environment"": ""Not Required/Required/NA"",
   ""Image viewer"": ""Not Required/Required/NA"",
   ""Image generator"": ""Not Required/Required/NA"",
   ""Text editor"": ""Not Required/Required/NA"",
   ""Presentation software"": ""Not Required/Required/NA"",
   ""Online search engine"": ""Not Required/Required/NA"",
   ""Video conferencing"": ""Not Required/Required/NA"",
   ""Chat interfaces"": ""Not Required/Required/NA"",
   ""Email client"": ""Not Required/Required/NA"",
   ""Internet access"": ""Not Required/Required/NA"",
   ""Specialized software:""""Not Required/Required/NA"",
  },
  ""chain_of_thought"": ""Brief explanation (no more than 150 words).""
}",1255.0,Credit Analysts,"Generate financial ratios, using computer programs, to evaluate customers' financial status.",True,True,"Generating financial ratios is inherently a computer-based task that can be performed remotely. A practical exam would provide financial data (balance sheets, income statements) and require candidates to calculate specific ratios (liquidity, profitability, leverage) using spreadsheet software or programming environments. This can be objectively scored by comparing calculated ratios to correct values. The exam would test the practical skills of ratio calculation, interpretation, and financial analysis without requiring physical presence.",Required,Required,Not Required,Not Required,Not Required,Not Required,Not Required,Required,Required,Not Required,Not Required,Not Required,Not Required,Not Required,Not Required,Not Required,Not Required,Not Required,Not Required,,"['Spreadsheet software', 'Code execution environment']","['Text', 'Data']",False,13-2041.00,1255,Bachelor's Degree
539.0,"Task ID: 1256

Your assignment is to determine if (1) the task can be performed remotely, (2) it is possible to design a meaningful, **practical** exam for this task and (3) whether such an exam can be evaluated using fact-based scoring. Further, you should identify the required tools and materials that exam takers need to use.

**Definitions:**
- **Remote feasibility**: A task can be performed remotely if it doesn't require a person to be at a specific place or interact with humans face-to-face.

- **Tools:** Software or applications (e.g. coding & development tools, text editor, presentation software, image generator), that are **absolutely** critical for an exam taker to complete any practically relevant and meaningful exam for this task. 

- **Materials:** Digital content (e.g., data files, text, images, audio files) that form part of the test content.

- **Fact based scoring:** Whether the exam can be evaluated using a predefined answer key (objective scoring) or requires subjective assessment, such as evaluating the quality of written responses or creative work.

- **Practical exam:** A practical exam is a an exam actually testing whether the described task can be performed successfully. An exam testing the knowledge about the task is NOT a practical exam.

- **Virtual lab:** A virtual lab is an interactive digital environment that simulates real-world settings, allowing users to perform tasks, collaborate with others, and test scenarios remotely.

- **Images:** Such as product images, photographs, maps, graphs and plots, etc.

- **Specialized software:** Specialized software refers to computer programs designed for specific industry tasks or technical functions, such as Simulink for system modeling, CAD for 3D design or SAP for enterprise resource planning. This category should be used if there is no way to solve the exam using combinations of the other tools and software listed under tools, but some more specialized software is required.

- **Specialized files:** Specialized files refers to files that cannot be parsed into text, data, images, audio or video but are also not part of a virtual lab. This category should be used if there is no way to provide the necessary exam materials using a combination of the other materials listed.

**Instructions:**
1. **Remote Feasibility:**  
   Evaluate whether Review individual or commercial customer files to identify and select delinquent accounts for collection. can be performed online/remotely or if it requires in-person presence.
   - **If in-person required:** Output `""can_be_performed_remotely"": false` and set all other fields (tools and materials) to `""NA""`.
   - **If remote:** Output `""can_be_performed_remotely"": true` and continue with the evaluation.

2. **Materials Required:**  
   For each material type, determine if it is necessary to provide materials of this type as part of an exam to evaluate Credit Analysts's ability to perform the task (Review individual or commercial customer files to identify and select delinquent accounts for collection.). 
   Options are: ""Required""or ""Not required"" 
   The materials include:
   - ""Text""
   - ""Data""
   - ""Images""
   - ""Audio files""
   - ""Video files""
   - ""Virtual labs""
   - ""Specialized files""


3. **Tools Required:**  
   For each tool, assess whether it is needed to complete an exam that evaluates whether an individual can do Review individual or commercial customer files to identify and select delinquent accounts for collection..
  Options are: ""Required"" or ""Not Required"". 
  The tools include:
   - ""Spreadsheet software""
   - ""Code execution environment""
   - ""Text editor""
   - ""Image viewer""
   - ""Image generator""
   - ""Presentation software""
   - ""Online search engine""
   - ""Video conferencing""
   - ""Chat interfaces""
   - ""Email client""
   - ""Internet access""
   - ""Specialized software""


4. **Feasibility of a practical exam:**
    Evaluate whether the task can meaningfully be tested in a practical, remote exam.
    - If you think this is possible, answer True,
    - Otherwise answer False

5. **Chain-of-Thought Reasoning:**  
   Optionally, include a brief chain-of-thought explanation (no more than 150 words) for your evaluations in a field called `""chain_of_thought""`.

**Output Requirement:**  
Return a JSON object strictly adhering to the provided structure, without any extra commentary outside of the JSON fields.

**Expected JSON Structure:**
{
  ""task_id"": ""1256"",
  ""occupation"": ""Credit Analysts"",
  ""task_description"": ""Review individual or commercial customer files to identify and select delinquent accounts for collection."",
  ""can_be_performed_remotely"": true/false,
   ""feasibility_practical"": true/false,




  ""materials"": {
    ""Text"": ""Not Required/Required/NA"",
    ""Data"": ""Not Required/Required/NA"",
    ""Images"": ""Not Required/Required/NA"",
    ""Audio files"": ""Not Required/Required/NA"",
    ""Video files"": ""Not Required/Required/NA"",
    ""Virtual labs"": ""Not Required/Required/NA"",
    ""Speicalized files"":""Not Required/Required/NA"",
  },

   ""tools"": {
   ""Spreadsheet software"": ""Not Required/Required/NA"",
   ""Code execution environment"": ""Not Required/Required/NA"",
   ""Image viewer"": ""Not Required/Required/NA"",
   ""Image generator"": ""Not Required/Required/NA"",
   ""Text editor"": ""Not Required/Required/NA"",
   ""Presentation software"": ""Not Required/Required/NA"",
   ""Online search engine"": ""Not Required/Required/NA"",
   ""Video conferencing"": ""Not Required/Required/NA"",
   ""Chat interfaces"": ""Not Required/Required/NA"",
   ""Email client"": ""Not Required/Required/NA"",
   ""Internet access"": ""Not Required/Required/NA"",
   ""Specialized software:""""Not Required/Required/NA"",
  },
  ""chain_of_thought"": ""Brief explanation (no more than 150 words).""
}",1256.0,Credit Analysts,Review individual or commercial customer files to identify and select delinquent accounts for collection.,True,True,"Reviewing delinquent accounts is primarily a data analysis task that can be performed remotely. A practical exam would involve providing sample customer files with payment histories, credit scores, and account details in text and data formats. Candidates would need spreadsheet software to analyze payment patterns and a text editor to document their collection recommendations. The exam can be objectively scored based on correctly identifying accounts meeting specific delinquency criteria and properly prioritizing collection efforts according to predefined rules.",Required,Required,Not Required,Not Required,Not Required,Not Required,Not Required,Required,Not Required,Not Required,Not Required,Required,Not Required,Not Required,Not Required,Not Required,Not Required,Not Required,Not Required,,"['Spreadsheet software', 'Text editor']","['Text', 'Data']",False,13-2041.00,1256,Bachelor's Degree
541.0,"Task ID: 7302

Your assignment is to determine if (1) the task can be performed remotely, (2) it is possible to design a meaningful, **practical** exam for this task and (3) whether such an exam can be evaluated using fact-based scoring. Further, you should identify the required tools and materials that exam takers need to use.

**Definitions:**
- **Remote feasibility**: A task can be performed remotely if it doesn't require a person to be at a specific place or interact with humans face-to-face.

- **Tools:** Software or applications (e.g. coding & development tools, text editor, presentation software, image generator), that are **absolutely** critical for an exam taker to complete any practically relevant and meaningful exam for this task. 

- **Materials:** Digital content (e.g., data files, text, images, audio files) that form part of the test content.

- **Fact based scoring:** Whether the exam can be evaluated using a predefined answer key (objective scoring) or requires subjective assessment, such as evaluating the quality of written responses or creative work.

- **Practical exam:** A practical exam is a an exam actually testing whether the described task can be performed successfully. An exam testing the knowledge about the task is NOT a practical exam.

- **Virtual lab:** A virtual lab is an interactive digital environment that simulates real-world settings, allowing users to perform tasks, collaborate with others, and test scenarios remotely.

- **Images:** Such as product images, photographs, maps, graphs and plots, etc.

- **Specialized software:** Specialized software refers to computer programs designed for specific industry tasks or technical functions, such as Simulink for system modeling, CAD for 3D design or SAP for enterprise resource planning. This category should be used if there is no way to solve the exam using combinations of the other tools and software listed under tools, but some more specialized software is required.

- **Specialized files:** Specialized files refers to files that cannot be parsed into text, data, images, audio or video but are also not part of a virtual lab. This category should be used if there is no way to provide the necessary exam materials using a combination of the other materials listed.

**Instructions:**
1. **Remote Feasibility:**  
   Evaluate whether Draw charts and graphs, using computer spreadsheets, to illustrate technical reports. can be performed online/remotely or if it requires in-person presence.
   - **If in-person required:** Output `""can_be_performed_remotely"": false` and set all other fields (tools and materials) to `""NA""`.
   - **If remote:** Output `""can_be_performed_remotely"": true` and continue with the evaluation.

2. **Materials Required:**  
   For each material type, determine if it is necessary to provide materials of this type as part of an exam to evaluate Financial Analysts's ability to perform the task (Draw charts and graphs, using computer spreadsheets, to illustrate technical reports.). 
   Options are: ""Required""or ""Not required"" 
   The materials include:
   - ""Text""
   - ""Data""
   - ""Images""
   - ""Audio files""
   - ""Video files""
   - ""Virtual labs""
   - ""Specialized files""


3. **Tools Required:**  
   For each tool, assess whether it is needed to complete an exam that evaluates whether an individual can do Draw charts and graphs, using computer spreadsheets, to illustrate technical reports..
  Options are: ""Required"" or ""Not Required"". 
  The tools include:
   - ""Spreadsheet software""
   - ""Code execution environment""
   - ""Text editor""
   - ""Image viewer""
   - ""Image generator""
   - ""Presentation software""
   - ""Online search engine""
   - ""Video conferencing""
   - ""Chat interfaces""
   - ""Email client""
   - ""Internet access""
   - ""Specialized software""


4. **Feasibility of a practical exam:**
    Evaluate whether the task can meaningfully be tested in a practical, remote exam.
    - If you think this is possible, answer True,
    - Otherwise answer False

5. **Chain-of-Thought Reasoning:**  
   Optionally, include a brief chain-of-thought explanation (no more than 150 words) for your evaluations in a field called `""chain_of_thought""`.

**Output Requirement:**  
Return a JSON object strictly adhering to the provided structure, without any extra commentary outside of the JSON fields.

**Expected JSON Structure:**
{
  ""task_id"": ""7302"",
  ""occupation"": ""Financial Analysts"",
  ""task_description"": ""Draw charts and graphs, using computer spreadsheets, to illustrate technical reports."",
  ""can_be_performed_remotely"": true/false,
   ""feasibility_practical"": true/false,




  ""materials"": {
    ""Text"": ""Not Required/Required/NA"",
    ""Data"": ""Not Required/Required/NA"",
    ""Images"": ""Not Required/Required/NA"",
    ""Audio files"": ""Not Required/Required/NA"",
    ""Video files"": ""Not Required/Required/NA"",
    ""Virtual labs"": ""Not Required/Required/NA"",
    ""Speicalized files"":""Not Required/Required/NA"",
  },

   ""tools"": {
   ""Spreadsheet software"": ""Not Required/Required/NA"",
   ""Code execution environment"": ""Not Required/Required/NA"",
   ""Image viewer"": ""Not Required/Required/NA"",
   ""Image generator"": ""Not Required/Required/NA"",
   ""Text editor"": ""Not Required/Required/NA"",
   ""Presentation software"": ""Not Required/Required/NA"",
   ""Online search engine"": ""Not Required/Required/NA"",
   ""Video conferencing"": ""Not Required/Required/NA"",
   ""Chat interfaces"": ""Not Required/Required/NA"",
   ""Email client"": ""Not Required/Required/NA"",
   ""Internet access"": ""Not Required/Required/NA"",
   ""Specialized software:""""Not Required/Required/NA"",
  },
  ""chain_of_thought"": ""Brief explanation (no more than 150 words).""
}",7302.0,Financial Analysts,"Draw charts and graphs, using computer spreadsheets, to illustrate technical reports.",True,True,"Creating charts and graphs in spreadsheets can be performed remotely as it only requires digital tools. A practical exam would provide financial data and ask candidates to create specific charts (line, bar, pie charts, etc.) to illustrate financial trends or findings. This can be objectively scored by evaluating if the correct chart type was used, if data was accurately represented, and if formatting meets professional standards. Spreadsheet software is essential, while text and data are required materials to provide context and the information to be visualized.",Required,Required,Not Required,Not Required,Not Required,Not Required,Not Required,Required,Not Required,Not Required,Not Required,Not Required,Not Required,Not Required,Not Required,Not Required,Not Required,Not Required,Not Required,,['Spreadsheet software'],"['Text', 'Data']",False,13-2051.00,7302,Bachelor's Degree
562.0,"Task ID: 12917

Your assignment is to determine if (1) the task can be performed remotely, (2) it is possible to design a meaningful, **practical** exam for this task and (3) whether such an exam can be evaluated using fact-based scoring. Further, you should identify the required tools and materials that exam takers need to use.

**Definitions:**
- **Remote feasibility**: A task can be performed remotely if it doesn't require a person to be at a specific place or interact with humans face-to-face.

- **Tools:** Software or applications (e.g. coding & development tools, text editor, presentation software, image generator), that are **absolutely** critical for an exam taker to complete any practically relevant and meaningful exam for this task. 

- **Materials:** Digital content (e.g., data files, text, images, audio files) that form part of the test content.

- **Fact based scoring:** Whether the exam can be evaluated using a predefined answer key (objective scoring) or requires subjective assessment, such as evaluating the quality of written responses or creative work.

- **Practical exam:** A practical exam is a an exam actually testing whether the described task can be performed successfully. An exam testing the knowledge about the task is NOT a practical exam.

- **Virtual lab:** A virtual lab is an interactive digital environment that simulates real-world settings, allowing users to perform tasks, collaborate with others, and test scenarios remotely.

- **Images:** Such as product images, photographs, maps, graphs and plots, etc.

- **Specialized software:** Specialized software refers to computer programs designed for specific industry tasks or technical functions, such as Simulink for system modeling, CAD for 3D design or SAP for enterprise resource planning. This category should be used if there is no way to solve the exam using combinations of the other tools and software listed under tools, but some more specialized software is required.

- **Specialized files:** Specialized files refers to files that cannot be parsed into text, data, images, audio or video but are also not part of a virtual lab. This category should be used if there is no way to provide the necessary exam materials using a combination of the other materials listed.

**Instructions:**
1. **Remote Feasibility:**  
   Evaluate whether Devise debt liquidation plans that include payoff priorities and timelines. can be performed online/remotely or if it requires in-person presence.
   - **If in-person required:** Output `""can_be_performed_remotely"": false` and set all other fields (tools and materials) to `""NA""`.
   - **If remote:** Output `""can_be_performed_remotely"": true` and continue with the evaluation.

2. **Materials Required:**  
   For each material type, determine if it is necessary to provide materials of this type as part of an exam to evaluate Personal Financial Advisors's ability to perform the task (Devise debt liquidation plans that include payoff priorities and timelines.). 
   Options are: ""Required""or ""Not required"" 
   The materials include:
   - ""Text""
   - ""Data""
   - ""Images""
   - ""Audio files""
   - ""Video files""
   - ""Virtual labs""
   - ""Specialized files""


3. **Tools Required:**  
   For each tool, assess whether it is needed to complete an exam that evaluates whether an individual can do Devise debt liquidation plans that include payoff priorities and timelines..
  Options are: ""Required"" or ""Not Required"". 
  The tools include:
   - ""Spreadsheet software""
   - ""Code execution environment""
   - ""Text editor""
   - ""Image viewer""
   - ""Image generator""
   - ""Presentation software""
   - ""Online search engine""
   - ""Video conferencing""
   - ""Chat interfaces""
   - ""Email client""
   - ""Internet access""
   - ""Specialized software""


4. **Feasibility of a practical exam:**
    Evaluate whether the task can meaningfully be tested in a practical, remote exam.
    - If you think this is possible, answer True,
    - Otherwise answer False

5. **Chain-of-Thought Reasoning:**  
   Optionally, include a brief chain-of-thought explanation (no more than 150 words) for your evaluations in a field called `""chain_of_thought""`.

**Output Requirement:**  
Return a JSON object strictly adhering to the provided structure, without any extra commentary outside of the JSON fields.

**Expected JSON Structure:**
{
  ""task_id"": ""12917"",
  ""occupation"": ""Personal Financial Advisors"",
  ""task_description"": ""Devise debt liquidation plans that include payoff priorities and timelines."",
  ""can_be_performed_remotely"": true/false,
   ""feasibility_practical"": true/false,




  ""materials"": {
    ""Text"": ""Not Required/Required/NA"",
    ""Data"": ""Not Required/Required/NA"",
    ""Images"": ""Not Required/Required/NA"",
    ""Audio files"": ""Not Required/Required/NA"",
    ""Video files"": ""Not Required/Required/NA"",
    ""Virtual labs"": ""Not Required/Required/NA"",
    ""Speicalized files"":""Not Required/Required/NA"",
  },

   ""tools"": {
   ""Spreadsheet software"": ""Not Required/Required/NA"",
   ""Code execution environment"": ""Not Required/Required/NA"",
   ""Image viewer"": ""Not Required/Required/NA"",
   ""Image generator"": ""Not Required/Required/NA"",
   ""Text editor"": ""Not Required/Required/NA"",
   ""Presentation software"": ""Not Required/Required/NA"",
   ""Online search engine"": ""Not Required/Required/NA"",
   ""Video conferencing"": ""Not Required/Required/NA"",
   ""Chat interfaces"": ""Not Required/Required/NA"",
   ""Email client"": ""Not Required/Required/NA"",
   ""Internet access"": ""Not Required/Required/NA"",
   ""Specialized software:""""Not Required/Required/NA"",
  },
  ""chain_of_thought"": ""Brief explanation (no more than 150 words).""
}",12917.0,Personal Financial Advisors,Devise debt liquidation plans that include payoff priorities and timelines.,True,True,"Creating debt liquidation plans is an analytical task that can be performed remotely. A practical exam would provide case studies with client financial data (debts, income, expenses) and require candidates to create prioritized debt payoff plans with timelines. Spreadsheet software is essential for calculations (interest rates, payment schedules), while a text editor allows for explaining rationales. The exam can be objectively scored based on mathematical accuracy, optimal prioritization strategies, and realistic timelines.",Required,Required,Not Required,Not Required,Not Required,Not Required,Not Required,Required,Not Required,Not Required,Not Required,Required,Not Required,Not Required,Not Required,Not Required,Not Required,Not Required,Not Required,,"['Spreadsheet software', 'Text editor']","['Text', 'Data']",False,13-2052.00,12917,Bachelor's Degree
563.0,"Task ID: 1264

Your assignment is to determine if (1) the task can be performed remotely, (2) it is possible to design a meaningful, **practical** exam for this task and (3) whether such an exam can be evaluated using fact-based scoring. Further, you should identify the required tools and materials that exam takers need to use.

**Definitions:**
- **Remote feasibility**: A task can be performed remotely if it doesn't require a person to be at a specific place or interact with humans face-to-face.

- **Tools:** Software or applications (e.g. coding & development tools, text editor, presentation software, image generator), that are **absolutely** critical for an exam taker to complete any practically relevant and meaningful exam for this task. 

- **Materials:** Digital content (e.g., data files, text, images, audio files) that form part of the test content.

- **Fact based scoring:** Whether the exam can be evaluated using a predefined answer key (objective scoring) or requires subjective assessment, such as evaluating the quality of written responses or creative work.

- **Practical exam:** A practical exam is a an exam actually testing whether the described task can be performed successfully. An exam testing the knowledge about the task is NOT a practical exam.

- **Virtual lab:** A virtual lab is an interactive digital environment that simulates real-world settings, allowing users to perform tasks, collaborate with others, and test scenarios remotely.

- **Images:** Such as product images, photographs, maps, graphs and plots, etc.

- **Specialized software:** Specialized software refers to computer programs designed for specific industry tasks or technical functions, such as Simulink for system modeling, CAD for 3D design or SAP for enterprise resource planning. This category should be used if there is no way to solve the exam using combinations of the other tools and software listed under tools, but some more specialized software is required.

- **Specialized files:** Specialized files refers to files that cannot be parsed into text, data, images, audio or video but are also not part of a virtual lab. This category should be used if there is no way to provide the necessary exam materials using a combination of the other materials listed.

**Instructions:**
1. **Remote Feasibility:**  
   Evaluate whether Decrease value of policy when risk is substandard and specify applicable endorsements or apply rating to ensure safe profitable distribution of risks, using reference materials. can be performed online/remotely or if it requires in-person presence.
   - **If in-person required:** Output `""can_be_performed_remotely"": false` and set all other fields (tools and materials) to `""NA""`.
   - **If remote:** Output `""can_be_performed_remotely"": true` and continue with the evaluation.

2. **Materials Required:**  
   For each material type, determine if it is necessary to provide materials of this type as part of an exam to evaluate Insurance Underwriters's ability to perform the task (Decrease value of policy when risk is substandard and specify applicable endorsements or apply rating to ensure safe profitable distribution of risks, using reference materials.). 
   Options are: ""Required""or ""Not required"" 
   The materials include:
   - ""Text""
   - ""Data""
   - ""Images""
   - ""Audio files""
   - ""Video files""
   - ""Virtual labs""
   - ""Specialized files""


3. **Tools Required:**  
   For each tool, assess whether it is needed to complete an exam that evaluates whether an individual can do Decrease value of policy when risk is substandard and specify applicable endorsements or apply rating to ensure safe profitable distribution of risks, using reference materials..
  Options are: ""Required"" or ""Not Required"". 
  The tools include:
   - ""Spreadsheet software""
   - ""Code execution environment""
   - ""Text editor""
   - ""Image viewer""
   - ""Image generator""
   - ""Presentation software""
   - ""Online search engine""
   - ""Video conferencing""
   - ""Chat interfaces""
   - ""Email client""
   - ""Internet access""
   - ""Specialized software""


4. **Feasibility of a practical exam:**
    Evaluate whether the task can meaningfully be tested in a practical, remote exam.
    - If you think this is possible, answer True,
    - Otherwise answer False

5. **Chain-of-Thought Reasoning:**  
   Optionally, include a brief chain-of-thought explanation (no more than 150 words) for your evaluations in a field called `""chain_of_thought""`.

**Output Requirement:**  
Return a JSON object strictly adhering to the provided structure, without any extra commentary outside of the JSON fields.

**Expected JSON Structure:**
{
  ""task_id"": ""1264"",
  ""occupation"": ""Insurance Underwriters"",
  ""task_description"": ""Decrease value of policy when risk is substandard and specify applicable endorsements or apply rating to ensure safe profitable distribution of risks, using reference materials."",
  ""can_be_performed_remotely"": true/false,
   ""feasibility_practical"": true/false,




  ""materials"": {
    ""Text"": ""Not Required/Required/NA"",
    ""Data"": ""Not Required/Required/NA"",
    ""Images"": ""Not Required/Required/NA"",
    ""Audio files"": ""Not Required/Required/NA"",
    ""Video files"": ""Not Required/Required/NA"",
    ""Virtual labs"": ""Not Required/Required/NA"",
    ""Speicalized files"":""Not Required/Required/NA"",
  },

   ""tools"": {
   ""Spreadsheet software"": ""Not Required/Required/NA"",
   ""Code execution environment"": ""Not Required/Required/NA"",
   ""Image viewer"": ""Not Required/Required/NA"",
   ""Image generator"": ""Not Required/Required/NA"",
   ""Text editor"": ""Not Required/Required/NA"",
   ""Presentation software"": ""Not Required/Required/NA"",
   ""Online search engine"": ""Not Required/Required/NA"",
   ""Video conferencing"": ""Not Required/Required/NA"",
   ""Chat interfaces"": ""Not Required/Required/NA"",
   ""Email client"": ""Not Required/Required/NA"",
   ""Internet access"": ""Not Required/Required/NA"",
   ""Specialized software:""""Not Required/Required/NA"",
  },
  ""chain_of_thought"": ""Brief explanation (no more than 150 words).""
}",1264.0,Insurance Underwriters,"Decrease value of policy when risk is substandard and specify applicable endorsements or apply rating to ensure safe profitable distribution of risks, using reference materials.",True,True,"Insurance underwriting can be performed remotely as it involves analyzing policy information, risk factors, and applying appropriate ratings or endorsements. A practical exam would include case scenarios with policy details and risk information (text), underwriting guidelines (text), and rating tables (data). Examinees would use spreadsheet software to calculate adjusted premiums and a text editor to document their decisions and endorsements. The exam can be objectively scored by comparing the candidate's premium calculations, endorsement selections, and risk assessments against predetermined correct answers based on standard underwriting practices.",Required,Required,Not Required,Not Required,Not Required,Not Required,Not Required,Required,Not Required,Not Required,Not Required,Required,Not Required,Not Required,Not Required,Not Required,Not Required,Not Required,Not Required,,"['Spreadsheet software', 'Text editor']","['Text', 'Data']",False,13-2053.00,1264,Bachelor's Degree
564.0,"Task ID: 1261

Your assignment is to determine if (1) the task can be performed remotely, (2) it is possible to design a meaningful, **practical** exam for this task and (3) whether such an exam can be evaluated using fact-based scoring. Further, you should identify the required tools and materials that exam takers need to use.

**Definitions:**
- **Remote feasibility**: A task can be performed remotely if it doesn't require a person to be at a specific place or interact with humans face-to-face.

- **Tools:** Software or applications (e.g. coding & development tools, text editor, presentation software, image generator), that are **absolutely** critical for an exam taker to complete any practically relevant and meaningful exam for this task. 

- **Materials:** Digital content (e.g., data files, text, images, audio files) that form part of the test content.

- **Fact based scoring:** Whether the exam can be evaluated using a predefined answer key (objective scoring) or requires subjective assessment, such as evaluating the quality of written responses or creative work.

- **Practical exam:** A practical exam is a an exam actually testing whether the described task can be performed successfully. An exam testing the knowledge about the task is NOT a practical exam.

- **Virtual lab:** A virtual lab is an interactive digital environment that simulates real-world settings, allowing users to perform tasks, collaborate with others, and test scenarios remotely.

- **Images:** Such as product images, photographs, maps, graphs and plots, etc.

- **Specialized software:** Specialized software refers to computer programs designed for specific industry tasks or technical functions, such as Simulink for system modeling, CAD for 3D design or SAP for enterprise resource planning. This category should be used if there is no way to solve the exam using combinations of the other tools and software listed under tools, but some more specialized software is required.

- **Specialized files:** Specialized files refers to files that cannot be parsed into text, data, images, audio or video but are also not part of a virtual lab. This category should be used if there is no way to provide the necessary exam materials using a combination of the other materials listed.

**Instructions:**
1. **Remote Feasibility:**  
   Evaluate whether Decline excessive risks. can be performed online/remotely or if it requires in-person presence.
   - **If in-person required:** Output `""can_be_performed_remotely"": false` and set all other fields (tools and materials) to `""NA""`.
   - **If remote:** Output `""can_be_performed_remotely"": true` and continue with the evaluation.

2. **Materials Required:**  
   For each material type, determine if it is necessary to provide materials of this type as part of an exam to evaluate Insurance Underwriters's ability to perform the task (Decline excessive risks.). 
   Options are: ""Required""or ""Not required"" 
   The materials include:
   - ""Text""
   - ""Data""
   - ""Images""
   - ""Audio files""
   - ""Video files""
   - ""Virtual labs""
   - ""Specialized files""


3. **Tools Required:**  
   For each tool, assess whether it is needed to complete an exam that evaluates whether an individual can do Decline excessive risks..
  Options are: ""Required"" or ""Not Required"". 
  The tools include:
   - ""Spreadsheet software""
   - ""Code execution environment""
   - ""Text editor""
   - ""Image viewer""
   - ""Image generator""
   - ""Presentation software""
   - ""Online search engine""
   - ""Video conferencing""
   - ""Chat interfaces""
   - ""Email client""
   - ""Internet access""
   - ""Specialized software""


4. **Feasibility of a practical exam:**
    Evaluate whether the task can meaningfully be tested in a practical, remote exam.
    - If you think this is possible, answer True,
    - Otherwise answer False

5. **Chain-of-Thought Reasoning:**  
   Optionally, include a brief chain-of-thought explanation (no more than 150 words) for your evaluations in a field called `""chain_of_thought""`.

**Output Requirement:**  
Return a JSON object strictly adhering to the provided structure, without any extra commentary outside of the JSON fields.

**Expected JSON Structure:**
{
  ""task_id"": ""1261"",
  ""occupation"": ""Insurance Underwriters"",
  ""task_description"": ""Decline excessive risks."",
  ""can_be_performed_remotely"": true/false,
   ""feasibility_practical"": true/false,




  ""materials"": {
    ""Text"": ""Not Required/Required/NA"",
    ""Data"": ""Not Required/Required/NA"",
    ""Images"": ""Not Required/Required/NA"",
    ""Audio files"": ""Not Required/Required/NA"",
    ""Video files"": ""Not Required/Required/NA"",
    ""Virtual labs"": ""Not Required/Required/NA"",
    ""Speicalized files"":""Not Required/Required/NA"",
  },

   ""tools"": {
   ""Spreadsheet software"": ""Not Required/Required/NA"",
   ""Code execution environment"": ""Not Required/Required/NA"",
   ""Image viewer"": ""Not Required/Required/NA"",
   ""Image generator"": ""Not Required/Required/NA"",
   ""Text editor"": ""Not Required/Required/NA"",
   ""Presentation software"": ""Not Required/Required/NA"",
   ""Online search engine"": ""Not Required/Required/NA"",
   ""Video conferencing"": ""Not Required/Required/NA"",
   ""Chat interfaces"": ""Not Required/Required/NA"",
   ""Email client"": ""Not Required/Required/NA"",
   ""Internet access"": ""Not Required/Required/NA"",
   ""Specialized software:""""Not Required/Required/NA"",
  },
  ""chain_of_thought"": ""Brief explanation (no more than 150 words).""
}",1261.0,Insurance Underwriters,Decline excessive risks.,True,True,"Insurance underwriters can decline excessive risks remotely by evaluating policy applications and risk data. A practical exam would involve presenting candidates with case studies containing applicant information, risk factors, and relevant policy guidelines. Candidates would need to analyze this data using spreadsheet software to calculate risk scores and use a text editor to document their decision-making process and justification for declining high-risk applications. This can be objectively scored by comparing decisions against predetermined risk thresholds and industry standards.",Required,Required,Not Required,Not Required,Not Required,Not Required,Not Required,Required,Not Required,Not Required,Not Required,Required,Not Required,Not Required,Not Required,Not Required,Not Required,Not Required,Not Required,,"['Spreadsheet software', 'Text editor']","['Text', 'Data']",False,13-2053.00,1261,Bachelor's Degree
579.0,"Task ID: 7315

Your assignment is to determine if (1) the task can be performed remotely, (2) it is possible to design a meaningful, **practical** exam for this task and (3) whether such an exam can be evaluated using fact-based scoring. Further, you should identify the required tools and materials that exam takers need to use.

**Definitions:**
- **Remote feasibility**: A task can be performed remotely if it doesn't require a person to be at a specific place or interact with humans face-to-face.

- **Tools:** Software or applications (e.g. coding & development tools, text editor, presentation software, image generator), that are **absolutely** critical for an exam taker to complete any practically relevant and meaningful exam for this task. 

- **Materials:** Digital content (e.g., data files, text, images, audio files) that form part of the test content.

- **Fact based scoring:** Whether the exam can be evaluated using a predefined answer key (objective scoring) or requires subjective assessment, such as evaluating the quality of written responses or creative work.

- **Practical exam:** A practical exam is a an exam actually testing whether the described task can be performed successfully. An exam testing the knowledge about the task is NOT a practical exam.

- **Virtual lab:** A virtual lab is an interactive digital environment that simulates real-world settings, allowing users to perform tasks, collaborate with others, and test scenarios remotely.

- **Images:** Such as product images, photographs, maps, graphs and plots, etc.

- **Specialized software:** Specialized software refers to computer programs designed for specific industry tasks or technical functions, such as Simulink for system modeling, CAD for 3D design or SAP for enterprise resource planning. This category should be used if there is no way to solve the exam using combinations of the other tools and software listed under tools, but some more specialized software is required.

- **Specialized files:** Specialized files refers to files that cannot be parsed into text, data, images, audio or video but are also not part of a virtual lab. This category should be used if there is no way to provide the necessary exam materials using a combination of the other materials listed.

**Instructions:**
1. **Remote Feasibility:**  
   Evaluate whether Review and analyze new, proposed, or revised laws, regulations, policies, and procedures to interpret their meaning and determine their impact. can be performed online/remotely or if it requires in-person presence.
   - **If in-person required:** Output `""can_be_performed_remotely"": false` and set all other fields (tools and materials) to `""NA""`.
   - **If remote:** Output `""can_be_performed_remotely"": true` and continue with the evaluation.

2. **Materials Required:**  
   For each material type, determine if it is necessary to provide materials of this type as part of an exam to evaluate Financial Examiners's ability to perform the task (Review and analyze new, proposed, or revised laws, regulations, policies, and procedures to interpret their meaning and determine their impact.). 
   Options are: ""Required""or ""Not required"" 
   The materials include:
   - ""Text""
   - ""Data""
   - ""Images""
   - ""Audio files""
   - ""Video files""
   - ""Virtual labs""
   - ""Specialized files""


3. **Tools Required:**  
   For each tool, assess whether it is needed to complete an exam that evaluates whether an individual can do Review and analyze new, proposed, or revised laws, regulations, policies, and procedures to interpret their meaning and determine their impact..
  Options are: ""Required"" or ""Not Required"". 
  The tools include:
   - ""Spreadsheet software""
   - ""Code execution environment""
   - ""Text editor""
   - ""Image viewer""
   - ""Image generator""
   - ""Presentation software""
   - ""Online search engine""
   - ""Video conferencing""
   - ""Chat interfaces""
   - ""Email client""
   - ""Internet access""
   - ""Specialized software""


4. **Feasibility of a practical exam:**
    Evaluate whether the task can meaningfully be tested in a practical, remote exam.
    - If you think this is possible, answer True,
    - Otherwise answer False

5. **Chain-of-Thought Reasoning:**  
   Optionally, include a brief chain-of-thought explanation (no more than 150 words) for your evaluations in a field called `""chain_of_thought""`.

**Output Requirement:**  
Return a JSON object strictly adhering to the provided structure, without any extra commentary outside of the JSON fields.

**Expected JSON Structure:**
{
  ""task_id"": ""7315"",
  ""occupation"": ""Financial Examiners"",
  ""task_description"": ""Review and analyze new, proposed, or revised laws, regulations, policies, and procedures to interpret their meaning and determine their impact."",
  ""can_be_performed_remotely"": true/false,
   ""feasibility_practical"": true/false,




  ""materials"": {
    ""Text"": ""Not Required/Required/NA"",
    ""Data"": ""Not Required/Required/NA"",
    ""Images"": ""Not Required/Required/NA"",
    ""Audio files"": ""Not Required/Required/NA"",
    ""Video files"": ""Not Required/Required/NA"",
    ""Virtual labs"": ""Not Required/Required/NA"",
    ""Speicalized files"":""Not Required/Required/NA"",
  },

   ""tools"": {
   ""Spreadsheet software"": ""Not Required/Required/NA"",
   ""Code execution environment"": ""Not Required/Required/NA"",
   ""Image viewer"": ""Not Required/Required/NA"",
   ""Image generator"": ""Not Required/Required/NA"",
   ""Text editor"": ""Not Required/Required/NA"",
   ""Presentation software"": ""Not Required/Required/NA"",
   ""Online search engine"": ""Not Required/Required/NA"",
   ""Video conferencing"": ""Not Required/Required/NA"",
   ""Chat interfaces"": ""Not Required/Required/NA"",
   ""Email client"": ""Not Required/Required/NA"",
   ""Internet access"": ""Not Required/Required/NA"",
   ""Specialized software:""""Not Required/Required/NA"",
  },
  ""chain_of_thought"": ""Brief explanation (no more than 150 words).""
}",7315.0,Financial Examiners,"Review and analyze new, proposed, or revised laws, regulations, policies, and procedures to interpret their meaning and determine their impact.",True,True,"Financial Examiners can review and analyze regulations remotely as this is primarily a document-based analytical task. A practical exam could present candidates with sample regulatory documents, financial data, and specific scenarios requiring them to identify key provisions, interpret requirements, and determine potential impacts on financial institutions. This can be evaluated objectively by comparing their analysis against expert-determined key points, compliance requirements, and impact assessments. Text documents (regulations) and financial data are essential materials, while text editors and spreadsheet software are required for analysis and documentation of findings.",Required,Required,Not Required,Not Required,Not Required,Not Required,Not Required,Required,Not Required,Not Required,Not Required,Required,Not Required,Not Required,Not Required,Not Required,Not Required,Not Required,Not Required,,"['Spreadsheet software', 'Text editor']","['Text', 'Data']",False,13-2061.00,7315,Bachelor's Degree
580.0,"Task ID: 7318

Your assignment is to determine if (1) the task can be performed remotely, (2) it is possible to design a meaningful, **practical** exam for this task and (3) whether such an exam can be evaluated using fact-based scoring. Further, you should identify the required tools and materials that exam takers need to use.

**Definitions:**
- **Remote feasibility**: A task can be performed remotely if it doesn't require a person to be at a specific place or interact with humans face-to-face.

- **Tools:** Software or applications (e.g. coding & development tools, text editor, presentation software, image generator), that are **absolutely** critical for an exam taker to complete any practically relevant and meaningful exam for this task. 

- **Materials:** Digital content (e.g., data files, text, images, audio files) that form part of the test content.

- **Fact based scoring:** Whether the exam can be evaluated using a predefined answer key (objective scoring) or requires subjective assessment, such as evaluating the quality of written responses or creative work.

- **Practical exam:** A practical exam is a an exam actually testing whether the described task can be performed successfully. An exam testing the knowledge about the task is NOT a practical exam.

- **Virtual lab:** A virtual lab is an interactive digital environment that simulates real-world settings, allowing users to perform tasks, collaborate with others, and test scenarios remotely.

- **Images:** Such as product images, photographs, maps, graphs and plots, etc.

- **Specialized software:** Specialized software refers to computer programs designed for specific industry tasks or technical functions, such as Simulink for system modeling, CAD for 3D design or SAP for enterprise resource planning. This category should be used if there is no way to solve the exam using combinations of the other tools and software listed under tools, but some more specialized software is required.

- **Specialized files:** Specialized files refers to files that cannot be parsed into text, data, images, audio or video but are also not part of a virtual lab. This category should be used if there is no way to provide the necessary exam materials using a combination of the other materials listed.

**Instructions:**
1. **Remote Feasibility:**  
   Evaluate whether Examine the minutes of meetings of directors, stockholders and committees to investigate the specific authority extended at various levels of management. can be performed online/remotely or if it requires in-person presence.
   - **If in-person required:** Output `""can_be_performed_remotely"": false` and set all other fields (tools and materials) to `""NA""`.
   - **If remote:** Output `""can_be_performed_remotely"": true` and continue with the evaluation.

2. **Materials Required:**  
   For each material type, determine if it is necessary to provide materials of this type as part of an exam to evaluate Financial Examiners's ability to perform the task (Examine the minutes of meetings of directors, stockholders and committees to investigate the specific authority extended at various levels of management.). 
   Options are: ""Required""or ""Not required"" 
   The materials include:
   - ""Text""
   - ""Data""
   - ""Images""
   - ""Audio files""
   - ""Video files""
   - ""Virtual labs""
   - ""Specialized files""


3. **Tools Required:**  
   For each tool, assess whether it is needed to complete an exam that evaluates whether an individual can do Examine the minutes of meetings of directors, stockholders and committees to investigate the specific authority extended at various levels of management..
  Options are: ""Required"" or ""Not Required"". 
  The tools include:
   - ""Spreadsheet software""
   - ""Code execution environment""
   - ""Text editor""
   - ""Image viewer""
   - ""Image generator""
   - ""Presentation software""
   - ""Online search engine""
   - ""Video conferencing""
   - ""Chat interfaces""
   - ""Email client""
   - ""Internet access""
   - ""Specialized software""


4. **Feasibility of a practical exam:**
    Evaluate whether the task can meaningfully be tested in a practical, remote exam.
    - If you think this is possible, answer True,
    - Otherwise answer False

5. **Chain-of-Thought Reasoning:**  
   Optionally, include a brief chain-of-thought explanation (no more than 150 words) for your evaluations in a field called `""chain_of_thought""`.

**Output Requirement:**  
Return a JSON object strictly adhering to the provided structure, without any extra commentary outside of the JSON fields.

**Expected JSON Structure:**
{
  ""task_id"": ""7318"",
  ""occupation"": ""Financial Examiners"",
  ""task_description"": ""Examine the minutes of meetings of directors, stockholders and committees to investigate the specific authority extended at various levels of management."",
  ""can_be_performed_remotely"": true/false,
   ""feasibility_practical"": true/false,




  ""materials"": {
    ""Text"": ""Not Required/Required/NA"",
    ""Data"": ""Not Required/Required/NA"",
    ""Images"": ""Not Required/Required/NA"",
    ""Audio files"": ""Not Required/Required/NA"",
    ""Video files"": ""Not Required/Required/NA"",
    ""Virtual labs"": ""Not Required/Required/NA"",
    ""Speicalized files"":""Not Required/Required/NA"",
  },

   ""tools"": {
   ""Spreadsheet software"": ""Not Required/Required/NA"",
   ""Code execution environment"": ""Not Required/Required/NA"",
   ""Image viewer"": ""Not Required/Required/NA"",
   ""Image generator"": ""Not Required/Required/NA"",
   ""Text editor"": ""Not Required/Required/NA"",
   ""Presentation software"": ""Not Required/Required/NA"",
   ""Online search engine"": ""Not Required/Required/NA"",
   ""Video conferencing"": ""Not Required/Required/NA"",
   ""Chat interfaces"": ""Not Required/Required/NA"",
   ""Email client"": ""Not Required/Required/NA"",
   ""Internet access"": ""Not Required/Required/NA"",
   ""Specialized software:""""Not Required/Required/NA"",
  },
  ""chain_of_thought"": ""Brief explanation (no more than 150 words).""
}",7318.0,Financial Examiners,"Examine the minutes of meetings of directors, stockholders and committees to investigate the specific authority extended at various levels of management.",True,True,"Examining meeting minutes to investigate authority levels is fundamentally a document review task that can be performed remotely. A practical exam would provide sample meeting minutes (text) and organizational data, requiring examinees to identify and analyze authority delegations. Examinees would need a text editor to document their findings and analysis. The exam can be objectively scored based on correctly identifying specific authorities, delegation chains, and compliance issues within the provided documents.",Required,Required,Not Required,Not Required,Not Required,Not Required,Not Required,Not Required,Not Required,Not Required,Not Required,Required,Not Required,Not Required,Not Required,Not Required,Not Required,Not Required,Not Required,,['Text editor'],"['Text', 'Data']",False,13-2061.00,7318,Bachelor's Degree
588.0,"Task ID: 18936

Your assignment is to determine if (1) the task can be performed remotely, (2) it is possible to design a meaningful, **practical** exam for this task and (3) whether such an exam can be evaluated using fact-based scoring. Further, you should identify the required tools and materials that exam takers need to use.

**Definitions:**
- **Remote feasibility**: A task can be performed remotely if it doesn't require a person to be at a specific place or interact with humans face-to-face.

- **Tools:** Software or applications (e.g. coding & development tools, text editor, presentation software, image generator), that are **absolutely** critical for an exam taker to complete any practically relevant and meaningful exam for this task. 

- **Materials:** Digital content (e.g., data files, text, images, audio files) that form part of the test content.

- **Fact based scoring:** Whether the exam can be evaluated using a predefined answer key (objective scoring) or requires subjective assessment, such as evaluating the quality of written responses or creative work.

- **Practical exam:** A practical exam is a an exam actually testing whether the described task can be performed successfully. An exam testing the knowledge about the task is NOT a practical exam.

- **Virtual lab:** A virtual lab is an interactive digital environment that simulates real-world settings, allowing users to perform tasks, collaborate with others, and test scenarios remotely.

- **Images:** Such as product images, photographs, maps, graphs and plots, etc.

- **Specialized software:** Specialized software refers to computer programs designed for specific industry tasks or technical functions, such as Simulink for system modeling, CAD for 3D design or SAP for enterprise resource planning. This category should be used if there is no way to solve the exam using combinations of the other tools and software listed under tools, but some more specialized software is required.

- **Specialized files:** Specialized files refers to files that cannot be parsed into text, data, images, audio or video but are also not part of a virtual lab. This category should be used if there is no way to provide the necessary exam materials using a combination of the other materials listed.

**Instructions:**
1. **Remote Feasibility:**  
   Evaluate whether Create debt management plans, spending plans, or budgets to assist clients to meet financial goals. can be performed online/remotely or if it requires in-person presence.
   - **If in-person required:** Output `""can_be_performed_remotely"": false` and set all other fields (tools and materials) to `""NA""`.
   - **If remote:** Output `""can_be_performed_remotely"": true` and continue with the evaluation.

2. **Materials Required:**  
   For each material type, determine if it is necessary to provide materials of this type as part of an exam to evaluate Credit Counselors's ability to perform the task (Create debt management plans, spending plans, or budgets to assist clients to meet financial goals.). 
   Options are: ""Required""or ""Not required"" 
   The materials include:
   - ""Text""
   - ""Data""
   - ""Images""
   - ""Audio files""
   - ""Video files""
   - ""Virtual labs""
   - ""Specialized files""


3. **Tools Required:**  
   For each tool, assess whether it is needed to complete an exam that evaluates whether an individual can do Create debt management plans, spending plans, or budgets to assist clients to meet financial goals..
  Options are: ""Required"" or ""Not Required"". 
  The tools include:
   - ""Spreadsheet software""
   - ""Code execution environment""
   - ""Text editor""
   - ""Image viewer""
   - ""Image generator""
   - ""Presentation software""
   - ""Online search engine""
   - ""Video conferencing""
   - ""Chat interfaces""
   - ""Email client""
   - ""Internet access""
   - ""Specialized software""


4. **Feasibility of a practical exam:**
    Evaluate whether the task can meaningfully be tested in a practical, remote exam.
    - If you think this is possible, answer True,
    - Otherwise answer False

5. **Chain-of-Thought Reasoning:**  
   Optionally, include a brief chain-of-thought explanation (no more than 150 words) for your evaluations in a field called `""chain_of_thought""`.

**Output Requirement:**  
Return a JSON object strictly adhering to the provided structure, without any extra commentary outside of the JSON fields.

**Expected JSON Structure:**
{
  ""task_id"": ""18936"",
  ""occupation"": ""Credit Counselors"",
  ""task_description"": ""Create debt management plans, spending plans, or budgets to assist clients to meet financial goals."",
  ""can_be_performed_remotely"": true/false,
   ""feasibility_practical"": true/false,




  ""materials"": {
    ""Text"": ""Not Required/Required/NA"",
    ""Data"": ""Not Required/Required/NA"",
    ""Images"": ""Not Required/Required/NA"",
    ""Audio files"": ""Not Required/Required/NA"",
    ""Video files"": ""Not Required/Required/NA"",
    ""Virtual labs"": ""Not Required/Required/NA"",
    ""Speicalized files"":""Not Required/Required/NA"",
  },

   ""tools"": {
   ""Spreadsheet software"": ""Not Required/Required/NA"",
   ""Code execution environment"": ""Not Required/Required/NA"",
   ""Image viewer"": ""Not Required/Required/NA"",
   ""Image generator"": ""Not Required/Required/NA"",
   ""Text editor"": ""Not Required/Required/NA"",
   ""Presentation software"": ""Not Required/Required/NA"",
   ""Online search engine"": ""Not Required/Required/NA"",
   ""Video conferencing"": ""Not Required/Required/NA"",
   ""Chat interfaces"": ""Not Required/Required/NA"",
   ""Email client"": ""Not Required/Required/NA"",
   ""Internet access"": ""Not Required/Required/NA"",
   ""Specialized software:""""Not Required/Required/NA"",
  },
  ""chain_of_thought"": ""Brief explanation (no more than 150 words).""
}",18936.0,Credit Counselors,"Create debt management plans, spending plans, or budgets to assist clients to meet financial goals.",True,True,"Creating debt management plans and budgets can be performed remotely as it involves analyzing financial data and creating structured plans. A practical exam can present client scenarios with financial information (income, expenses, debts) and require examinees to create appropriate plans using spreadsheet software. The exam can be objectively scored by evaluating if the plans include required elements (debt reduction strategies, payment schedules, balanced budgets) and if calculations are correct. Text descriptions of client situations and numerical data are essential materials, while spreadsheet software and text editors are required tools for creating and documenting the plans.",Required,Required,Not Required,Not Required,Not Required,Not Required,Not Required,Required,Not Required,Not Required,Not Required,Required,Not Required,Not Required,Not Required,Not Required,Not Required,Not Required,Not Required,,"['Spreadsheet software', 'Text editor']","['Text', 'Data']",False,13-2071.00,18936,Associate's Degree (or other 2-year degree)
589.0,"Task ID: 18935

Your assignment is to determine if (1) the task can be performed remotely, (2) it is possible to design a meaningful, **practical** exam for this task and (3) whether such an exam can be evaluated using fact-based scoring. Further, you should identify the required tools and materials that exam takers need to use.

**Definitions:**
- **Remote feasibility**: A task can be performed remotely if it doesn't require a person to be at a specific place or interact with humans face-to-face.

- **Tools:** Software or applications (e.g. coding & development tools, text editor, presentation software, image generator), that are **absolutely** critical for an exam taker to complete any practically relevant and meaningful exam for this task. 

- **Materials:** Digital content (e.g., data files, text, images, audio files) that form part of the test content.

- **Fact based scoring:** Whether the exam can be evaluated using a predefined answer key (objective scoring) or requires subjective assessment, such as evaluating the quality of written responses or creative work.

- **Practical exam:** A practical exam is a an exam actually testing whether the described task can be performed successfully. An exam testing the knowledge about the task is NOT a practical exam.

- **Virtual lab:** A virtual lab is an interactive digital environment that simulates real-world settings, allowing users to perform tasks, collaborate with others, and test scenarios remotely.

- **Images:** Such as product images, photographs, maps, graphs and plots, etc.

- **Specialized software:** Specialized software refers to computer programs designed for specific industry tasks or technical functions, such as Simulink for system modeling, CAD for 3D design or SAP for enterprise resource planning. This category should be used if there is no way to solve the exam using combinations of the other tools and software listed under tools, but some more specialized software is required.

- **Specialized files:** Specialized files refers to files that cannot be parsed into text, data, images, audio or video but are also not part of a virtual lab. This category should be used if there is no way to provide the necessary exam materials using a combination of the other materials listed.

**Instructions:**
1. **Remote Feasibility:**  
   Evaluate whether Calculate clients' available monthly income to meet debt obligations. can be performed online/remotely or if it requires in-person presence.
   - **If in-person required:** Output `""can_be_performed_remotely"": false` and set all other fields (tools and materials) to `""NA""`.
   - **If remote:** Output `""can_be_performed_remotely"": true` and continue with the evaluation.

2. **Materials Required:**  
   For each material type, determine if it is necessary to provide materials of this type as part of an exam to evaluate Credit Counselors's ability to perform the task (Calculate clients' available monthly income to meet debt obligations.). 
   Options are: ""Required""or ""Not required"" 
   The materials include:
   - ""Text""
   - ""Data""
   - ""Images""
   - ""Audio files""
   - ""Video files""
   - ""Virtual labs""
   - ""Specialized files""


3. **Tools Required:**  
   For each tool, assess whether it is needed to complete an exam that evaluates whether an individual can do Calculate clients' available monthly income to meet debt obligations..
  Options are: ""Required"" or ""Not Required"". 
  The tools include:
   - ""Spreadsheet software""
   - ""Code execution environment""
   - ""Text editor""
   - ""Image viewer""
   - ""Image generator""
   - ""Presentation software""
   - ""Online search engine""
   - ""Video conferencing""
   - ""Chat interfaces""
   - ""Email client""
   - ""Internet access""
   - ""Specialized software""


4. **Feasibility of a practical exam:**
    Evaluate whether the task can meaningfully be tested in a practical, remote exam.
    - If you think this is possible, answer True,
    - Otherwise answer False

5. **Chain-of-Thought Reasoning:**  
   Optionally, include a brief chain-of-thought explanation (no more than 150 words) for your evaluations in a field called `""chain_of_thought""`.

**Output Requirement:**  
Return a JSON object strictly adhering to the provided structure, without any extra commentary outside of the JSON fields.

**Expected JSON Structure:**
{
  ""task_id"": ""18935"",
  ""occupation"": ""Credit Counselors"",
  ""task_description"": ""Calculate clients' available monthly income to meet debt obligations."",
  ""can_be_performed_remotely"": true/false,
   ""feasibility_practical"": true/false,




  ""materials"": {
    ""Text"": ""Not Required/Required/NA"",
    ""Data"": ""Not Required/Required/NA"",
    ""Images"": ""Not Required/Required/NA"",
    ""Audio files"": ""Not Required/Required/NA"",
    ""Video files"": ""Not Required/Required/NA"",
    ""Virtual labs"": ""Not Required/Required/NA"",
    ""Speicalized files"":""Not Required/Required/NA"",
  },

   ""tools"": {
   ""Spreadsheet software"": ""Not Required/Required/NA"",
   ""Code execution environment"": ""Not Required/Required/NA"",
   ""Image viewer"": ""Not Required/Required/NA"",
   ""Image generator"": ""Not Required/Required/NA"",
   ""Text editor"": ""Not Required/Required/NA"",
   ""Presentation software"": ""Not Required/Required/NA"",
   ""Online search engine"": ""Not Required/Required/NA"",
   ""Video conferencing"": ""Not Required/Required/NA"",
   ""Chat interfaces"": ""Not Required/Required/NA"",
   ""Email client"": ""Not Required/Required/NA"",
   ""Internet access"": ""Not Required/Required/NA"",
   ""Specialized software:""""Not Required/Required/NA"",
  },
  ""chain_of_thought"": ""Brief explanation (no more than 150 words).""
}",18935.0,Credit Counselors,Calculate clients' available monthly income to meet debt obligations.,True,True,"Calculating available income requires analyzing financial data, which can be done remotely. A practical exam would provide client financial scenarios with income, expenses, and debt information. The counselor would use spreadsheet software to calculate disposable income and determine debt repayment capacity. This can be objectively scored by comparing calculations to correct answers based on standard financial formulas.",Required,Required,Not Required,Not Required,Not Required,Not Required,Not Required,Required,Not Required,Not Required,Not Required,Required,Not Required,Not Required,Not Required,Not Required,Not Required,Not Required,Not Required,,"['Spreadsheet software', 'Text editor']","['Text', 'Data']",False,13-2071.00,18935,Associate's Degree (or other 2-year degree)
590.0,"Task ID: 18943

Your assignment is to determine if (1) the task can be performed remotely, (2) it is possible to design a meaningful, **practical** exam for this task and (3) whether such an exam can be evaluated using fact-based scoring. Further, you should identify the required tools and materials that exam takers need to use.

**Definitions:**
- **Remote feasibility**: A task can be performed remotely if it doesn't require a person to be at a specific place or interact with humans face-to-face.

- **Tools:** Software or applications (e.g. coding & development tools, text editor, presentation software, image generator), that are **absolutely** critical for an exam taker to complete any practically relevant and meaningful exam for this task. 

- **Materials:** Digital content (e.g., data files, text, images, audio files) that form part of the test content.

- **Fact based scoring:** Whether the exam can be evaluated using a predefined answer key (objective scoring) or requires subjective assessment, such as evaluating the quality of written responses or creative work.

- **Practical exam:** A practical exam is a an exam actually testing whether the described task can be performed successfully. An exam testing the knowledge about the task is NOT a practical exam.

- **Virtual lab:** A virtual lab is an interactive digital environment that simulates real-world settings, allowing users to perform tasks, collaborate with others, and test scenarios remotely.

- **Images:** Such as product images, photographs, maps, graphs and plots, etc.

- **Specialized software:** Specialized software refers to computer programs designed for specific industry tasks or technical functions, such as Simulink for system modeling, CAD for 3D design or SAP for enterprise resource planning. This category should be used if there is no way to solve the exam using combinations of the other tools and software listed under tools, but some more specialized software is required.

- **Specialized files:** Specialized files refers to files that cannot be parsed into text, data, images, audio or video but are also not part of a virtual lab. This category should be used if there is no way to provide the necessary exam materials using a combination of the other materials listed.

**Instructions:**
1. **Remote Feasibility:**  
   Evaluate whether Prioritize client debt repayment to avoid dire consequences, such as bankruptcy or foreclosure or to reduce overall costs, such as by paying high-interest or short-term loans first. can be performed online/remotely or if it requires in-person presence.
   - **If in-person required:** Output `""can_be_performed_remotely"": false` and set all other fields (tools and materials) to `""NA""`.
   - **If remote:** Output `""can_be_performed_remotely"": true` and continue with the evaluation.

2. **Materials Required:**  
   For each material type, determine if it is necessary to provide materials of this type as part of an exam to evaluate Credit Counselors's ability to perform the task (Prioritize client debt repayment to avoid dire consequences, such as bankruptcy or foreclosure or to reduce overall costs, such as by paying high-interest or short-term loans first.). 
   Options are: ""Required""or ""Not required"" 
   The materials include:
   - ""Text""
   - ""Data""
   - ""Images""
   - ""Audio files""
   - ""Video files""
   - ""Virtual labs""
   - ""Specialized files""


3. **Tools Required:**  
   For each tool, assess whether it is needed to complete an exam that evaluates whether an individual can do Prioritize client debt repayment to avoid dire consequences, such as bankruptcy or foreclosure or to reduce overall costs, such as by paying high-interest or short-term loans first..
  Options are: ""Required"" or ""Not Required"". 
  The tools include:
   - ""Spreadsheet software""
   - ""Code execution environment""
   - ""Text editor""
   - ""Image viewer""
   - ""Image generator""
   - ""Presentation software""
   - ""Online search engine""
   - ""Video conferencing""
   - ""Chat interfaces""
   - ""Email client""
   - ""Internet access""
   - ""Specialized software""


4. **Feasibility of a practical exam:**
    Evaluate whether the task can meaningfully be tested in a practical, remote exam.
    - If you think this is possible, answer True,
    - Otherwise answer False

5. **Chain-of-Thought Reasoning:**  
   Optionally, include a brief chain-of-thought explanation (no more than 150 words) for your evaluations in a field called `""chain_of_thought""`.

**Output Requirement:**  
Return a JSON object strictly adhering to the provided structure, without any extra commentary outside of the JSON fields.

**Expected JSON Structure:**
{
  ""task_id"": ""18943"",
  ""occupation"": ""Credit Counselors"",
  ""task_description"": ""Prioritize client debt repayment to avoid dire consequences, such as bankruptcy or foreclosure or to reduce overall costs, such as by paying high-interest or short-term loans first."",
  ""can_be_performed_remotely"": true/false,
   ""feasibility_practical"": true/false,




  ""materials"": {
    ""Text"": ""Not Required/Required/NA"",
    ""Data"": ""Not Required/Required/NA"",
    ""Images"": ""Not Required/Required/NA"",
    ""Audio files"": ""Not Required/Required/NA"",
    ""Video files"": ""Not Required/Required/NA"",
    ""Virtual labs"": ""Not Required/Required/NA"",
    ""Speicalized files"":""Not Required/Required/NA"",
  },

   ""tools"": {
   ""Spreadsheet software"": ""Not Required/Required/NA"",
   ""Code execution environment"": ""Not Required/Required/NA"",
   ""Image viewer"": ""Not Required/Required/NA"",
   ""Image generator"": ""Not Required/Required/NA"",
   ""Text editor"": ""Not Required/Required/NA"",
   ""Presentation software"": ""Not Required/Required/NA"",
   ""Online search engine"": ""Not Required/Required/NA"",
   ""Video conferencing"": ""Not Required/Required/NA"",
   ""Chat interfaces"": ""Not Required/Required/NA"",
   ""Email client"": ""Not Required/Required/NA"",
   ""Internet access"": ""Not Required/Required/NA"",
   ""Specialized software:""""Not Required/Required/NA"",
  },
  ""chain_of_thought"": ""Brief explanation (no more than 150 words).""
}",18943.0,Credit Counselors,"Prioritize client debt repayment to avoid dire consequences, such as bankruptcy or foreclosure or to reduce overall costs, such as by paying high-interest or short-term loans first.",True,True,"Debt prioritization can be performed remotely as it involves analyzing financial data and making recommendations. A practical exam would provide case studies with client financial information (text and data) including various debts with different terms, interest rates, and consequences. Examinees would use spreadsheet software to calculate optimal repayment strategies and a text editor to document their recommendations and rationale. The exam can be objectively scored based on whether they correctly identify high-risk debts (e.g., those facing foreclosure) and optimize repayment strategies to minimize overall costs.",Required,Required,Not Required,Not Required,Not Required,Not Required,Not Required,Required,Not Required,Not Required,Not Required,Required,Not Required,Not Required,Not Required,Not Required,Not Required,Not Required,Not Required,,"['Spreadsheet software', 'Text editor']","['Text', 'Data']",False,13-2071.00,18943,Associate's Degree (or other 2-year degree)
591.0,"Task ID: 18945

Your assignment is to determine if (1) the task can be performed remotely, (2) it is possible to design a meaningful, **practical** exam for this task and (3) whether such an exam can be evaluated using fact-based scoring. Further, you should identify the required tools and materials that exam takers need to use.

**Definitions:**
- **Remote feasibility**: A task can be performed remotely if it doesn't require a person to be at a specific place or interact with humans face-to-face.

- **Tools:** Software or applications (e.g. coding & development tools, text editor, presentation software, image generator), that are **absolutely** critical for an exam taker to complete any practically relevant and meaningful exam for this task. 

- **Materials:** Digital content (e.g., data files, text, images, audio files) that form part of the test content.

- **Fact based scoring:** Whether the exam can be evaluated using a predefined answer key (objective scoring) or requires subjective assessment, such as evaluating the quality of written responses or creative work.

- **Practical exam:** A practical exam is a an exam actually testing whether the described task can be performed successfully. An exam testing the knowledge about the task is NOT a practical exam.

- **Virtual lab:** A virtual lab is an interactive digital environment that simulates real-world settings, allowing users to perform tasks, collaborate with others, and test scenarios remotely.

- **Images:** Such as product images, photographs, maps, graphs and plots, etc.

- **Specialized software:** Specialized software refers to computer programs designed for specific industry tasks or technical functions, such as Simulink for system modeling, CAD for 3D design or SAP for enterprise resource planning. This category should be used if there is no way to solve the exam using combinations of the other tools and software listed under tools, but some more specialized software is required.

- **Specialized files:** Specialized files refers to files that cannot be parsed into text, data, images, audio or video but are also not part of a virtual lab. This category should be used if there is no way to provide the necessary exam materials using a combination of the other materials listed.

**Instructions:**
1. **Remote Feasibility:**  
   Evaluate whether Recommend strategies for clients to meet their financial goals, such as borrowing money through loans or loan programs, declaring bankruptcy, making budget adjustments, or enrolling in debt management plans. can be performed online/remotely or if it requires in-person presence.
   - **If in-person required:** Output `""can_be_performed_remotely"": false` and set all other fields (tools and materials) to `""NA""`.
   - **If remote:** Output `""can_be_performed_remotely"": true` and continue with the evaluation.

2. **Materials Required:**  
   For each material type, determine if it is necessary to provide materials of this type as part of an exam to evaluate Credit Counselors's ability to perform the task (Recommend strategies for clients to meet their financial goals, such as borrowing money through loans or loan programs, declaring bankruptcy, making budget adjustments, or enrolling in debt management plans.). 
   Options are: ""Required""or ""Not required"" 
   The materials include:
   - ""Text""
   - ""Data""
   - ""Images""
   - ""Audio files""
   - ""Video files""
   - ""Virtual labs""
   - ""Specialized files""


3. **Tools Required:**  
   For each tool, assess whether it is needed to complete an exam that evaluates whether an individual can do Recommend strategies for clients to meet their financial goals, such as borrowing money through loans or loan programs, declaring bankruptcy, making budget adjustments, or enrolling in debt management plans..
  Options are: ""Required"" or ""Not Required"". 
  The tools include:
   - ""Spreadsheet software""
   - ""Code execution environment""
   - ""Text editor""
   - ""Image viewer""
   - ""Image generator""
   - ""Presentation software""
   - ""Online search engine""
   - ""Video conferencing""
   - ""Chat interfaces""
   - ""Email client""
   - ""Internet access""
   - ""Specialized software""


4. **Feasibility of a practical exam:**
    Evaluate whether the task can meaningfully be tested in a practical, remote exam.
    - If you think this is possible, answer True,
    - Otherwise answer False

5. **Chain-of-Thought Reasoning:**  
   Optionally, include a brief chain-of-thought explanation (no more than 150 words) for your evaluations in a field called `""chain_of_thought""`.

**Output Requirement:**  
Return a JSON object strictly adhering to the provided structure, without any extra commentary outside of the JSON fields.

**Expected JSON Structure:**
{
  ""task_id"": ""18945"",
  ""occupation"": ""Credit Counselors"",
  ""task_description"": ""Recommend strategies for clients to meet their financial goals, such as borrowing money through loans or loan programs, declaring bankruptcy, making budget adjustments, or enrolling in debt management plans."",
  ""can_be_performed_remotely"": true/false,
   ""feasibility_practical"": true/false,




  ""materials"": {
    ""Text"": ""Not Required/Required/NA"",
    ""Data"": ""Not Required/Required/NA"",
    ""Images"": ""Not Required/Required/NA"",
    ""Audio files"": ""Not Required/Required/NA"",
    ""Video files"": ""Not Required/Required/NA"",
    ""Virtual labs"": ""Not Required/Required/NA"",
    ""Speicalized files"":""Not Required/Required/NA"",
  },

   ""tools"": {
   ""Spreadsheet software"": ""Not Required/Required/NA"",
   ""Code execution environment"": ""Not Required/Required/NA"",
   ""Image viewer"": ""Not Required/Required/NA"",
   ""Image generator"": ""Not Required/Required/NA"",
   ""Text editor"": ""Not Required/Required/NA"",
   ""Presentation software"": ""Not Required/Required/NA"",
   ""Online search engine"": ""Not Required/Required/NA"",
   ""Video conferencing"": ""Not Required/Required/NA"",
   ""Chat interfaces"": ""Not Required/Required/NA"",
   ""Email client"": ""Not Required/Required/NA"",
   ""Internet access"": ""Not Required/Required/NA"",
   ""Specialized software:""""Not Required/Required/NA"",
  },
  ""chain_of_thought"": ""Brief explanation (no more than 150 words).""
}",18945.0,Credit Counselors,"Recommend strategies for clients to meet their financial goals, such as borrowing money through loans or loan programs, declaring bankruptcy, making budget adjustments, or enrolling in debt management plans.",True,True,"Credit counseling can be performed remotely as it involves analyzing financial information and recommending strategies. A practical exam could present case studies with client financial data (income, expenses, debts, goals) requiring examinees to analyze the situation and recommend appropriate strategies. Spreadsheet software would be needed to analyze financial data and create budgets. A text editor would be required to document recommendations and explain rationales. The exam can be objectively scored based on the appropriateness of recommendations for each scenario against a rubric of best practices in credit counseling.",Required,Required,Not Required,Not Required,Not Required,Not Required,Not Required,Required,Not Required,Not Required,Not Required,Required,Not Required,Not Required,Not Required,Not Required,Not Required,Not Required,Not Required,,"['Spreadsheet software', 'Text editor']","['Text', 'Data']",False,13-2071.00,18945,Associate's Degree (or other 2-year degree)
600.0,"Task ID: 18937

Your assignment is to determine if (1) the task can be performed remotely, (2) it is possible to design a meaningful, **practical** exam for this task and (3) whether such an exam can be evaluated using fact-based scoring. Further, you should identify the required tools and materials that exam takers need to use.

**Definitions:**
- **Remote feasibility**: A task can be performed remotely if it doesn't require a person to be at a specific place or interact with humans face-to-face.

- **Tools:** Software or applications (e.g. coding & development tools, text editor, presentation software, image generator), that are **absolutely** critical for an exam taker to complete any practically relevant and meaningful exam for this task. 

- **Materials:** Digital content (e.g., data files, text, images, audio files) that form part of the test content.

- **Fact based scoring:** Whether the exam can be evaluated using a predefined answer key (objective scoring) or requires subjective assessment, such as evaluating the quality of written responses or creative work.

- **Practical exam:** A practical exam is a an exam actually testing whether the described task can be performed successfully. An exam testing the knowledge about the task is NOT a practical exam.

- **Virtual lab:** A virtual lab is an interactive digital environment that simulates real-world settings, allowing users to perform tasks, collaborate with others, and test scenarios remotely.

- **Images:** Such as product images, photographs, maps, graphs and plots, etc.

- **Specialized software:** Specialized software refers to computer programs designed for specific industry tasks or technical functions, such as Simulink for system modeling, CAD for 3D design or SAP for enterprise resource planning. This category should be used if there is no way to solve the exam using combinations of the other tools and software listed under tools, but some more specialized software is required.

- **Specialized files:** Specialized files refers to files that cannot be parsed into text, data, images, audio or video but are also not part of a virtual lab. This category should be used if there is no way to provide the necessary exam materials using a combination of the other materials listed.

**Instructions:**
1. **Remote Feasibility:**  
   Evaluate whether Estimate time for debt repayment given amount of debt, interest rates, and available funds. can be performed online/remotely or if it requires in-person presence.
   - **If in-person required:** Output `""can_be_performed_remotely"": false` and set all other fields (tools and materials) to `""NA""`.
   - **If remote:** Output `""can_be_performed_remotely"": true` and continue with the evaluation.

2. **Materials Required:**  
   For each material type, determine if it is necessary to provide materials of this type as part of an exam to evaluate Credit Counselors's ability to perform the task (Estimate time for debt repayment given amount of debt, interest rates, and available funds.). 
   Options are: ""Required""or ""Not required"" 
   The materials include:
   - ""Text""
   - ""Data""
   - ""Images""
   - ""Audio files""
   - ""Video files""
   - ""Virtual labs""
   - ""Specialized files""


3. **Tools Required:**  
   For each tool, assess whether it is needed to complete an exam that evaluates whether an individual can do Estimate time for debt repayment given amount of debt, interest rates, and available funds..
  Options are: ""Required"" or ""Not Required"". 
  The tools include:
   - ""Spreadsheet software""
   - ""Code execution environment""
   - ""Text editor""
   - ""Image viewer""
   - ""Image generator""
   - ""Presentation software""
   - ""Online search engine""
   - ""Video conferencing""
   - ""Chat interfaces""
   - ""Email client""
   - ""Internet access""
   - ""Specialized software""


4. **Feasibility of a practical exam:**
    Evaluate whether the task can meaningfully be tested in a practical, remote exam.
    - If you think this is possible, answer True,
    - Otherwise answer False

5. **Chain-of-Thought Reasoning:**  
   Optionally, include a brief chain-of-thought explanation (no more than 150 words) for your evaluations in a field called `""chain_of_thought""`.

**Output Requirement:**  
Return a JSON object strictly adhering to the provided structure, without any extra commentary outside of the JSON fields.

**Expected JSON Structure:**
{
  ""task_id"": ""18937"",
  ""occupation"": ""Credit Counselors"",
  ""task_description"": ""Estimate time for debt repayment given amount of debt, interest rates, and available funds."",
  ""can_be_performed_remotely"": true/false,
   ""feasibility_practical"": true/false,




  ""materials"": {
    ""Text"": ""Not Required/Required/NA"",
    ""Data"": ""Not Required/Required/NA"",
    ""Images"": ""Not Required/Required/NA"",
    ""Audio files"": ""Not Required/Required/NA"",
    ""Video files"": ""Not Required/Required/NA"",
    ""Virtual labs"": ""Not Required/Required/NA"",
    ""Speicalized files"":""Not Required/Required/NA"",
  },

   ""tools"": {
   ""Spreadsheet software"": ""Not Required/Required/NA"",
   ""Code execution environment"": ""Not Required/Required/NA"",
   ""Image viewer"": ""Not Required/Required/NA"",
   ""Image generator"": ""Not Required/Required/NA"",
   ""Text editor"": ""Not Required/Required/NA"",
   ""Presentation software"": ""Not Required/Required/NA"",
   ""Online search engine"": ""Not Required/Required/NA"",
   ""Video conferencing"": ""Not Required/Required/NA"",
   ""Chat interfaces"": ""Not Required/Required/NA"",
   ""Email client"": ""Not Required/Required/NA"",
   ""Internet access"": ""Not Required/Required/NA"",
   ""Specialized software:""""Not Required/Required/NA"",
  },
  ""chain_of_thought"": ""Brief explanation (no more than 150 words).""
}",18937.0,Credit Counselors,"Estimate time for debt repayment given amount of debt, interest rates, and available funds.",True,True,"Estimating debt repayment timelines is a calculation-based task that can be performed remotely. A practical exam would provide scenarios with debt amounts, interest rates, and monthly payment capabilities, requiring candidates to calculate repayment timelines. This can be objectively scored by comparing calculated results to correct answers. Spreadsheet software is essential for performing financial calculations efficiently, while text materials would provide the necessary scenario details and data would include the financial figures needed for calculations. A text editor would allow candidates to explain their methodology and conclusions.",Required,Required,Not Required,Not Required,Not Required,Not Required,Not Required,Required,Not Required,Not Required,Not Required,Required,Not Required,Not Required,Not Required,Not Required,Not Required,Not Required,Not Required,,"['Spreadsheet software', 'Text editor']","['Text', 'Data']",False,13-2071.00,18937,Associate's Degree (or other 2-year degree)
603.0,"Task ID: 18947

Your assignment is to determine if (1) the task can be performed remotely, (2) it is possible to design a meaningful, **practical** exam for this task and (3) whether such an exam can be evaluated using fact-based scoring. Further, you should identify the required tools and materials that exam takers need to use.

**Definitions:**
- **Remote feasibility**: A task can be performed remotely if it doesn't require a person to be at a specific place or interact with humans face-to-face.

- **Tools:** Software or applications (e.g. coding & development tools, text editor, presentation software, image generator), that are **absolutely** critical for an exam taker to complete any practically relevant and meaningful exam for this task. 

- **Materials:** Digital content (e.g., data files, text, images, audio files) that form part of the test content.

- **Fact based scoring:** Whether the exam can be evaluated using a predefined answer key (objective scoring) or requires subjective assessment, such as evaluating the quality of written responses or creative work.

- **Practical exam:** A practical exam is a an exam actually testing whether the described task can be performed successfully. An exam testing the knowledge about the task is NOT a practical exam.

- **Virtual lab:** A virtual lab is an interactive digital environment that simulates real-world settings, allowing users to perform tasks, collaborate with others, and test scenarios remotely.

- **Images:** Such as product images, photographs, maps, graphs and plots, etc.

- **Specialized software:** Specialized software refers to computer programs designed for specific industry tasks or technical functions, such as Simulink for system modeling, CAD for 3D design or SAP for enterprise resource planning. This category should be used if there is no way to solve the exam using combinations of the other tools and software listed under tools, but some more specialized software is required.

- **Specialized files:** Specialized files refers to files that cannot be parsed into text, data, images, audio or video but are also not part of a virtual lab. This category should be used if there is no way to provide the necessary exam materials using a combination of the other materials listed.

**Instructions:**
1. **Remote Feasibility:**  
   Evaluate whether Review changes to financial, family, or employment situations to determine whether changes to existing debt management plans, spending plans, or budgets are needed. can be performed online/remotely or if it requires in-person presence.
   - **If in-person required:** Output `""can_be_performed_remotely"": false` and set all other fields (tools and materials) to `""NA""`.
   - **If remote:** Output `""can_be_performed_remotely"": true` and continue with the evaluation.

2. **Materials Required:**  
   For each material type, determine if it is necessary to provide materials of this type as part of an exam to evaluate Credit Counselors's ability to perform the task (Review changes to financial, family, or employment situations to determine whether changes to existing debt management plans, spending plans, or budgets are needed.). 
   Options are: ""Required""or ""Not required"" 
   The materials include:
   - ""Text""
   - ""Data""
   - ""Images""
   - ""Audio files""
   - ""Video files""
   - ""Virtual labs""
   - ""Specialized files""


3. **Tools Required:**  
   For each tool, assess whether it is needed to complete an exam that evaluates whether an individual can do Review changes to financial, family, or employment situations to determine whether changes to existing debt management plans, spending plans, or budgets are needed..
  Options are: ""Required"" or ""Not Required"". 
  The tools include:
   - ""Spreadsheet software""
   - ""Code execution environment""
   - ""Text editor""
   - ""Image viewer""
   - ""Image generator""
   - ""Presentation software""
   - ""Online search engine""
   - ""Video conferencing""
   - ""Chat interfaces""
   - ""Email client""
   - ""Internet access""
   - ""Specialized software""


4. **Feasibility of a practical exam:**
    Evaluate whether the task can meaningfully be tested in a practical, remote exam.
    - If you think this is possible, answer True,
    - Otherwise answer False

5. **Chain-of-Thought Reasoning:**  
   Optionally, include a brief chain-of-thought explanation (no more than 150 words) for your evaluations in a field called `""chain_of_thought""`.

**Output Requirement:**  
Return a JSON object strictly adhering to the provided structure, without any extra commentary outside of the JSON fields.

**Expected JSON Structure:**
{
  ""task_id"": ""18947"",
  ""occupation"": ""Credit Counselors"",
  ""task_description"": ""Review changes to financial, family, or employment situations to determine whether changes to existing debt management plans, spending plans, or budgets are needed."",
  ""can_be_performed_remotely"": true/false,
   ""feasibility_practical"": true/false,




  ""materials"": {
    ""Text"": ""Not Required/Required/NA"",
    ""Data"": ""Not Required/Required/NA"",
    ""Images"": ""Not Required/Required/NA"",
    ""Audio files"": ""Not Required/Required/NA"",
    ""Video files"": ""Not Required/Required/NA"",
    ""Virtual labs"": ""Not Required/Required/NA"",
    ""Speicalized files"":""Not Required/Required/NA"",
  },

   ""tools"": {
   ""Spreadsheet software"": ""Not Required/Required/NA"",
   ""Code execution environment"": ""Not Required/Required/NA"",
   ""Image viewer"": ""Not Required/Required/NA"",
   ""Image generator"": ""Not Required/Required/NA"",
   ""Text editor"": ""Not Required/Required/NA"",
   ""Presentation software"": ""Not Required/Required/NA"",
   ""Online search engine"": ""Not Required/Required/NA"",
   ""Video conferencing"": ""Not Required/Required/NA"",
   ""Chat interfaces"": ""Not Required/Required/NA"",
   ""Email client"": ""Not Required/Required/NA"",
   ""Internet access"": ""Not Required/Required/NA"",
   ""Specialized software:""""Not Required/Required/NA"",
  },
  ""chain_of_thought"": ""Brief explanation (no more than 150 words).""
}",18947.0,Credit Counselors,"Review changes to financial, family, or employment situations to determine whether changes to existing debt management plans, spending plans, or budgets are needed.",True,True,"Credit counselors can review financial changes remotely by analyzing client financial data. A practical exam can present case scenarios with before/after financial situations (income changes, new expenses, etc.) and require examinees to determine if plan adjustments are needed. This requires text descriptions of scenarios and numerical data representing financial information. Spreadsheet software is essential for financial calculations and a text editor for documenting recommendations. Scoring can be fact-based by evaluating if the counselor correctly identified necessary changes based on predetermined criteria.",Required,Required,Not Required,Not Required,Not Required,Not Required,Not Required,Required,Not Required,Not Required,Not Required,Required,Not Required,Not Required,Not Required,Not Required,Not Required,Not Required,Not Required,,"['Spreadsheet software', 'Text editor']","['Text', 'Data']",False,13-2071.00,18947,Associate's Degree (or other 2-year degree)
604.0,"Task ID: 18950

Your assignment is to determine if (1) the task can be performed remotely, (2) it is possible to design a meaningful, **practical** exam for this task and (3) whether such an exam can be evaluated using fact-based scoring. Further, you should identify the required tools and materials that exam takers need to use.

**Definitions:**
- **Remote feasibility**: A task can be performed remotely if it doesn't require a person to be at a specific place or interact with humans face-to-face.

- **Tools:** Software or applications (e.g. coding & development tools, text editor, presentation software, image generator), that are **absolutely** critical for an exam taker to complete any practically relevant and meaningful exam for this task. 

- **Materials:** Digital content (e.g., data files, text, images, audio files) that form part of the test content.

- **Fact based scoring:** Whether the exam can be evaluated using a predefined answer key (objective scoring) or requires subjective assessment, such as evaluating the quality of written responses or creative work.

- **Practical exam:** A practical exam is a an exam actually testing whether the described task can be performed successfully. An exam testing the knowledge about the task is NOT a practical exam.

- **Virtual lab:** A virtual lab is an interactive digital environment that simulates real-world settings, allowing users to perform tasks, collaborate with others, and test scenarios remotely.

- **Images:** Such as product images, photographs, maps, graphs and plots, etc.

- **Specialized software:** Specialized software refers to computer programs designed for specific industry tasks or technical functions, such as Simulink for system modeling, CAD for 3D design or SAP for enterprise resource planning. This category should be used if there is no way to solve the exam using combinations of the other tools and software listed under tools, but some more specialized software is required.

- **Specialized files:** Specialized files refers to files that cannot be parsed into text, data, images, audio or video but are also not part of a virtual lab. This category should be used if there is no way to provide the necessary exam materials using a combination of the other materials listed.

**Instructions:**
1. **Remote Feasibility:**  
   Evaluate whether Create action plans to assist clients in obtaining permanent housing via rent or mortgage programs. can be performed online/remotely or if it requires in-person presence.
   - **If in-person required:** Output `""can_be_performed_remotely"": false` and set all other fields (tools and materials) to `""NA""`.
   - **If remote:** Output `""can_be_performed_remotely"": true` and continue with the evaluation.

2. **Materials Required:**  
   For each material type, determine if it is necessary to provide materials of this type as part of an exam to evaluate Credit Counselors's ability to perform the task (Create action plans to assist clients in obtaining permanent housing via rent or mortgage programs.). 
   Options are: ""Required""or ""Not required"" 
   The materials include:
   - ""Text""
   - ""Data""
   - ""Images""
   - ""Audio files""
   - ""Video files""
   - ""Virtual labs""
   - ""Specialized files""


3. **Tools Required:**  
   For each tool, assess whether it is needed to complete an exam that evaluates whether an individual can do Create action plans to assist clients in obtaining permanent housing via rent or mortgage programs..
  Options are: ""Required"" or ""Not Required"". 
  The tools include:
   - ""Spreadsheet software""
   - ""Code execution environment""
   - ""Text editor""
   - ""Image viewer""
   - ""Image generator""
   - ""Presentation software""
   - ""Online search engine""
   - ""Video conferencing""
   - ""Chat interfaces""
   - ""Email client""
   - ""Internet access""
   - ""Specialized software""


4. **Feasibility of a practical exam:**
    Evaluate whether the task can meaningfully be tested in a practical, remote exam.
    - If you think this is possible, answer True,
    - Otherwise answer False

5. **Chain-of-Thought Reasoning:**  
   Optionally, include a brief chain-of-thought explanation (no more than 150 words) for your evaluations in a field called `""chain_of_thought""`.

**Output Requirement:**  
Return a JSON object strictly adhering to the provided structure, without any extra commentary outside of the JSON fields.

**Expected JSON Structure:**
{
  ""task_id"": ""18950"",
  ""occupation"": ""Credit Counselors"",
  ""task_description"": ""Create action plans to assist clients in obtaining permanent housing via rent or mortgage programs."",
  ""can_be_performed_remotely"": true/false,
   ""feasibility_practical"": true/false,




  ""materials"": {
    ""Text"": ""Not Required/Required/NA"",
    ""Data"": ""Not Required/Required/NA"",
    ""Images"": ""Not Required/Required/NA"",
    ""Audio files"": ""Not Required/Required/NA"",
    ""Video files"": ""Not Required/Required/NA"",
    ""Virtual labs"": ""Not Required/Required/NA"",
    ""Speicalized files"":""Not Required/Required/NA"",
  },

   ""tools"": {
   ""Spreadsheet software"": ""Not Required/Required/NA"",
   ""Code execution environment"": ""Not Required/Required/NA"",
   ""Image viewer"": ""Not Required/Required/NA"",
   ""Image generator"": ""Not Required/Required/NA"",
   ""Text editor"": ""Not Required/Required/NA"",
   ""Presentation software"": ""Not Required/Required/NA"",
   ""Online search engine"": ""Not Required/Required/NA"",
   ""Video conferencing"": ""Not Required/Required/NA"",
   ""Chat interfaces"": ""Not Required/Required/NA"",
   ""Email client"": ""Not Required/Required/NA"",
   ""Internet access"": ""Not Required/Required/NA"",
   ""Specialized software:""""Not Required/Required/NA"",
  },
  ""chain_of_thought"": ""Brief explanation (no more than 150 words).""
}",18950.0,Credit Counselors,Create action plans to assist clients in obtaining permanent housing via rent or mortgage programs.,True,True,"Creating housing action plans can be performed remotely as it involves analyzing client financial data and developing written plans. A practical exam could present case studies with client financial information, housing needs, and available programs. Examinees would need to create appropriate action plans using spreadsheet software to analyze budgets and a text editor to draft the plans. The exam can be objectively scored based on whether key elements are included (budget analysis, program eligibility assessment, timeline, etc.) and if calculations are accurate.",Required,Required,Not Required,Not Required,Not Required,Not Required,Not Required,Required,Not Required,Not Required,Not Required,Required,Not Required,Not Required,Not Required,Not Required,Not Required,Not Required,Not Required,,"['Spreadsheet software', 'Text editor']","['Text', 'Data']",False,13-2071.00,18950,Associate's Degree (or other 2-year degree)
609.0,"Task ID: 7330

Your assignment is to determine if (1) the task can be performed remotely, (2) it is possible to design a meaningful, **practical** exam for this task and (3) whether such an exam can be evaluated using fact-based scoring. Further, you should identify the required tools and materials that exam takers need to use.

**Definitions:**
- **Remote feasibility**: A task can be performed remotely if it doesn't require a person to be at a specific place or interact with humans face-to-face.

- **Tools:** Software or applications (e.g. coding & development tools, text editor, presentation software, image generator), that are **absolutely** critical for an exam taker to complete any practically relevant and meaningful exam for this task. 

- **Materials:** Digital content (e.g., data files, text, images, audio files) that form part of the test content.

- **Fact based scoring:** Whether the exam can be evaluated using a predefined answer key (objective scoring) or requires subjective assessment, such as evaluating the quality of written responses or creative work.

- **Practical exam:** A practical exam is a an exam actually testing whether the described task can be performed successfully. An exam testing the knowledge about the task is NOT a practical exam.

- **Virtual lab:** A virtual lab is an interactive digital environment that simulates real-world settings, allowing users to perform tasks, collaborate with others, and test scenarios remotely.

- **Images:** Such as product images, photographs, maps, graphs and plots, etc.

- **Specialized software:** Specialized software refers to computer programs designed for specific industry tasks or technical functions, such as Simulink for system modeling, CAD for 3D design or SAP for enterprise resource planning. This category should be used if there is no way to solve the exam using combinations of the other tools and software listed under tools, but some more specialized software is required.

- **Specialized files:** Specialized files refers to files that cannot be parsed into text, data, images, audio or video but are also not part of a virtual lab. This category should be used if there is no way to provide the necessary exam materials using a combination of the other materials listed.

**Instructions:**
1. **Remote Feasibility:**  
   Evaluate whether Check loan agreements to ensure that they are complete and accurate, according to policies. can be performed online/remotely or if it requires in-person presence.
   - **If in-person required:** Output `""can_be_performed_remotely"": false` and set all other fields (tools and materials) to `""NA""`.
   - **If remote:** Output `""can_be_performed_remotely"": true` and continue with the evaluation.

2. **Materials Required:**  
   For each material type, determine if it is necessary to provide materials of this type as part of an exam to evaluate Loan Counselors's ability to perform the task (Check loan agreements to ensure that they are complete and accurate, according to policies.). 
   Options are: ""Required""or ""Not required"" 
   The materials include:
   - ""Text""
   - ""Data""
   - ""Images""
   - ""Audio files""
   - ""Video files""
   - ""Virtual labs""
   - ""Specialized files""


3. **Tools Required:**  
   For each tool, assess whether it is needed to complete an exam that evaluates whether an individual can do Check loan agreements to ensure that they are complete and accurate, according to policies..
  Options are: ""Required"" or ""Not Required"". 
  The tools include:
   - ""Spreadsheet software""
   - ""Code execution environment""
   - ""Text editor""
   - ""Image viewer""
   - ""Image generator""
   - ""Presentation software""
   - ""Online search engine""
   - ""Video conferencing""
   - ""Chat interfaces""
   - ""Email client""
   - ""Internet access""
   - ""Specialized software""


4. **Feasibility of a practical exam:**
    Evaluate whether the task can meaningfully be tested in a practical, remote exam.
    - If you think this is possible, answer True,
    - Otherwise answer False

5. **Chain-of-Thought Reasoning:**  
   Optionally, include a brief chain-of-thought explanation (no more than 150 words) for your evaluations in a field called `""chain_of_thought""`.

**Output Requirement:**  
Return a JSON object strictly adhering to the provided structure, without any extra commentary outside of the JSON fields.

**Expected JSON Structure:**
{
  ""task_id"": ""7330"",
  ""occupation"": ""Loan Counselors"",
  ""task_description"": ""Check loan agreements to ensure that they are complete and accurate, according to policies."",
  ""can_be_performed_remotely"": true/false,
   ""feasibility_practical"": true/false,




  ""materials"": {
    ""Text"": ""Not Required/Required/NA"",
    ""Data"": ""Not Required/Required/NA"",
    ""Images"": ""Not Required/Required/NA"",
    ""Audio files"": ""Not Required/Required/NA"",
    ""Video files"": ""Not Required/Required/NA"",
    ""Virtual labs"": ""Not Required/Required/NA"",
    ""Speicalized files"":""Not Required/Required/NA"",
  },

   ""tools"": {
   ""Spreadsheet software"": ""Not Required/Required/NA"",
   ""Code execution environment"": ""Not Required/Required/NA"",
   ""Image viewer"": ""Not Required/Required/NA"",
   ""Image generator"": ""Not Required/Required/NA"",
   ""Text editor"": ""Not Required/Required/NA"",
   ""Presentation software"": ""Not Required/Required/NA"",
   ""Online search engine"": ""Not Required/Required/NA"",
   ""Video conferencing"": ""Not Required/Required/NA"",
   ""Chat interfaces"": ""Not Required/Required/NA"",
   ""Email client"": ""Not Required/Required/NA"",
   ""Internet access"": ""Not Required/Required/NA"",
   ""Specialized software:""""Not Required/Required/NA"",
  },
  ""chain_of_thought"": ""Brief explanation (no more than 150 words).""
}",7330.0,Loan Counselors,"Check loan agreements to ensure that they are complete and accurate, according to policies.",True,True,"Checking loan agreements is document-based work that can be done remotely. A practical exam would provide sample loan agreements with intentional errors/omissions and policy guidelines. Candidates would review documents and identify issues, which can be objectively scored against a predefined answer key. This requires text materials (agreements and policies) and data (client information), with a text editor for noting findings.",Required,Required,Not Required,Not Required,Not Required,Not Required,Not Required,Not Required,Not Required,Not Required,Not Required,Required,Not Required,Not Required,Not Required,Not Required,Not Required,Not Required,Not Required,,['Text editor'],"['Text', 'Data']",False,13-2071.01,7330,Bachelor's Degree
615.0,"Task ID: 7336

Your assignment is to determine if (1) the task can be performed remotely, (2) it is possible to design a meaningful, **practical** exam for this task and (3) whether such an exam can be evaluated using fact-based scoring. Further, you should identify the required tools and materials that exam takers need to use.

**Definitions:**
- **Remote feasibility**: A task can be performed remotely if it doesn't require a person to be at a specific place or interact with humans face-to-face.

- **Tools:** Software or applications (e.g. coding & development tools, text editor, presentation software, image generator), that are **absolutely** critical for an exam taker to complete any practically relevant and meaningful exam for this task. 

- **Materials:** Digital content (e.g., data files, text, images, audio files) that form part of the test content.

- **Fact based scoring:** Whether the exam can be evaluated using a predefined answer key (objective scoring) or requires subjective assessment, such as evaluating the quality of written responses or creative work.

- **Practical exam:** A practical exam is a an exam actually testing whether the described task can be performed successfully. An exam testing the knowledge about the task is NOT a practical exam.

- **Virtual lab:** A virtual lab is an interactive digital environment that simulates real-world settings, allowing users to perform tasks, collaborate with others, and test scenarios remotely.

- **Images:** Such as product images, photographs, maps, graphs and plots, etc.

- **Specialized software:** Specialized software refers to computer programs designed for specific industry tasks or technical functions, such as Simulink for system modeling, CAD for 3D design or SAP for enterprise resource planning. This category should be used if there is no way to solve the exam using combinations of the other tools and software listed under tools, but some more specialized software is required.

- **Specialized files:** Specialized files refers to files that cannot be parsed into text, data, images, audio or video but are also not part of a virtual lab. This category should be used if there is no way to provide the necessary exam materials using a combination of the other materials listed.

**Instructions:**
1. **Remote Feasibility:**  
   Evaluate whether Establish payment priorities according to credit terms and interest rates to reduce clients' overall costs. can be performed online/remotely or if it requires in-person presence.
   - **If in-person required:** Output `""can_be_performed_remotely"": false` and set all other fields (tools and materials) to `""NA""`.
   - **If remote:** Output `""can_be_performed_remotely"": true` and continue with the evaluation.

2. **Materials Required:**  
   For each material type, determine if it is necessary to provide materials of this type as part of an exam to evaluate Loan Counselors's ability to perform the task (Establish payment priorities according to credit terms and interest rates to reduce clients' overall costs.). 
   Options are: ""Required""or ""Not required"" 
   The materials include:
   - ""Text""
   - ""Data""
   - ""Images""
   - ""Audio files""
   - ""Video files""
   - ""Virtual labs""
   - ""Specialized files""


3. **Tools Required:**  
   For each tool, assess whether it is needed to complete an exam that evaluates whether an individual can do Establish payment priorities according to credit terms and interest rates to reduce clients' overall costs..
  Options are: ""Required"" or ""Not Required"". 
  The tools include:
   - ""Spreadsheet software""
   - ""Code execution environment""
   - ""Text editor""
   - ""Image viewer""
   - ""Image generator""
   - ""Presentation software""
   - ""Online search engine""
   - ""Video conferencing""
   - ""Chat interfaces""
   - ""Email client""
   - ""Internet access""
   - ""Specialized software""


4. **Feasibility of a practical exam:**
    Evaluate whether the task can meaningfully be tested in a practical, remote exam.
    - If you think this is possible, answer True,
    - Otherwise answer False

5. **Chain-of-Thought Reasoning:**  
   Optionally, include a brief chain-of-thought explanation (no more than 150 words) for your evaluations in a field called `""chain_of_thought""`.

**Output Requirement:**  
Return a JSON object strictly adhering to the provided structure, without any extra commentary outside of the JSON fields.

**Expected JSON Structure:**
{
  ""task_id"": ""7336"",
  ""occupation"": ""Loan Counselors"",
  ""task_description"": ""Establish payment priorities according to credit terms and interest rates to reduce clients' overall costs."",
  ""can_be_performed_remotely"": true/false,
   ""feasibility_practical"": true/false,




  ""materials"": {
    ""Text"": ""Not Required/Required/NA"",
    ""Data"": ""Not Required/Required/NA"",
    ""Images"": ""Not Required/Required/NA"",
    ""Audio files"": ""Not Required/Required/NA"",
    ""Video files"": ""Not Required/Required/NA"",
    ""Virtual labs"": ""Not Required/Required/NA"",
    ""Speicalized files"":""Not Required/Required/NA"",
  },

   ""tools"": {
   ""Spreadsheet software"": ""Not Required/Required/NA"",
   ""Code execution environment"": ""Not Required/Required/NA"",
   ""Image viewer"": ""Not Required/Required/NA"",
   ""Image generator"": ""Not Required/Required/NA"",
   ""Text editor"": ""Not Required/Required/NA"",
   ""Presentation software"": ""Not Required/Required/NA"",
   ""Online search engine"": ""Not Required/Required/NA"",
   ""Video conferencing"": ""Not Required/Required/NA"",
   ""Chat interfaces"": ""Not Required/Required/NA"",
   ""Email client"": ""Not Required/Required/NA"",
   ""Internet access"": ""Not Required/Required/NA"",
   ""Specialized software:""""Not Required/Required/NA"",
  },
  ""chain_of_thought"": ""Brief explanation (no more than 150 words).""
}",7336.0,Loan Counselors,Establish payment priorities according to credit terms and interest rates to reduce clients' overall costs.,True,True,"Establishing payment priorities based on credit terms and interest rates is a task that can be performed remotely as it involves analysis of financial data. A practical exam would provide candidates with client financial scenarios including various debts with different terms and interest rates. Using spreadsheet software, candidates would analyze the data and create payment priority plans that minimize overall costs. This can be objectively scored by comparing their recommendations against optimal solutions calculated using financial formulas. The exam would require text descriptions of client scenarios and numerical data about loans, which candidates would analyze using spreadsheet software and document their recommendations in a text editor.",Required,Required,Not Required,Not Required,Not Required,Not Required,Not Required,Required,Not Required,Not Required,Not Required,Required,Not Required,Not Required,Not Required,Not Required,Not Required,Not Required,Not Required,,"['Spreadsheet software', 'Text editor']","['Text', 'Data']",False,13-2071.01,7336,Bachelor's Degree
617.0,"Task ID: 7338

Your assignment is to determine if (1) the task can be performed remotely, (2) it is possible to design a meaningful, **practical** exam for this task and (3) whether such an exam can be evaluated using fact-based scoring. Further, you should identify the required tools and materials that exam takers need to use.

**Definitions:**
- **Remote feasibility**: A task can be performed remotely if it doesn't require a person to be at a specific place or interact with humans face-to-face.

- **Tools:** Software or applications (e.g. coding & development tools, text editor, presentation software, image generator), that are **absolutely** critical for an exam taker to complete any practically relevant and meaningful exam for this task. 

- **Materials:** Digital content (e.g., data files, text, images, audio files) that form part of the test content.

- **Fact based scoring:** Whether the exam can be evaluated using a predefined answer key (objective scoring) or requires subjective assessment, such as evaluating the quality of written responses or creative work.

- **Practical exam:** A practical exam is a an exam actually testing whether the described task can be performed successfully. An exam testing the knowledge about the task is NOT a practical exam.

- **Virtual lab:** A virtual lab is an interactive digital environment that simulates real-world settings, allowing users to perform tasks, collaborate with others, and test scenarios remotely.

- **Images:** Such as product images, photographs, maps, graphs and plots, etc.

- **Specialized software:** Specialized software refers to computer programs designed for specific industry tasks or technical functions, such as Simulink for system modeling, CAD for 3D design or SAP for enterprise resource planning. This category should be used if there is no way to solve the exam using combinations of the other tools and software listed under tools, but some more specialized software is required.

- **Specialized files:** Specialized files refers to files that cannot be parsed into text, data, images, audio or video but are also not part of a virtual lab. This category should be used if there is no way to provide the necessary exam materials using a combination of the other materials listed.

**Instructions:**
1. **Remote Feasibility:**  
   Evaluate whether Maintain current knowledge of credit regulations. can be performed online/remotely or if it requires in-person presence.
   - **If in-person required:** Output `""can_be_performed_remotely"": false` and set all other fields (tools and materials) to `""NA""`.
   - **If remote:** Output `""can_be_performed_remotely"": true` and continue with the evaluation.

2. **Materials Required:**  
   For each material type, determine if it is necessary to provide materials of this type as part of an exam to evaluate Loan Counselors's ability to perform the task (Maintain current knowledge of credit regulations.). 
   Options are: ""Required""or ""Not required"" 
   The materials include:
   - ""Text""
   - ""Data""
   - ""Images""
   - ""Audio files""
   - ""Video files""
   - ""Virtual labs""
   - ""Specialized files""


3. **Tools Required:**  
   For each tool, assess whether it is needed to complete an exam that evaluates whether an individual can do Maintain current knowledge of credit regulations..
  Options are: ""Required"" or ""Not Required"". 
  The tools include:
   - ""Spreadsheet software""
   - ""Code execution environment""
   - ""Text editor""
   - ""Image viewer""
   - ""Image generator""
   - ""Presentation software""
   - ""Online search engine""
   - ""Video conferencing""
   - ""Chat interfaces""
   - ""Email client""
   - ""Internet access""
   - ""Specialized software""


4. **Feasibility of a practical exam:**
    Evaluate whether the task can meaningfully be tested in a practical, remote exam.
    - If you think this is possible, answer True,
    - Otherwise answer False

5. **Chain-of-Thought Reasoning:**  
   Optionally, include a brief chain-of-thought explanation (no more than 150 words) for your evaluations in a field called `""chain_of_thought""`.

**Output Requirement:**  
Return a JSON object strictly adhering to the provided structure, without any extra commentary outside of the JSON fields.

**Expected JSON Structure:**
{
  ""task_id"": ""7338"",
  ""occupation"": ""Loan Counselors"",
  ""task_description"": ""Maintain current knowledge of credit regulations."",
  ""can_be_performed_remotely"": true/false,
   ""feasibility_practical"": true/false,




  ""materials"": {
    ""Text"": ""Not Required/Required/NA"",
    ""Data"": ""Not Required/Required/NA"",
    ""Images"": ""Not Required/Required/NA"",
    ""Audio files"": ""Not Required/Required/NA"",
    ""Video files"": ""Not Required/Required/NA"",
    ""Virtual labs"": ""Not Required/Required/NA"",
    ""Speicalized files"":""Not Required/Required/NA"",
  },

   ""tools"": {
   ""Spreadsheet software"": ""Not Required/Required/NA"",
   ""Code execution environment"": ""Not Required/Required/NA"",
   ""Image viewer"": ""Not Required/Required/NA"",
   ""Image generator"": ""Not Required/Required/NA"",
   ""Text editor"": ""Not Required/Required/NA"",
   ""Presentation software"": ""Not Required/Required/NA"",
   ""Online search engine"": ""Not Required/Required/NA"",
   ""Video conferencing"": ""Not Required/Required/NA"",
   ""Chat interfaces"": ""Not Required/Required/NA"",
   ""Email client"": ""Not Required/Required/NA"",
   ""Internet access"": ""Not Required/Required/NA"",
   ""Specialized software:""""Not Required/Required/NA"",
  },
  ""chain_of_thought"": ""Brief explanation (no more than 150 words).""
}",7338.0,Loan Counselors,Maintain current knowledge of credit regulations.,True,True,"Maintaining knowledge of credit regulations is an information-based task that can be performed remotely. A practical exam could present loan counselors with case studies, regulatory updates, and scenarios requiring application of current regulations. Text materials (regulatory documents, case studies) and data (loan scenarios) would be essential. A text editor would be needed for answering questions and analyzing scenarios. The exam could be objectively scored based on correct identification and application of relevant regulations to specific scenarios.",Required,Required,Not Required,Not Required,Not Required,Not Required,Not Required,Not Required,Not Required,Not Required,Not Required,Required,Not Required,Not Required,Not Required,Not Required,Not Required,Not Required,Not Required,,['Text editor'],"['Text', 'Data']",False,13-2071.01,7338,Bachelor's Degree
618.0,"Task ID: 7339

Your assignment is to determine if (1) the task can be performed remotely, (2) it is possible to design a meaningful, **practical** exam for this task and (3) whether such an exam can be evaluated using fact-based scoring. Further, you should identify the required tools and materials that exam takers need to use.

**Definitions:**
- **Remote feasibility**: A task can be performed remotely if it doesn't require a person to be at a specific place or interact with humans face-to-face.

- **Tools:** Software or applications (e.g. coding & development tools, text editor, presentation software, image generator), that are **absolutely** critical for an exam taker to complete any practically relevant and meaningful exam for this task. 

- **Materials:** Digital content (e.g., data files, text, images, audio files) that form part of the test content.

- **Fact based scoring:** Whether the exam can be evaluated using a predefined answer key (objective scoring) or requires subjective assessment, such as evaluating the quality of written responses or creative work.

- **Practical exam:** A practical exam is a an exam actually testing whether the described task can be performed successfully. An exam testing the knowledge about the task is NOT a practical exam.

- **Virtual lab:** A virtual lab is an interactive digital environment that simulates real-world settings, allowing users to perform tasks, collaborate with others, and test scenarios remotely.

- **Images:** Such as product images, photographs, maps, graphs and plots, etc.

- **Specialized software:** Specialized software refers to computer programs designed for specific industry tasks or technical functions, such as Simulink for system modeling, CAD for 3D design or SAP for enterprise resource planning. This category should be used if there is no way to solve the exam using combinations of the other tools and software listed under tools, but some more specialized software is required.

- **Specialized files:** Specialized files refers to files that cannot be parsed into text, data, images, audio or video but are also not part of a virtual lab. This category should be used if there is no way to provide the necessary exam materials using a combination of the other materials listed.

**Instructions:**
1. **Remote Feasibility:**  
   Evaluate whether Calculate amount of debt and funds available to plan methods of payoff and to estimate time for debt liquidation. can be performed online/remotely or if it requires in-person presence.
   - **If in-person required:** Output `""can_be_performed_remotely"": false` and set all other fields (tools and materials) to `""NA""`.
   - **If remote:** Output `""can_be_performed_remotely"": true` and continue with the evaluation.

2. **Materials Required:**  
   For each material type, determine if it is necessary to provide materials of this type as part of an exam to evaluate Loan Counselors's ability to perform the task (Calculate amount of debt and funds available to plan methods of payoff and to estimate time for debt liquidation.). 
   Options are: ""Required""or ""Not required"" 
   The materials include:
   - ""Text""
   - ""Data""
   - ""Images""
   - ""Audio files""
   - ""Video files""
   - ""Virtual labs""
   - ""Specialized files""


3. **Tools Required:**  
   For each tool, assess whether it is needed to complete an exam that evaluates whether an individual can do Calculate amount of debt and funds available to plan methods of payoff and to estimate time for debt liquidation..
  Options are: ""Required"" or ""Not Required"". 
  The tools include:
   - ""Spreadsheet software""
   - ""Code execution environment""
   - ""Text editor""
   - ""Image viewer""
   - ""Image generator""
   - ""Presentation software""
   - ""Online search engine""
   - ""Video conferencing""
   - ""Chat interfaces""
   - ""Email client""
   - ""Internet access""
   - ""Specialized software""


4. **Feasibility of a practical exam:**
    Evaluate whether the task can meaningfully be tested in a practical, remote exam.
    - If you think this is possible, answer True,
    - Otherwise answer False

5. **Chain-of-Thought Reasoning:**  
   Optionally, include a brief chain-of-thought explanation (no more than 150 words) for your evaluations in a field called `""chain_of_thought""`.

**Output Requirement:**  
Return a JSON object strictly adhering to the provided structure, without any extra commentary outside of the JSON fields.

**Expected JSON Structure:**
{
  ""task_id"": ""7339"",
  ""occupation"": ""Loan Counselors"",
  ""task_description"": ""Calculate amount of debt and funds available to plan methods of payoff and to estimate time for debt liquidation."",
  ""can_be_performed_remotely"": true/false,
   ""feasibility_practical"": true/false,




  ""materials"": {
    ""Text"": ""Not Required/Required/NA"",
    ""Data"": ""Not Required/Required/NA"",
    ""Images"": ""Not Required/Required/NA"",
    ""Audio files"": ""Not Required/Required/NA"",
    ""Video files"": ""Not Required/Required/NA"",
    ""Virtual labs"": ""Not Required/Required/NA"",
    ""Speicalized files"":""Not Required/Required/NA"",
  },

   ""tools"": {
   ""Spreadsheet software"": ""Not Required/Required/NA"",
   ""Code execution environment"": ""Not Required/Required/NA"",
   ""Image viewer"": ""Not Required/Required/NA"",
   ""Image generator"": ""Not Required/Required/NA"",
   ""Text editor"": ""Not Required/Required/NA"",
   ""Presentation software"": ""Not Required/Required/NA"",
   ""Online search engine"": ""Not Required/Required/NA"",
   ""Video conferencing"": ""Not Required/Required/NA"",
   ""Chat interfaces"": ""Not Required/Required/NA"",
   ""Email client"": ""Not Required/Required/NA"",
   ""Internet access"": ""Not Required/Required/NA"",
   ""Specialized software:""""Not Required/Required/NA"",
  },
  ""chain_of_thought"": ""Brief explanation (no more than 150 words).""
}",7339.0,Loan Counselors,Calculate amount of debt and funds available to plan methods of payoff and to estimate time for debt liquidation.,True,True,"Loan counseling calculations can be performed remotely as they involve numerical analysis rather than physical interaction. A practical exam can present realistic client scenarios with debt profiles, income data, and financial constraints. Examinees would need spreadsheet software to perform calculations (amortization schedules, interest projections, payment plans) and a text editor to document recommendations. The exam can be objectively scored by evaluating the accuracy of calculations, feasibility of payment plans, and correctness of liquidation timelines against predetermined benchmarks.",Required,Required,Not Required,Not Required,Not Required,Not Required,Not Required,Required,Not Required,Not Required,Not Required,Required,Not Required,Not Required,Not Required,Not Required,Not Required,Not Required,Not Required,,"['Spreadsheet software', 'Text editor']","['Text', 'Data']",False,13-2071.01,7339,Bachelor's Degree
629.0,"Task ID: 3407

Your assignment is to determine if (1) the task can be performed remotely, (2) it is possible to design a meaningful, **practical** exam for this task and (3) whether such an exam can be evaluated using fact-based scoring. Further, you should identify the required tools and materials that exam takers need to use.

**Definitions:**
- **Remote feasibility**: A task can be performed remotely if it doesn't require a person to be at a specific place or interact with humans face-to-face.

- **Tools:** Software or applications (e.g. coding & development tools, text editor, presentation software, image generator), that are **absolutely** critical for an exam taker to complete any practically relevant and meaningful exam for this task. 

- **Materials:** Digital content (e.g., data files, text, images, audio files) that form part of the test content.

- **Fact based scoring:** Whether the exam can be evaluated using a predefined answer key (objective scoring) or requires subjective assessment, such as evaluating the quality of written responses or creative work.

- **Practical exam:** A practical exam is a an exam actually testing whether the described task can be performed successfully. An exam testing the knowledge about the task is NOT a practical exam.

- **Virtual lab:** A virtual lab is an interactive digital environment that simulates real-world settings, allowing users to perform tasks, collaborate with others, and test scenarios remotely.

- **Images:** Such as product images, photographs, maps, graphs and plots, etc.

- **Specialized software:** Specialized software refers to computer programs designed for specific industry tasks or technical functions, such as Simulink for system modeling, CAD for 3D design or SAP for enterprise resource planning. This category should be used if there is no way to solve the exam using combinations of the other tools and software listed under tools, but some more specialized software is required.

- **Specialized files:** Specialized files refers to files that cannot be parsed into text, data, images, audio or video but are also not part of a virtual lab. This category should be used if there is no way to provide the necessary exam materials using a combination of the other materials listed.

**Instructions:**
1. **Remote Feasibility:**  
   Evaluate whether Approve loans within specified limits, and refer loan applications outside those limits to management for approval. can be performed online/remotely or if it requires in-person presence.
   - **If in-person required:** Output `""can_be_performed_remotely"": false` and set all other fields (tools and materials) to `""NA""`.
   - **If remote:** Output `""can_be_performed_remotely"": true` and continue with the evaluation.

2. **Materials Required:**  
   For each material type, determine if it is necessary to provide materials of this type as part of an exam to evaluate Loan Officers's ability to perform the task (Approve loans within specified limits, and refer loan applications outside those limits to management for approval.). 
   Options are: ""Required""or ""Not required"" 
   The materials include:
   - ""Text""
   - ""Data""
   - ""Images""
   - ""Audio files""
   - ""Video files""
   - ""Virtual labs""
   - ""Specialized files""


3. **Tools Required:**  
   For each tool, assess whether it is needed to complete an exam that evaluates whether an individual can do Approve loans within specified limits, and refer loan applications outside those limits to management for approval..
  Options are: ""Required"" or ""Not Required"". 
  The tools include:
   - ""Spreadsheet software""
   - ""Code execution environment""
   - ""Text editor""
   - ""Image viewer""
   - ""Image generator""
   - ""Presentation software""
   - ""Online search engine""
   - ""Video conferencing""
   - ""Chat interfaces""
   - ""Email client""
   - ""Internet access""
   - ""Specialized software""


4. **Feasibility of a practical exam:**
    Evaluate whether the task can meaningfully be tested in a practical, remote exam.
    - If you think this is possible, answer True,
    - Otherwise answer False

5. **Chain-of-Thought Reasoning:**  
   Optionally, include a brief chain-of-thought explanation (no more than 150 words) for your evaluations in a field called `""chain_of_thought""`.

**Output Requirement:**  
Return a JSON object strictly adhering to the provided structure, without any extra commentary outside of the JSON fields.

**Expected JSON Structure:**
{
  ""task_id"": ""3407"",
  ""occupation"": ""Loan Officers"",
  ""task_description"": ""Approve loans within specified limits, and refer loan applications outside those limits to management for approval."",
  ""can_be_performed_remotely"": true/false,
   ""feasibility_practical"": true/false,




  ""materials"": {
    ""Text"": ""Not Required/Required/NA"",
    ""Data"": ""Not Required/Required/NA"",
    ""Images"": ""Not Required/Required/NA"",
    ""Audio files"": ""Not Required/Required/NA"",
    ""Video files"": ""Not Required/Required/NA"",
    ""Virtual labs"": ""Not Required/Required/NA"",
    ""Speicalized files"":""Not Required/Required/NA"",
  },

   ""tools"": {
   ""Spreadsheet software"": ""Not Required/Required/NA"",
   ""Code execution environment"": ""Not Required/Required/NA"",
   ""Image viewer"": ""Not Required/Required/NA"",
   ""Image generator"": ""Not Required/Required/NA"",
   ""Text editor"": ""Not Required/Required/NA"",
   ""Presentation software"": ""Not Required/Required/NA"",
   ""Online search engine"": ""Not Required/Required/NA"",
   ""Video conferencing"": ""Not Required/Required/NA"",
   ""Chat interfaces"": ""Not Required/Required/NA"",
   ""Email client"": ""Not Required/Required/NA"",
   ""Internet access"": ""Not Required/Required/NA"",
   ""Specialized software:""""Not Required/Required/NA"",
  },
  ""chain_of_thought"": ""Brief explanation (no more than 150 words).""
}",3407.0,Loan Officers,"Approve loans within specified limits, and refer loan applications outside those limits to management for approval.",True,True,"Loan approval is primarily a data analysis and decision-making task that can be performed remotely. A practical exam would provide sample loan applications with financial data and require candidates to apply specified approval criteria and limits. This can be objectively scored by comparing decisions to the correct actions based on established guidelines. Text and data materials are essential, and basic tools like spreadsheets and text editors would be sufficient for analysis and documentation.",Required,Required,Not Required,Not Required,Not Required,Not Required,Not Required,Required,Not Required,Not Required,Not Required,Required,Not Required,Not Required,Not Required,Not Required,Not Required,Not Required,Not Required,,"['Spreadsheet software', 'Text editor']","['Text', 'Data']",False,13-2072.00,3407,Some College Courses
634.0,"Task ID: 3414

Your assignment is to determine if (1) the task can be performed remotely, (2) it is possible to design a meaningful, **practical** exam for this task and (3) whether such an exam can be evaluated using fact-based scoring. Further, you should identify the required tools and materials that exam takers need to use.

**Definitions:**
- **Remote feasibility**: A task can be performed remotely if it doesn't require a person to be at a specific place or interact with humans face-to-face.

- **Tools:** Software or applications (e.g. coding & development tools, text editor, presentation software, image generator), that are **absolutely** critical for an exam taker to complete any practically relevant and meaningful exam for this task. 

- **Materials:** Digital content (e.g., data files, text, images, audio files) that form part of the test content.

- **Fact based scoring:** Whether the exam can be evaluated using a predefined answer key (objective scoring) or requires subjective assessment, such as evaluating the quality of written responses or creative work.

- **Practical exam:** A practical exam is a an exam actually testing whether the described task can be performed successfully. An exam testing the knowledge about the task is NOT a practical exam.

- **Virtual lab:** A virtual lab is an interactive digital environment that simulates real-world settings, allowing users to perform tasks, collaborate with others, and test scenarios remotely.

- **Images:** Such as product images, photographs, maps, graphs and plots, etc.

- **Specialized software:** Specialized software refers to computer programs designed for specific industry tasks or technical functions, such as Simulink for system modeling, CAD for 3D design or SAP for enterprise resource planning. This category should be used if there is no way to solve the exam using combinations of the other tools and software listed under tools, but some more specialized software is required.

- **Specialized files:** Specialized files refers to files that cannot be parsed into text, data, images, audio or video but are also not part of a virtual lab. This category should be used if there is no way to provide the necessary exam materials using a combination of the other materials listed.

**Instructions:**
1. **Remote Feasibility:**  
   Evaluate whether Compute payment schedules. can be performed online/remotely or if it requires in-person presence.
   - **If in-person required:** Output `""can_be_performed_remotely"": false` and set all other fields (tools and materials) to `""NA""`.
   - **If remote:** Output `""can_be_performed_remotely"": true` and continue with the evaluation.

2. **Materials Required:**  
   For each material type, determine if it is necessary to provide materials of this type as part of an exam to evaluate Loan Officers's ability to perform the task (Compute payment schedules.). 
   Options are: ""Required""or ""Not required"" 
   The materials include:
   - ""Text""
   - ""Data""
   - ""Images""
   - ""Audio files""
   - ""Video files""
   - ""Virtual labs""
   - ""Specialized files""


3. **Tools Required:**  
   For each tool, assess whether it is needed to complete an exam that evaluates whether an individual can do Compute payment schedules..
  Options are: ""Required"" or ""Not Required"". 
  The tools include:
   - ""Spreadsheet software""
   - ""Code execution environment""
   - ""Text editor""
   - ""Image viewer""
   - ""Image generator""
   - ""Presentation software""
   - ""Online search engine""
   - ""Video conferencing""
   - ""Chat interfaces""
   - ""Email client""
   - ""Internet access""
   - ""Specialized software""


4. **Feasibility of a practical exam:**
    Evaluate whether the task can meaningfully be tested in a practical, remote exam.
    - If you think this is possible, answer True,
    - Otherwise answer False

5. **Chain-of-Thought Reasoning:**  
   Optionally, include a brief chain-of-thought explanation (no more than 150 words) for your evaluations in a field called `""chain_of_thought""`.

**Output Requirement:**  
Return a JSON object strictly adhering to the provided structure, without any extra commentary outside of the JSON fields.

**Expected JSON Structure:**
{
  ""task_id"": ""3414"",
  ""occupation"": ""Loan Officers"",
  ""task_description"": ""Compute payment schedules."",
  ""can_be_performed_remotely"": true/false,
   ""feasibility_practical"": true/false,




  ""materials"": {
    ""Text"": ""Not Required/Required/NA"",
    ""Data"": ""Not Required/Required/NA"",
    ""Images"": ""Not Required/Required/NA"",
    ""Audio files"": ""Not Required/Required/NA"",
    ""Video files"": ""Not Required/Required/NA"",
    ""Virtual labs"": ""Not Required/Required/NA"",
    ""Speicalized files"":""Not Required/Required/NA"",
  },

   ""tools"": {
   ""Spreadsheet software"": ""Not Required/Required/NA"",
   ""Code execution environment"": ""Not Required/Required/NA"",
   ""Image viewer"": ""Not Required/Required/NA"",
   ""Image generator"": ""Not Required/Required/NA"",
   ""Text editor"": ""Not Required/Required/NA"",
   ""Presentation software"": ""Not Required/Required/NA"",
   ""Online search engine"": ""Not Required/Required/NA"",
   ""Video conferencing"": ""Not Required/Required/NA"",
   ""Chat interfaces"": ""Not Required/Required/NA"",
   ""Email client"": ""Not Required/Required/NA"",
   ""Internet access"": ""Not Required/Required/NA"",
   ""Specialized software:""""Not Required/Required/NA"",
  },
  ""chain_of_thought"": ""Brief explanation (no more than 150 words).""
}",3414.0,Loan Officers,Compute payment schedules.,True,True,"Computing payment schedules is a core task for loan officers that can be performed remotely using spreadsheet software. A practical exam would provide loan scenarios (text) with specific parameters (data) such as loan amounts, interest rates, terms, and payment frequencies. Candidates would calculate amortization schedules using formulas in spreadsheet software. This can be objectively scored by comparing the candidate's payment schedule outputs against correct calculations, checking for accurate principal, interest, and balance figures across payment periods.",Required,Required,Not Required,Not Required,Not Required,Not Required,Not Required,Required,Not Required,Not Required,Not Required,Not Required,Not Required,Not Required,Not Required,Not Required,Not Required,Not Required,Not Required,,['Spreadsheet software'],"['Text', 'Data']",False,13-2072.00,3414,Some College Courses
652.0,"Task ID: 7365

Your assignment is to determine if (1) the task can be performed remotely, (2) it is possible to design a meaningful, **practical** exam for this task and (3) whether such an exam can be evaluated using fact-based scoring. Further, you should identify the required tools and materials that exam takers need to use.

**Definitions:**
- **Remote feasibility**: A task can be performed remotely if it doesn't require a person to be at a specific place or interact with humans face-to-face.

- **Tools:** Software or applications (e.g. coding & development tools, text editor, presentation software, image generator), that are **absolutely** critical for an exam taker to complete any practically relevant and meaningful exam for this task. 

- **Materials:** Digital content (e.g., data files, text, images, audio files) that form part of the test content.

- **Fact based scoring:** Whether the exam can be evaluated using a predefined answer key (objective scoring) or requires subjective assessment, such as evaluating the quality of written responses or creative work.

- **Practical exam:** A practical exam is a an exam actually testing whether the described task can be performed successfully. An exam testing the knowledge about the task is NOT a practical exam.

- **Virtual lab:** A virtual lab is an interactive digital environment that simulates real-world settings, allowing users to perform tasks, collaborate with others, and test scenarios remotely.

- **Images:** Such as product images, photographs, maps, graphs and plots, etc.

- **Specialized software:** Specialized software refers to computer programs designed for specific industry tasks or technical functions, such as Simulink for system modeling, CAD for 3D design or SAP for enterprise resource planning. This category should be used if there is no way to solve the exam using combinations of the other tools and software listed under tools, but some more specialized software is required.

- **Specialized files:** Specialized files refers to files that cannot be parsed into text, data, images, audio or video but are also not part of a virtual lab. This category should be used if there is no way to provide the necessary exam materials using a combination of the other materials listed.

**Instructions:**
1. **Remote Feasibility:**  
   Evaluate whether Calculate form preparation fees according to return complexity and processing time required. can be performed online/remotely or if it requires in-person presence.
   - **If in-person required:** Output `""can_be_performed_remotely"": false` and set all other fields (tools and materials) to `""NA""`.
   - **If remote:** Output `""can_be_performed_remotely"": true` and continue with the evaluation.

2. **Materials Required:**  
   For each material type, determine if it is necessary to provide materials of this type as part of an exam to evaluate Tax Preparers's ability to perform the task (Calculate form preparation fees according to return complexity and processing time required.). 
   Options are: ""Required""or ""Not required"" 
   The materials include:
   - ""Text""
   - ""Data""
   - ""Images""
   - ""Audio files""
   - ""Video files""
   - ""Virtual labs""
   - ""Specialized files""


3. **Tools Required:**  
   For each tool, assess whether it is needed to complete an exam that evaluates whether an individual can do Calculate form preparation fees according to return complexity and processing time required..
  Options are: ""Required"" or ""Not Required"". 
  The tools include:
   - ""Spreadsheet software""
   - ""Code execution environment""
   - ""Text editor""
   - ""Image viewer""
   - ""Image generator""
   - ""Presentation software""
   - ""Online search engine""
   - ""Video conferencing""
   - ""Chat interfaces""
   - ""Email client""
   - ""Internet access""
   - ""Specialized software""


4. **Feasibility of a practical exam:**
    Evaluate whether the task can meaningfully be tested in a practical, remote exam.
    - If you think this is possible, answer True,
    - Otherwise answer False

5. **Chain-of-Thought Reasoning:**  
   Optionally, include a brief chain-of-thought explanation (no more than 150 words) for your evaluations in a field called `""chain_of_thought""`.

**Output Requirement:**  
Return a JSON object strictly adhering to the provided structure, without any extra commentary outside of the JSON fields.

**Expected JSON Structure:**
{
  ""task_id"": ""7365"",
  ""occupation"": ""Tax Preparers"",
  ""task_description"": ""Calculate form preparation fees according to return complexity and processing time required."",
  ""can_be_performed_remotely"": true/false,
   ""feasibility_practical"": true/false,




  ""materials"": {
    ""Text"": ""Not Required/Required/NA"",
    ""Data"": ""Not Required/Required/NA"",
    ""Images"": ""Not Required/Required/NA"",
    ""Audio files"": ""Not Required/Required/NA"",
    ""Video files"": ""Not Required/Required/NA"",
    ""Virtual labs"": ""Not Required/Required/NA"",
    ""Speicalized files"":""Not Required/Required/NA"",
  },

   ""tools"": {
   ""Spreadsheet software"": ""Not Required/Required/NA"",
   ""Code execution environment"": ""Not Required/Required/NA"",
   ""Image viewer"": ""Not Required/Required/NA"",
   ""Image generator"": ""Not Required/Required/NA"",
   ""Text editor"": ""Not Required/Required/NA"",
   ""Presentation software"": ""Not Required/Required/NA"",
   ""Online search engine"": ""Not Required/Required/NA"",
   ""Video conferencing"": ""Not Required/Required/NA"",
   ""Chat interfaces"": ""Not Required/Required/NA"",
   ""Email client"": ""Not Required/Required/NA"",
   ""Internet access"": ""Not Required/Required/NA"",
   ""Specialized software:""""Not Required/Required/NA"",
  },
  ""chain_of_thought"": ""Brief explanation (no more than 150 words).""
}",7365.0,Tax Preparers,Calculate form preparation fees according to return complexity and processing time required.,True,True,"Calculating tax preparation fees based on complexity and processing time is a task that can be performed remotely. A practical exam would involve providing sample tax return scenarios with varying complexity levels and time requirements, then asking examinees to calculate appropriate fees using a fee schedule or formula. This can be evaluated objectively by comparing answers to a predetermined fee calculation. Spreadsheet software would help with calculations, while a text editor would allow examinees to document their reasoning. The exam requires text descriptions of scenarios and data about complexity factors.",Required,Required,Not Required,Not Required,Not Required,Not Required,Not Required,Required,Not Required,Not Required,Not Required,Required,Not Required,Not Required,Not Required,Not Required,Not Required,Not Required,Not Required,,"['Spreadsheet software', 'Text editor']","['Text', 'Data']",False,13-2082.00,7365,Associate's Degree (or other 2-year degree)
671.0,"Task ID: 16006

Your assignment is to determine if (1) the task can be performed remotely, (2) it is possible to design a meaningful, **practical** exam for this task and (3) whether such an exam can be evaluated using fact-based scoring. Further, you should identify the required tools and materials that exam takers need to use.

**Definitions:**
- **Remote feasibility**: A task can be performed remotely if it doesn't require a person to be at a specific place or interact with humans face-to-face.

- **Tools:** Software or applications (e.g. coding & development tools, text editor, presentation software, image generator), that are **absolutely** critical for an exam taker to complete any practically relevant and meaningful exam for this task. 

- **Materials:** Digital content (e.g., data files, text, images, audio files) that form part of the test content.

- **Fact based scoring:** Whether the exam can be evaluated using a predefined answer key (objective scoring) or requires subjective assessment, such as evaluating the quality of written responses or creative work.

- **Practical exam:** A practical exam is a an exam actually testing whether the described task can be performed successfully. An exam testing the knowledge about the task is NOT a practical exam.

- **Virtual lab:** A virtual lab is an interactive digital environment that simulates real-world settings, allowing users to perform tasks, collaborate with others, and test scenarios remotely.

- **Images:** Such as product images, photographs, maps, graphs and plots, etc.

- **Specialized software:** Specialized software refers to computer programs designed for specific industry tasks or technical functions, such as Simulink for system modeling, CAD for 3D design or SAP for enterprise resource planning. This category should be used if there is no way to solve the exam using combinations of the other tools and software listed under tools, but some more specialized software is required.

- **Specialized files:** Specialized files refers to files that cannot be parsed into text, data, images, audio or video but are also not part of a virtual lab. This category should be used if there is no way to provide the necessary exam materials using a combination of the other materials listed.

**Instructions:**
1. **Remote Feasibility:**  
   Evaluate whether Analyze new legislation to determine impact on risk exposure. can be performed online/remotely or if it requires in-person presence.
   - **If in-person required:** Output `""can_be_performed_remotely"": false` and set all other fields (tools and materials) to `""NA""`.
   - **If remote:** Output `""can_be_performed_remotely"": true` and continue with the evaluation.

2. **Materials Required:**  
   For each material type, determine if it is necessary to provide materials of this type as part of an exam to evaluate Risk Management Specialists's ability to perform the task (Analyze new legislation to determine impact on risk exposure.). 
   Options are: ""Required""or ""Not required"" 
   The materials include:
   - ""Text""
   - ""Data""
   - ""Images""
   - ""Audio files""
   - ""Video files""
   - ""Virtual labs""
   - ""Specialized files""


3. **Tools Required:**  
   For each tool, assess whether it is needed to complete an exam that evaluates whether an individual can do Analyze new legislation to determine impact on risk exposure..
  Options are: ""Required"" or ""Not Required"". 
  The tools include:
   - ""Spreadsheet software""
   - ""Code execution environment""
   - ""Text editor""
   - ""Image viewer""
   - ""Image generator""
   - ""Presentation software""
   - ""Online search engine""
   - ""Video conferencing""
   - ""Chat interfaces""
   - ""Email client""
   - ""Internet access""
   - ""Specialized software""


4. **Feasibility of a practical exam:**
    Evaluate whether the task can meaningfully be tested in a practical, remote exam.
    - If you think this is possible, answer True,
    - Otherwise answer False

5. **Chain-of-Thought Reasoning:**  
   Optionally, include a brief chain-of-thought explanation (no more than 150 words) for your evaluations in a field called `""chain_of_thought""`.

**Output Requirement:**  
Return a JSON object strictly adhering to the provided structure, without any extra commentary outside of the JSON fields.

**Expected JSON Structure:**
{
  ""task_id"": ""16006"",
  ""occupation"": ""Risk Management Specialists"",
  ""task_description"": ""Analyze new legislation to determine impact on risk exposure."",
  ""can_be_performed_remotely"": true/false,
   ""feasibility_practical"": true/false,




  ""materials"": {
    ""Text"": ""Not Required/Required/NA"",
    ""Data"": ""Not Required/Required/NA"",
    ""Images"": ""Not Required/Required/NA"",
    ""Audio files"": ""Not Required/Required/NA"",
    ""Video files"": ""Not Required/Required/NA"",
    ""Virtual labs"": ""Not Required/Required/NA"",
    ""Speicalized files"":""Not Required/Required/NA"",
  },

   ""tools"": {
   ""Spreadsheet software"": ""Not Required/Required/NA"",
   ""Code execution environment"": ""Not Required/Required/NA"",
   ""Image viewer"": ""Not Required/Required/NA"",
   ""Image generator"": ""Not Required/Required/NA"",
   ""Text editor"": ""Not Required/Required/NA"",
   ""Presentation software"": ""Not Required/Required/NA"",
   ""Online search engine"": ""Not Required/Required/NA"",
   ""Video conferencing"": ""Not Required/Required/NA"",
   ""Chat interfaces"": ""Not Required/Required/NA"",
   ""Email client"": ""Not Required/Required/NA"",
   ""Internet access"": ""Not Required/Required/NA"",
   ""Specialized software:""""Not Required/Required/NA"",
  },
  ""chain_of_thought"": ""Brief explanation (no more than 150 words).""
}",16006.0,Risk Management Specialists,Analyze new legislation to determine impact on risk exposure.,True,True,"Analyzing legislation for risk impact is primarily a cognitive task that can be performed remotely. A practical exam can provide legislative text and organizational data, then ask candidates to identify specific risk exposures, quantify potential impacts, and recommend mitigation strategies. This requires text editor for analysis documentation and spreadsheet software for quantitative risk assessment. The exam can be objectively scored against a rubric that evaluates identification of key risk factors, accuracy of impact assessment, and appropriateness of recommendations.",Required,Required,Not Required,Not Required,Not Required,Not Required,Not Required,Required,Not Required,Not Required,Not Required,Required,Not Required,Not Required,Not Required,Not Required,Not Required,Not Required,Not Required,,"['Spreadsheet software', 'Text editor']","['Text', 'Data']",False,13-2099.02,16006,"Post-Baccalaureate Certificate - awarded for completion of an organized program of study; designed for people who have completed a Baccalaureate degree, but do not meet the requirements of academic degrees carrying the title of Master"
188.0,"Task ID: 18885

Your assignment is to determine if (1) the task can be performed remotely, (2) it is possible to design a meaningful, **practical** exam for this task and (3) whether such an exam can be evaluated using fact-based scoring. Further, you should identify the required tools and materials that exam takers need to use.

**Definitions:**
- **Remote feasibility**: A task can be performed remotely if it doesn't require a person to be at a specific place or interact with humans face-to-face.

- **Tools:** Software or applications (e.g. coding & development tools, text editor, presentation software, image generator), that are **absolutely** critical for an exam taker to complete any practically relevant and meaningful exam for this task. 

- **Materials:** Digital content (e.g., data files, text, images, audio files) that form part of the test content.

- **Fact based scoring:** Whether the exam can be evaluated using a predefined answer key (objective scoring) or requires subjective assessment, such as evaluating the quality of written responses or creative work.

- **Practical exam:** A practical exam is a an exam actually testing whether the described task can be performed successfully. An exam testing the knowledge about the task is NOT a practical exam.

- **Virtual lab:** A virtual lab is an interactive digital environment that simulates real-world settings, allowing users to perform tasks, collaborate with others, and test scenarios remotely.

- **Images:** Such as product images, photographs, maps, graphs and plots, etc.

- **Specialized software:** Specialized software refers to computer programs designed for specific industry tasks or technical functions, such as Simulink for system modeling, CAD for 3D design or SAP for enterprise resource planning. This category should be used if there is no way to solve the exam using combinations of the other tools and software listed under tools, but some more specialized software is required.

- **Specialized files:** Specialized files refers to files that cannot be parsed into text, data, images, audio or video but are also not part of a virtual lab. This category should be used if there is no way to provide the necessary exam materials using a combination of the other materials listed.

**Instructions:**
1. **Remote Feasibility:**  
   Evaluate whether Monitor company or workforce adherence to labor agreements. can be performed online/remotely or if it requires in-person presence.
   - **If in-person required:** Output `""can_be_performed_remotely"": false` and set all other fields (tools and materials) to `""NA""`.
   - **If remote:** Output `""can_be_performed_remotely"": true` and continue with the evaluation.

2. **Materials Required:**  
   For each material type, determine if it is necessary to provide materials of this type as part of an exam to evaluate Labor Relations Specialists's ability to perform the task (Monitor company or workforce adherence to labor agreements.). 
   Options are: ""Required""or ""Not required"" 
   The materials include:
   - ""Text""
   - ""Data""
   - ""Images""
   - ""Audio files""
   - ""Video files""
   - ""Virtual labs""
   - ""Specialized files""


3. **Tools Required:**  
   For each tool, assess whether it is needed to complete an exam that evaluates whether an individual can do Monitor company or workforce adherence to labor agreements..
  Options are: ""Required"" or ""Not Required"". 
  The tools include:
   - ""Spreadsheet software""
   - ""Code execution environment""
   - ""Text editor""
   - ""Image viewer""
   - ""Image generator""
   - ""Presentation software""
   - ""Online search engine""
   - ""Video conferencing""
   - ""Chat interfaces""
   - ""Email client""
   - ""Internet access""
   - ""Specialized software""


4. **Feasibility of a practical exam:**
    Evaluate whether the task can meaningfully be tested in a practical, remote exam.
    - If you think this is possible, answer True,
    - Otherwise answer False

5. **Chain-of-Thought Reasoning:**  
   Optionally, include a brief chain-of-thought explanation (no more than 150 words) for your evaluations in a field called `""chain_of_thought""`.

**Output Requirement:**  
Return a JSON object strictly adhering to the provided structure, without any extra commentary outside of the JSON fields.

**Expected JSON Structure:**
{
  ""task_id"": ""18885"",
  ""occupation"": ""Labor Relations Specialists"",
  ""task_description"": ""Monitor company or workforce adherence to labor agreements."",
  ""can_be_performed_remotely"": true/false,
   ""feasibility_practical"": true/false,




  ""materials"": {
    ""Text"": ""Not Required/Required/NA"",
    ""Data"": ""Not Required/Required/NA"",
    ""Images"": ""Not Required/Required/NA"",
    ""Audio files"": ""Not Required/Required/NA"",
    ""Video files"": ""Not Required/Required/NA"",
    ""Virtual labs"": ""Not Required/Required/NA"",
    ""Specialized files"":""Not Required/Required/NA"",
  },

   ""tools"": {
   ""Spreadsheet software"": ""Not Required/Required/NA"",
   ""Code execution environment"": ""Not Required/Required/NA"",
   ""Image viewer"": ""Not Required/Required/NA"",
   ""Image generator"": ""Not Required/Required/NA"",
   ""Text editor"": ""Not Required/Required/NA"",
   ""Presentation software"": ""Not Required/Required/NA"",
   ""Online search engine"": ""Not Required/Required/NA"",
   ""Video conferencing"": ""Not Required/Required/NA"",
   ""Chat interfaces"": ""Not Required/Required/NA"",
   ""Email client"": ""Not Required/Required/NA"",
   ""Internet access"": ""Not Required/Required/NA"",
   ""Specialized software:""""Not Required/Required/NA"",
  },
  ""chain_of_thought"": ""Brief explanation (no more than 150 words).""
}",18885.0,Labor Relations Specialists,Monitor company or workforce adherence to labor agreements.,True,True,"Monitoring adherence to labor agreements involves reviewing documents, analyzing data, and comparing practices against contractual requirements - all of which can be done remotely. A practical exam can present candidates with labor agreements, company policies, and workforce data (attendance, compensation, grievances) and ask them to identify compliance issues, suggest corrective actions, and document findings. This can be objectively scored against a rubric of expected violations and appropriate responses. Text documents and data files are essential materials, while spreadsheet software and text editors are required tools for analysis and documentation.",Required,Required,Not Required,Not Required,Not Required,Not Required,,Required,Not Required,Not Required,Not Required,Required,Not Required,Not Required,Not Required,Not Required,Not Required,Not Required,Not Required,Not Required,"['Spreadsheet software', 'Text editor']","['Text', 'Data']",False,13-1075.00,18885,Bachelor's Degree
204.0,"Task ID: 18893

Your assignment is to determine if (1) the task can be performed remotely, (2) it is possible to design a meaningful, **practical** exam for this task and (3) whether such an exam can be evaluated using fact-based scoring. Further, you should identify the required tools and materials that exam takers need to use.

**Definitions:**
- **Remote feasibility**: A task can be performed remotely if it doesn't require a person to be at a specific place or interact with humans face-to-face.

- **Tools:** Software or applications (e.g. coding & development tools, text editor, presentation software, image generator), that are **absolutely** critical for an exam taker to complete any practically relevant and meaningful exam for this task. 

- **Materials:** Digital content (e.g., data files, text, images, audio files) that form part of the test content.

- **Fact based scoring:** Whether the exam can be evaluated using a predefined answer key (objective scoring) or requires subjective assessment, such as evaluating the quality of written responses or creative work.

- **Practical exam:** A practical exam is a an exam actually testing whether the described task can be performed successfully. An exam testing the knowledge about the task is NOT a practical exam.

- **Virtual lab:** A virtual lab is an interactive digital environment that simulates real-world settings, allowing users to perform tasks, collaborate with others, and test scenarios remotely.

- **Images:** Such as product images, photographs, maps, graphs and plots, etc.

- **Specialized software:** Specialized software refers to computer programs designed for specific industry tasks or technical functions, such as Simulink for system modeling, CAD for 3D design or SAP for enterprise resource planning. This category should be used if there is no way to solve the exam using combinations of the other tools and software listed under tools, but some more specialized software is required.

- **Specialized files:** Specialized files refers to files that cannot be parsed into text, data, images, audio or video but are also not part of a virtual lab. This category should be used if there is no way to provide the necessary exam materials using a combination of the other materials listed.

**Instructions:**
1. **Remote Feasibility:**  
   Evaluate whether Review employer practices or employee data to ensure compliance with contracts on matters such as wages, hours, or conditions of employment. can be performed online/remotely or if it requires in-person presence.
   - **If in-person required:** Output `""can_be_performed_remotely"": false` and set all other fields (tools and materials) to `""NA""`.
   - **If remote:** Output `""can_be_performed_remotely"": true` and continue with the evaluation.

2. **Materials Required:**  
   For each material type, determine if it is necessary to provide materials of this type as part of an exam to evaluate Labor Relations Specialists's ability to perform the task (Review employer practices or employee data to ensure compliance with contracts on matters such as wages, hours, or conditions of employment.). 
   Options are: ""Required""or ""Not required"" 
   The materials include:
   - ""Text""
   - ""Data""
   - ""Images""
   - ""Audio files""
   - ""Video files""
   - ""Virtual labs""
   - ""Specialized files""


3. **Tools Required:**  
   For each tool, assess whether it is needed to complete an exam that evaluates whether an individual can do Review employer practices or employee data to ensure compliance with contracts on matters such as wages, hours, or conditions of employment..
  Options are: ""Required"" or ""Not Required"". 
  The tools include:
   - ""Spreadsheet software""
   - ""Code execution environment""
   - ""Text editor""
   - ""Image viewer""
   - ""Image generator""
   - ""Presentation software""
   - ""Online search engine""
   - ""Video conferencing""
   - ""Chat interfaces""
   - ""Email client""
   - ""Internet access""
   - ""Specialized software""


4. **Feasibility of a practical exam:**
    Evaluate whether the task can meaningfully be tested in a practical, remote exam.
    - If you think this is possible, answer True,
    - Otherwise answer False

5. **Chain-of-Thought Reasoning:**  
   Optionally, include a brief chain-of-thought explanation (no more than 150 words) for your evaluations in a field called `""chain_of_thought""`.

**Output Requirement:**  
Return a JSON object strictly adhering to the provided structure, without any extra commentary outside of the JSON fields.

**Expected JSON Structure:**
{
  ""task_id"": ""18893"",
  ""occupation"": ""Labor Relations Specialists"",
  ""task_description"": ""Review employer practices or employee data to ensure compliance with contracts on matters such as wages, hours, or conditions of employment."",
  ""can_be_performed_remotely"": true/false,
   ""feasibility_practical"": true/false,




  ""materials"": {
    ""Text"": ""Not Required/Required/NA"",
    ""Data"": ""Not Required/Required/NA"",
    ""Images"": ""Not Required/Required/NA"",
    ""Audio files"": ""Not Required/Required/NA"",
    ""Video files"": ""Not Required/Required/NA"",
    ""Virtual labs"": ""Not Required/Required/NA"",
    ""Specialized files"":""Not Required/Required/NA"",
  },

   ""tools"": {
   ""Spreadsheet software"": ""Not Required/Required/NA"",
   ""Code execution environment"": ""Not Required/Required/NA"",
   ""Image viewer"": ""Not Required/Required/NA"",
   ""Image generator"": ""Not Required/Required/NA"",
   ""Text editor"": ""Not Required/Required/NA"",
   ""Presentation software"": ""Not Required/Required/NA"",
   ""Online search engine"": ""Not Required/Required/NA"",
   ""Video conferencing"": ""Not Required/Required/NA"",
   ""Chat interfaces"": ""Not Required/Required/NA"",
   ""Email client"": ""Not Required/Required/NA"",
   ""Internet access"": ""Not Required/Required/NA"",
   ""Specialized software:""""Not Required/Required/NA"",
  },
  ""chain_of_thought"": ""Brief explanation (no more than 150 words).""
}",18893.0,Labor Relations Specialists,"Review employer practices or employee data to ensure compliance with contracts on matters such as wages, hours, or conditions of employment.",True,True,"Reviewing employer practices and employee data for contract compliance can be performed remotely as it involves analyzing documents and data. A practical exam would provide sample employment contracts, payroll data, and workplace policies, requiring candidates to identify compliance issues. This can be evaluated objectively by checking if candidates correctly identify specific violations. Essential materials include text documents (contracts, policies) and data files (payroll, schedules). Spreadsheet software is needed to analyze numerical data, while a text editor helps document findings. The task is fundamentally analytical and document-based, making it well-suited for remote practical assessment.",Required,Required,Not Required,Not Required,Not Required,Not Required,,Required,Not Required,Not Required,Not Required,Required,Not Required,Not Required,Not Required,Not Required,Not Required,Not Required,Not Required,Not Required,"['Spreadsheet software', 'Text editor']","['Text', 'Data']",False,13-1075.00,18893,Bachelor's Degree
