soc_code,title,task_id,task,task_type,Incumbents Responding,Date,Domain Source,SOC-2digit,SOC Title
13-1011.00,"Agents and Business Managers of Artists, Performers, and Athletes",12865,"Collect fees, commissions, or other payments, according to contract terms.",Core,135.0,06/2007,Incumbent,13,Business and Financial Operations Occupations
13-1011.00,"Agents and Business Managers of Artists, Performers, and Athletes",12866,"Confer with clients to develop strategies for their careers, and to explain actions taken on their behalf.",Core,134.0,06/2007,Incumbent,13,Business and Financial Operations Occupations
13-1011.00,"Agents and Business Managers of Artists, Performers, and Athletes",12867,"Develop contacts with individuals and organizations, and apply effective strategies and techniques to ensure their clients' success.",Core,133.0,06/2007,Incumbent,13,Business and Financial Operations Occupations
13-1011.00,"Agents and Business Managers of Artists, Performers, and Athletes",12868,Schedule promotional or performance engagements for clients.,Core,133.0,06/2007,Incumbent,13,Business and Financial Operations Occupations
13-1011.00,"Agents and Business Managers of Artists, Performers, and Athletes",12869,"Negotiate with managers, promoters, union officials, and other persons regarding clients' contractual rights and obligations.",Core,133.0,06/2007,Incumbent,13,Business and Financial Operations Occupations
13-1011.00,"Agents and Business Managers of Artists, Performers, and Athletes",12870,Keep informed of industry trends and deals.,Core,134.0,06/2007,Incumbent,13,Business and Financial Operations Occupations
13-1011.00,"Agents and Business Managers of Artists, Performers, and Athletes",12871,"Manage business and financial affairs for clients, such as arranging travel and lodging, selling tickets, and directing marketing and advertising activities.",Core,133.0,06/2007,Incumbent,13,Business and Financial Operations Occupations
13-1011.00,"Agents and Business Managers of Artists, Performers, and Athletes",12872,Conduct auditions or interviews to evaluate potential clients.,Core,133.0,06/2007,Incumbent,13,Business and Financial Operations Occupations
13-1011.00,"Agents and Business Managers of Artists, Performers, and Athletes",12873,Arrange meetings concerning issues involving their clients.,Core,134.0,06/2007,Incumbent,13,Business and Financial Operations Occupations
13-1021.00,"Buyers and Purchasing Agents, Farm Products",12878,"Purchase, for further processing or for resale, farm products such as milk, grains, or Christmas trees.",Core,71.0,07/2013,Incumbent,13,Business and Financial Operations Occupations
13-1021.00,"Buyers and Purchasing Agents, Farm Products",12880,Arrange for processing or resale of purchased products.,Core,71.0,07/2013,Incumbent,13,Business and Financial Operations Occupations
13-1021.00,"Buyers and Purchasing Agents, Farm Products",12879,Negotiate contracts with farmers for the production or purchase of farm products.,Core,71.0,07/2013,Incumbent,13,Business and Financial Operations Occupations
13-1021.00,"Buyers and Purchasing Agents, Farm Products",12881,Arrange for transportation or storage of purchased products.,Core,71.0,07/2013,Incumbent,13,Business and Financial Operations Occupations
13-1021.00,"Buyers and Purchasing Agents, Farm Products",12883,"Maintain records of business transactions and product inventories, reporting data to companies or government agencies as necessary.",Core,71.0,07/2013,Incumbent,13,Business and Financial Operations Occupations
13-1021.00,"Buyers and Purchasing Agents, Farm Products",12882,Review orders to determine product types and quantities required to meet demand.,Core,70.0,07/2013,Incumbent,13,Business and Financial Operations Occupations
13-1022.00,"Wholesale and Retail Buyers, Except Farm Products",20710,Buy merchandise or commodities for resale to wholesale or retail consumers.,Core,81.0,07/2015,Incumbent,13,Business and Financial Operations Occupations
13-1022.00,"Wholesale and Retail Buyers, Except Farm Products",20711,"Negotiate prices, discount terms, or transportation arrangements with suppliers.",Core,81.0,07/2015,Incumbent,13,Business and Financial Operations Occupations
13-1022.00,"Wholesale and Retail Buyers, Except Farm Products",20712,"Examine, select, order, or purchase merchandise consistent with quality, quantity, specification requirements, or other factors, such as environmental soundness.",Core,81.0,07/2015,Incumbent,13,Business and Financial Operations Occupations
13-1022.00,"Wholesale and Retail Buyers, Except Farm Products",20713,"Recommend mark-up rates, markdown rates, or merchandise selling prices.",Core,81.0,07/2015,Incumbent,13,Business and Financial Operations Occupations
13-1022.00,"Wholesale and Retail Buyers, Except Farm Products",20714,Obtain information about customer needs or preferences by conferring with sales or purchasing personnel.,Core,81.0,07/2015,Incumbent,13,Business and Financial Operations Occupations
13-1022.00,"Wholesale and Retail Buyers, Except Farm Products",68,Authorize payment of invoices or return of merchandise.,Core,82.0,07/2015,Incumbent,13,Business and Financial Operations Occupations
13-1022.00,"Wholesale and Retail Buyers, Except Farm Products",66,"Monitor and analyze sales records, trends, or economic conditions to anticipate consumer buying patterns and determine what the company will sell and how much inventory is needed.",Core,81.0,07/2015,Incumbent,13,Business and Financial Operations Occupations
13-1022.00,"Wholesale and Retail Buyers, Except Farm Products",20715,Collaborate with vendors to obtain or develop desired products.,Core,81.0,07/2015,Incumbent,13,Business and Financial Operations Occupations
13-1022.00,"Wholesale and Retail Buyers, Except Farm Products",20716,"Inspect merchandise or products to determine quality, value, or yield.",Core,82.0,07/2015,Incumbent,13,Business and Financial Operations Occupations
13-1022.00,"Wholesale and Retail Buyers, Except Farm Products",20717,Conduct sales meetings to introduce new merchandise.,Core,81.0,07/2015,Incumbent,13,Business and Financial Operations Occupations
13-1023.00,"Purchasing Agents, Except Wholesale, Retail, and Farm Products",1143,"Prepare purchase orders, solicit bid proposals, and review requisitions for goods and services.",Core,21.0,07/2011,Occupational Expert,13,Business and Financial Operations Occupations
13-1023.00,"Purchasing Agents, Except Wholesale, Retail, and Farm Products",1142,Purchase the highest quality merchandise at the lowest possible price and in correct amounts.,Core,21.0,07/2011,Occupational Expert,13,Business and Financial Operations Occupations
13-1023.00,"Purchasing Agents, Except Wholesale, Retail, and Farm Products",1146,Monitor and follow applicable laws and regulations.,Core,21.0,07/2011,Occupational Expert,13,Business and Financial Operations Occupations
13-1023.00,"Purchasing Agents, Except Wholesale, Retail, and Farm Products",1144,"Research and evaluate suppliers based on price, quality, selection, service, support, availability, reliability, production and distribution capabilities, and the supplier's reputation and history.",Core,21.0,07/2011,Occupational Expert,13,Business and Financial Operations Occupations
13-1023.00,"Purchasing Agents, Except Wholesale, Retail, and Farm Products",1147,"Negotiate, renegotiate, and administer contracts with suppliers, vendors, and other representatives.",Core,21.0,07/2011,Occupational Expert,13,Business and Financial Operations Occupations
13-1023.00,"Purchasing Agents, Except Wholesale, Retail, and Farm Products",1145,"Analyze price proposals, financial reports, and other data and information to determine reasonable prices.",Core,21.0,07/2011,Occupational Expert,13,Business and Financial Operations Occupations
13-1023.00,"Purchasing Agents, Except Wholesale, Retail, and Farm Products",1151,"Maintain and review computerized or manual records of items purchased, costs, deliveries, product performance, and inventories.",Core,21.0,07/2011,Occupational Expert,13,Business and Financial Operations Occupations
13-1023.00,"Purchasing Agents, Except Wholesale, Retail, and Farm Products",1157,"Write and review product specifications, maintaining a working technical knowledge of the goods or services to be purchased.",Core,21.0,07/2011,Occupational Expert,13,Business and Financial Operations Occupations
13-1023.00,"Purchasing Agents, Except Wholesale, Retail, and Farm Products",1159,Formulate policies and procedures for bid proposals and procurement of goods and services.,Core,21.0,07/2011,Occupational Expert,13,Business and Financial Operations Occupations
13-1023.00,"Purchasing Agents, Except Wholesale, Retail, and Farm Products",1150,Evaluate and monitor contract performance to ensure compliance with contractual obligations and to determine need for changes.,Core,21.0,07/2011,Occupational Expert,13,Business and Financial Operations Occupations
13-1023.00,"Purchasing Agents, Except Wholesale, Retail, and Farm Products",1148,Monitor shipments to ensure that goods come in on time and resolve problems related to undelivered goods.,Core,21.0,07/2011,Occupational Expert,13,Business and Financial Operations Occupations
13-1023.00,"Purchasing Agents, Except Wholesale, Retail, and Farm Products",1156,"Hire, train, or supervise purchasing clerks, buyers, and expediters.",Core,21.0,07/2011,Occupational Expert,13,Business and Financial Operations Occupations
13-1023.00,"Purchasing Agents, Except Wholesale, Retail, and Farm Products",1152,"Review catalogs, industry periodicals, directories, trade journals, and Internet sites and consult with other department personnel to locate necessary goods and services.",Core,21.0,07/2011,Occupational Expert,13,Business and Financial Operations Occupations
13-1023.00,"Purchasing Agents, Except Wholesale, Retail, and Farm Products",1158,"Monitor changes affecting supply and demand, tracking market conditions, price trends, or futures markets.",Core,21.0,07/2011,Occupational Expert,13,Business and Financial Operations Occupations
13-1023.00,"Purchasing Agents, Except Wholesale, Retail, and Farm Products",1149,"Confer with staff, users, and vendors to discuss defective or unacceptable goods or services and determine corrective action.",Core,21.0,07/2011,Occupational Expert,13,Business and Financial Operations Occupations
13-1023.00,"Purchasing Agents, Except Wholesale, Retail, and Farm Products",1153,Study sales records and inventory levels of current stock to develop strategic purchasing programs that facilitate employee access to supplies.,Core,21.0,07/2011,Occupational Expert,13,Business and Financial Operations Occupations
13-1023.00,"Purchasing Agents, Except Wholesale, Retail, and Farm Products",1154,"Interview vendors and visit suppliers' plants and distribution centers to examine and learn about products, services, and prices.",Core,21.0,07/2011,Occupational Expert,13,Business and Financial Operations Occupations
13-1023.00,"Purchasing Agents, Except Wholesale, Retail, and Farm Products",1155,Arrange the payment of duty and freight charges.,Core,21.0,07/2011,Occupational Expert,13,Business and Financial Operations Occupations
13-1031.01,"Claims Examiners, Property and Casualty Insurance",5272,"Investigate, evaluate, and settle claims, applying technical knowledge and human relations skills to effect fair and prompt disposal of cases and to contribute to a reduced loss ratio.",Core,64.0,06/2010,Incumbent,13,Business and Financial Operations Occupations
13-1031.01,"Claims Examiners, Property and Casualty Insurance",5274,Adjust reserves or provide reserve recommendations to ensure that reserve activities are consistent with corporate policies.,Core,64.0,06/2010,Incumbent,13,Business and Financial Operations Occupations
13-1031.01,"Claims Examiners, Property and Casualty Insurance",5276,"Resolve complex, severe exposure claims, using high service oriented file handling.",Core,64.0,06/2010,Incumbent,13,Business and Financial Operations Occupations
13-1031.01,"Claims Examiners, Property and Casualty Insurance",5273,Pay and process claims within designated authority level.,Core,64.0,06/2010,Incumbent,13,Business and Financial Operations Occupations
13-1031.01,"Claims Examiners, Property and Casualty Insurance",5279,"Examine claims investigated by insurance adjusters, further investigating questionable claims to determine whether to authorize payments.",Core,64.0,06/2010,Incumbent,13,Business and Financial Operations Occupations
13-1031.01,"Claims Examiners, Property and Casualty Insurance",5278,Verify and analyze data used in settling claims to ensure that claims are valid and that settlements are made according to company practices and procedures.,Core,63.0,06/2010,Incumbent,13,Business and Financial Operations Occupations
13-1031.01,"Claims Examiners, Property and Casualty Insurance",5275,"Enter claim payments, reserves and new claims on computer system, inputting concise yet sufficient file documentation.",Core,64.0,06/2010,Incumbent,13,Business and Financial Operations Occupations
13-1031.01,"Claims Examiners, Property and Casualty Insurance",5282,Confer with legal counsel on claims requiring litigation.,Core,64.0,06/2010,Incumbent,13,Business and Financial Operations Occupations
13-1031.01,"Claims Examiners, Property and Casualty Insurance",5281,"Contact or interview claimants, doctors, medical specialists, or employers to get additional information.",Core,64.0,06/2010,Incumbent,13,Business and Financial Operations Occupations
13-1031.01,"Claims Examiners, Property and Casualty Insurance",5277,"Maintain claim files, such as records of settled claims and an inventory of claims requiring detailed analysis.",Core,62.0,06/2010,Incumbent,13,Business and Financial Operations Occupations
13-1031.01,"Claims Examiners, Property and Casualty Insurance",5280,Present cases and participate in their discussion at claim committee meetings.,Core,64.0,06/2010,Incumbent,13,Business and Financial Operations Occupations
13-1031.02,"Insurance Adjusters, Examiners, and Investigators",1163,Examine claims forms and other records to determine insurance coverage.,Core,99.0,06/2009,Incumbent,13,Business and Financial Operations Occupations
13-1031.02,"Insurance Adjusters, Examiners, and Investigators",18465,Investigate and assess damage to property and create or review property damage estimates.,Core,98.0,06/2009,Incumbent,13,Business and Financial Operations Occupations
13-1031.02,"Insurance Adjusters, Examiners, and Investigators",18466,"Interview or correspond with claimants, witnesses, police, physicians, or other relevant parties to determine claim settlement, denial, or review.",Core,99.0,06/2009,Incumbent,13,Business and Financial Operations Occupations
13-1031.02,"Insurance Adjusters, Examiners, and Investigators",18467,"Review police reports, medical treatment records, medical bills, or physical property damage to determine the extent of liability.",Core,99.0,06/2009,Incumbent,13,Business and Financial Operations Occupations
13-1031.02,"Insurance Adjusters, Examiners, and Investigators",1165,Negotiate claim settlements and recommend litigation when settlement cannot be negotiated.,Core,98.0,06/2009,Incumbent,13,Business and Financial Operations Occupations
13-1031.02,"Insurance Adjusters, Examiners, and Investigators",1164,Analyze information gathered by investigation and report findings and recommendations.,Core,98.0,06/2009,Incumbent,13,Business and Financial Operations Occupations
13-1031.02,"Insurance Adjusters, Examiners, and Investigators",1168,Interview or correspond with agents and claimants to correct errors or omissions and to investigate questionable claims.,Core,97.0,06/2009,Incumbent,13,Business and Financial Operations Occupations
13-1031.02,"Insurance Adjusters, Examiners, and Investigators",1166,Prepare report of findings of investigation.,Core,99.0,06/2009,Incumbent,13,Business and Financial Operations Occupations
13-1031.02,"Insurance Adjusters, Examiners, and Investigators",1169,Refer questionable claims to investigator or claims adjuster for investigation or settlement.,Core,99.0,06/2009,Incumbent,13,Business and Financial Operations Occupations
13-1031.02,"Insurance Adjusters, Examiners, and Investigators",1167,Collect evidence to support contested claims in court.,Core,98.0,06/2009,Incumbent,13,Business and Financial Operations Occupations
13-1032.00,"Insurance Appraisers, Auto Damage",7246,"Estimate parts and labor to repair damage, using standard automotive labor and parts cost manuals and knowledge of automotive repair.",Core,112.0,12/2005,Incumbent,13,Business and Financial Operations Occupations
13-1032.00,"Insurance Appraisers, Auto Damage",7247,Review repair cost estimates with automobile repair shop to secure agreement on cost of repairs.,Core,111.0,12/2005,Incumbent,13,Business and Financial Operations Occupations
13-1032.00,"Insurance Appraisers, Auto Damage",7248,"Examine damaged vehicle to determine extent of structural, body, mechanical, electrical, or interior damage.",Core,112.0,12/2005,Incumbent,13,Business and Financial Operations Occupations
13-1032.00,"Insurance Appraisers, Auto Damage",7249,Evaluate practicality of repair as opposed to payment of market value of vehicle before accident.,Core,112.0,12/2005,Incumbent,13,Business and Financial Operations Occupations
13-1032.00,"Insurance Appraisers, Auto Damage",7250,Determine salvage value on total-loss vehicle.,Core,112.0,12/2005,Incumbent,13,Business and Financial Operations Occupations
13-1032.00,"Insurance Appraisers, Auto Damage",7251,Prepare insurance forms to indicate repair cost estimates and recommendations.,Core,111.0,12/2005,Incumbent,13,Business and Financial Operations Occupations
13-1032.00,"Insurance Appraisers, Auto Damage",7252,Arrange to have damage appraised by another appraiser to resolve disagreement with shop on repair cost.,Core,112.0,12/2005,Incumbent,13,Business and Financial Operations Occupations
13-1041.01,Environmental Compliance Inspectors,10830,"Examine permits, licenses, applications, and records to ensure compliance with licensing requirements.",Core,21.0,07/2014,Occupational Expert,13,Business and Financial Operations Occupations
13-1041.01,Environmental Compliance Inspectors,10833,"Prepare written, oral, tabular, and graphic reports summarizing requirements and regulations, including enforcement and chain of custody documentation.",Core,21.0,07/2014,Occupational Expert,13,Business and Financial Operations Occupations
13-1041.01,Environmental Compliance Inspectors,10829,"Determine the nature of code violations and actions to be taken, and issue written notices of violation; participate in enforcement hearings as necessary.",Core,21.0,07/2014,Occupational Expert,13,Business and Financial Operations Occupations
13-1041.01,Environmental Compliance Inspectors,10831,"Prepare, organize, and maintain inspection records.",Core,21.0,07/2014,Occupational Expert,13,Business and Financial Operations Occupations
13-1041.01,Environmental Compliance Inspectors,10839,"Verify that hazardous chemicals are handled, stored, and disposed of in accordance with regulations.",Core,21.0,07/2014,Occupational Expert,13,Business and Financial Operations Occupations
13-1041.01,Environmental Compliance Inspectors,10832,Interview individuals to determine the nature of suspected violations and to obtain evidence of violations.,Core,21.0,07/2014,Occupational Expert,13,Business and Financial Operations Occupations
13-1041.01,Environmental Compliance Inspectors,10840,Research and keep informed of pertinent information and developments in areas such as EPA laws and regulations.,Core,21.0,07/2014,Occupational Expert,13,Business and Financial Operations Occupations
13-1041.01,Environmental Compliance Inspectors,10843,"Learn and observe proper safety precautions, rules, regulations, and practices so that unsafe conditions can be recognized and proper safety protocols implemented.",Core,21.0,07/2014,Occupational Expert,13,Business and Financial Operations Occupations
13-1041.01,Environmental Compliance Inspectors,10834,"Monitor follow-up actions in cases where violations were found, and review compliance monitoring reports.",Core,21.0,07/2014,Occupational Expert,13,Business and Financial Operations Occupations
13-1041.01,Environmental Compliance Inspectors,10836,"Inspect waste pretreatment, treatment, and disposal facilities and systems for conformance to federal, state, or local regulations.",Core,21.0,07/2014,Occupational Expert,13,Business and Financial Operations Occupations
13-1041.01,Environmental Compliance Inspectors,10835,"Investigate complaints and suspected violations regarding illegal dumping, pollution, pesticides, product quality, or labeling laws.",Core,21.0,07/2014,Occupational Expert,13,Business and Financial Operations Occupations
13-1041.01,Environmental Compliance Inspectors,10844,Evaluate label information for accuracy and conformance to regulatory requirements.,Core,21.0,07/2014,Occupational Expert,13,Business and Financial Operations Occupations
13-1041.01,Environmental Compliance Inspectors,10838,"Determine sampling locations and methods, and collect water or wastewater samples for analysis, preserving samples with appropriate containers and preservation methods.",Core,21.0,07/2014,Occupational Expert,13,Business and Financial Operations Occupations
13-1041.01,Environmental Compliance Inspectors,10837,"Inform individuals and groups of pollution control regulations and inspection findings, and explain how problems can be corrected.",Core,21.0,07/2014,Occupational Expert,13,Business and Financial Operations Occupations
13-1041.01,Environmental Compliance Inspectors,10848,"Review and evaluate applications for registration of products containing dangerous materials, or for pollution control discharge permits.",Core,21.0,07/2014,Occupational Expert,13,Business and Financial Operations Occupations
13-1041.01,Environmental Compliance Inspectors,10842,"Observe and record field conditions, gathering, interpreting, and reporting data such as flow meter readings and chemical levels.",Core,21.0,07/2014,Occupational Expert,13,Business and Financial Operations Occupations
13-1041.01,Environmental Compliance Inspectors,10841,"Determine which sites and violation reports to investigate, and coordinate compliance and enforcement activities with other government agencies.",Core,21.0,07/2014,Occupational Expert,13,Business and Financial Operations Occupations
13-1041.01,Environmental Compliance Inspectors,10845,"Inform health professionals, property owners, and the public about harmful properties and related problems of water pollution and contaminated wastewater.",Core,21.0,07/2014,Occupational Expert,13,Business and Financial Operations Occupations
13-1041.01,Environmental Compliance Inspectors,10850,"Participate in the development of spill prevention programs and hazardous waste rules and regulations, and recommend corrective actions for hazardous waste problems.",Core,21.0,07/2014,Occupational Expert,13,Business and Financial Operations Occupations
13-1041.02,Licensing Examiners and Inspectors,10859,Warn violators of infractions or penalties.,Core,76.0,07/2015,Incumbent,13,Business and Financial Operations Occupations
13-1041.02,Licensing Examiners and Inspectors,10855,"Evaluate applications, records, or documents to gather information about eligibility or liability issues.",Core,78.0,07/2015,Incumbent,13,Business and Financial Operations Occupations
13-1041.02,Licensing Examiners and Inspectors,10858,"Advise licensees or other individuals or groups concerning licensing, permit, or passport regulations.",Core,78.0,07/2015,Incumbent,13,Business and Financial Operations Occupations
13-1041.02,Licensing Examiners and Inspectors,10860,"Prepare reports of activities, evaluations, recommendations, or decisions.",Core,77.0,07/2015,Incumbent,13,Business and Financial Operations Occupations
13-1041.02,Licensing Examiners and Inspectors,10863,Report law or regulation violations to appropriate boards or agencies.,Core,78.0,07/2015,Incumbent,13,Business and Financial Operations Occupations
13-1041.02,Licensing Examiners and Inspectors,10862,"Confer with or interview officials, technical or professional specialists, or applicants to obtain information or to clarify facts relevant to licensing decisions.",Core,77.0,07/2015,Incumbent,13,Business and Financial Operations Occupations
13-1041.03,Equal Opportunity Representatives and Officers,10865,Investigate employment practices or alleged violations of laws to document and correct discriminatory factors.,Core,107.0,07/2015,Incumbent,13,Business and Financial Operations Occupations
13-1041.03,Equal Opportunity Representatives and Officers,20719,Prepare reports related to investigations of equal opportunity complaints.,Core,106.0,07/2015,Incumbent,13,Business and Financial Operations Occupations
13-1041.03,Equal Opportunity Representatives and Officers,20720,Interview persons involved in equal opportunity complaints to verify case information.,Core,108.0,07/2015,Incumbent,13,Business and Financial Operations Occupations
13-1041.03,Equal Opportunity Representatives and Officers,10867,Study equal opportunity complaints to clarify issues.,Core,107.0,07/2015,Incumbent,13,Business and Financial Operations Occupations
13-1041.03,Equal Opportunity Representatives and Officers,10866,Interpret civil rights laws and equal opportunity regulations for individuals or employers.,Core,109.0,07/2015,Incumbent,13,Business and Financial Operations Occupations
13-1041.03,Equal Opportunity Representatives and Officers,20721,Meet with persons involved in equal opportunity complaints to arbitrate and settle disputes.,Core,107.0,07/2015,Incumbent,13,Business and Financial Operations Occupations
13-1041.03,Equal Opportunity Representatives and Officers,20722,Develop guidelines for nondiscriminatory employment practices.,Core,107.0,07/2015,Incumbent,13,Business and Financial Operations Occupations
13-1041.03,Equal Opportunity Representatives and Officers,20723,Monitor the implementation and impact of guidelines for nondiscriminatory employment practices.,Core,106.0,07/2015,Incumbent,13,Business and Financial Operations Occupations
13-1041.03,Equal Opportunity Representatives and Officers,10869,"Coordinate, monitor, or revise complaint procedures to ensure timely processing and review of complaints.",Core,105.0,07/2015,Incumbent,13,Business and Financial Operations Occupations
13-1041.03,Equal Opportunity Representatives and Officers,10875,"Provide information, technical assistance, or training to supervisors, managers, or employees on topics such as employee supervision, hiring, grievance procedures, or staff development.",Core,104.0,07/2015,Incumbent,13,Business and Financial Operations Occupations
13-1041.03,Equal Opportunity Representatives and Officers,10871,Conduct surveys and evaluate findings to determine if systematic discrimination exists.,Core,108.0,07/2015,Incumbent,13,Business and Financial Operations Occupations
13-1041.04,Government Property Inspectors and Investigators,12890,"Prepare correspondence, reports of inspections or investigations or recommendations for action.",Core,74.0,06/2007,Incumbent,13,Business and Financial Operations Occupations
13-1041.04,Government Property Inspectors and Investigators,12891,"Examine records, reports, or other documents to establish facts or detect discrepancies.",Core,75.0,06/2007,Incumbent,13,Business and Financial Operations Occupations
13-1041.06,Coroners,8912,"Perform medicolegal examinations and autopsies, conducting preliminary examinations of the body to identify victims, locate signs of trauma, and identify factors that would indicate time of death.",Core,31.0,07/2012,Occupational Expert,13,Business and Financial Operations Occupations
13-1041.06,Coroners,8913,"Inquire into the cause, manner, and circumstances of human deaths and establish the identities of deceased persons.",Core,31.0,07/2012,Occupational Expert,13,Business and Financial Operations Occupations
13-1041.06,Coroners,8915,"Complete death certificates, including the assignment of cause and manner of death.",Core,31.0,07/2012,Occupational Expert,13,Business and Financial Operations Occupations
13-1041.06,Coroners,8916,Observe and record the positions and conditions of bodies and related evidence.,Core,31.0,07/2012,Occupational Expert,13,Business and Financial Operations Occupations
13-1041.06,Coroners,8918,"Observe, record, and preserve any objects or personal property related to deaths, including objects such as medication containers and suicide notes.",Core,31.0,07/2012,Occupational Expert,13,Business and Financial Operations Occupations
13-1041.06,Coroners,8921,Interview persons present at death scenes to obtain information useful in determining the manner of death.,Core,31.0,07/2012,Occupational Expert,13,Business and Financial Operations Occupations
13-1041.06,Coroners,8928,Arrange for the next of kin to be notified of deaths.,Core,31.0,07/2012,Occupational Expert,13,Business and Financial Operations Occupations
13-1041.06,Coroners,8919,Complete reports and forms required to finalize cases.,Core,31.0,07/2012,Occupational Expert,13,Business and Financial Operations Occupations
13-1041.06,Coroners,8917,Collect and document any pertinent medical history information.,Core,31.0,07/2012,Occupational Expert,13,Business and Financial Operations Occupations
13-1041.06,Coroners,20181,"Direct activities of workers conducting autopsies, performing pathological and toxicological analyses, and preparing documents for permanent records.",Core,31.0,07/2012,Occupational Expert,13,Business and Financial Operations Occupations
13-1041.06,Coroners,8925,Confer with officials of public health and law enforcement agencies to coordinate interdepartmental activities.,Core,31.0,07/2012,Occupational Expert,13,Business and Financial Operations Occupations
13-1041.06,Coroners,8923,Provide information concerning the circumstances of death to relatives of the deceased.,Core,31.0,07/2012,Occupational Expert,13,Business and Financial Operations Occupations
13-1041.06,Coroners,8924,"Locate and document information regarding the next of kin, including their relationship to the deceased and the status of notification attempts.",Core,31.0,07/2012,Occupational Expert,13,Business and Financial Operations Occupations
13-1041.06,Coroners,8926,"Inventory personal effects recovered from bodies, such as jewelry or wallets.",Core,31.0,07/2012,Occupational Expert,13,Business and Financial Operations Occupations
13-1041.06,Coroners,8927,Coordinate the release of personal effects to authorized persons and facilitate the disposition of unclaimed corpses and personal effects.,Core,31.0,07/2012,Occupational Expert,13,Business and Financial Operations Occupations
13-1041.06,Coroners,8920,"Remove or supervise removal of bodies from death scenes, using the proper equipment and supplies, and arrange for transportation to morgues.",Core,31.0,07/2012,Occupational Expert,13,Business and Financial Operations Occupations
13-1041.06,Coroners,8922,"Testify at inquests, hearings, and court trials.",Core,31.0,07/2012,Occupational Expert,13,Business and Financial Operations Occupations
13-1041.06,Coroners,8930,"Collect wills, burial instructions, and other documentation needed for investigations and for handling of the remains.",Core,31.0,07/2012,Occupational Expert,13,Business and Financial Operations Occupations
13-1041.07,Regulatory Affairs Specialists,18048,"Coordinate, prepare, or review regulatory submissions for domestic or international projects.",Core,33.0,06/2009,Occupational Expert,13,Business and Financial Operations Occupations
13-1041.07,Regulatory Affairs Specialists,18050,"Provide technical review of data or reports that will be incorporated into regulatory submissions to assure scientific rigor, accuracy, and clarity of presentation.",Core,33.0,06/2009,Occupational Expert,13,Business and Financial Operations Occupations
13-1041.07,Regulatory Affairs Specialists,18051,"Review product promotional materials, labeling, batch records, specification sheets, or test methods for compliance with applicable regulations and policies.",Core,33.0,06/2009,Occupational Expert,13,Business and Financial Operations Occupations
13-1041.07,Regulatory Affairs Specialists,18058,"Maintain current knowledge base of existing and emerging regulations, standards, or guidance documents.",Core,33.0,06/2009,Occupational Expert,13,Business and Financial Operations Occupations
13-1041.07,Regulatory Affairs Specialists,18049,Interpret regulatory rules or rule changes and ensure that they are communicated through corporate policies and procedures.,Core,33.0,06/2009,Occupational Expert,13,Business and Financial Operations Occupations
13-1041.07,Regulatory Affairs Specialists,18055,Determine the types of regulatory submissions or internal documentation that are required in situations such as proposed device changes or labeling changes.,Core,33.0,06/2009,Occupational Expert,13,Business and Financial Operations Occupations
13-1041.07,Regulatory Affairs Specialists,18052,"Advise project teams on subjects such as premarket regulatory requirements, export and labeling requirements, or clinical study compliance issues.",Core,33.0,06/2009,Occupational Expert,13,Business and Financial Operations Occupations
13-1041.07,Regulatory Affairs Specialists,18062,Prepare or maintain technical files as necessary to obtain and sustain product approval.,Core,33.0,06/2009,Occupational Expert,13,Business and Financial Operations Occupations
13-1041.07,Regulatory Affairs Specialists,18054,Coordinate efforts associated with the preparation of regulatory documents or submissions.,Core,33.0,06/2009,Occupational Expert,13,Business and Financial Operations Occupations
13-1041.07,Regulatory Affairs Specialists,18061,Prepare or direct the preparation of additional information or responses as requested by regulatory agencies.,Core,33.0,06/2009,Occupational Expert,13,Business and Financial Operations Occupations
13-1041.07,Regulatory Affairs Specialists,18047,Analyze product complaints and make recommendations regarding their reportability.,Core,33.0,06/2009,Occupational Expert,13,Business and Financial Operations Occupations
13-1041.07,Regulatory Affairs Specialists,18046,Escort government inspectors during inspections and provide post-inspection follow-up information as requested.,Core,33.0,06/2009,Occupational Expert,13,Business and Financial Operations Occupations
13-1041.07,Regulatory Affairs Specialists,18045,"Communicate with regulatory agencies regarding pre-submission strategies, potential regulatory pathways, compliance test requirements, or clarification and follow-up of submissions under review.",Core,32.0,06/2009,Occupational Expert,13,Business and Financial Operations Occupations
13-1041.07,Regulatory Affairs Specialists,18057,"Identify relevant guidance documents, international standards, or consensus standards and provide interpretive assistance.",Core,33.0,06/2009,Occupational Expert,13,Business and Financial Operations Occupations
13-1041.07,Regulatory Affairs Specialists,18065,Review clinical protocols to ensure collection of data needed for regulatory submissions.,Core,33.0,06/2009,Occupational Expert,13,Business and Financial Operations Occupations
13-1041.07,Regulatory Affairs Specialists,18053,Compile and maintain regulatory documentation databases or systems.,Core,33.0,06/2009,Occupational Expert,13,Business and Financial Operations Occupations
13-1041.07,Regulatory Affairs Specialists,18063,Recommend changes to company procedures in response to changes in regulations or standards.,Core,33.0,06/2009,Occupational Expert,13,Business and Financial Operations Occupations
13-1041.07,Regulatory Affairs Specialists,18059,"Obtain and distribute updated information regarding domestic or international laws, guidelines, or standards.",Core,33.0,06/2009,Occupational Expert,13,Business and Financial Operations Occupations
13-1041.07,Regulatory Affairs Specialists,18066,"Write or update standard operating procedures, work instructions, or policies.",Core,33.0,06/2009,Occupational Expert,13,Business and Financial Operations Occupations
13-1041.07,Regulatory Affairs Specialists,18060,Participate in internal or external audits.,Core,33.0,06/2009,Occupational Expert,13,Business and Financial Operations Occupations
13-1041.07,Regulatory Affairs Specialists,18056,Develop or conduct employee regulatory training.,Core,33.0,06/2009,Occupational Expert,13,Business and Financial Operations Occupations
13-1041.07,Regulatory Affairs Specialists,18064,"Prepare responses to customer requests for information, such as product data, written regulatory affairs statements, surveys, or questionnaires.",Core,33.0,06/2009,Occupational Expert,13,Business and Financial Operations Occupations
13-1051.00,Cost Estimators,82,"Consult with clients, vendors, personnel in other departments or construction foremen to discuss and formulate estimates and resolve issues.",Core,28.0,06/2008,Occupational Expert,13,Business and Financial Operations Occupations
13-1051.00,Cost Estimators,80,"Analyze blueprints and other documentation to prepare time, cost, materials, and labor estimates.",Core,28.0,06/2008,Occupational Expert,13,Business and Financial Operations Occupations
13-1051.00,Cost Estimators,85,Prepare estimates for use in selecting vendors or subcontractors.,Core,28.0,06/2008,Occupational Expert,13,Business and Financial Operations Occupations
13-1051.00,Cost Estimators,83,"Confer with engineers, architects, owners, contractors and subcontractors on changes and adjustments to cost estimates.",Core,28.0,06/2008,Occupational Expert,13,Business and Financial Operations Occupations
13-1051.00,Cost Estimators,84,"Prepare estimates used by management for purposes such as planning, organizing, and scheduling work.",Core,28.0,06/2008,Occupational Expert,13,Business and Financial Operations Occupations
13-1051.00,Cost Estimators,87,Prepare cost and expenditure statements and other necessary documentation at regular intervals for the duration of the project.,Core,28.0,06/2008,Occupational Expert,13,Business and Financial Operations Occupations
13-1051.00,Cost Estimators,81,"Assess cost effectiveness of products, projects or services, tracking actual costs relative to bids as the project develops.",Core,28.0,06/2008,Occupational Expert,13,Business and Financial Operations Occupations
13-1051.00,Cost Estimators,89,Set up cost monitoring and reporting systems and procedures.,Core,28.0,06/2008,Occupational Expert,13,Business and Financial Operations Occupations
13-1051.00,Cost Estimators,91,Conduct special studies to develop and establish standard hour and related cost data or to effect cost reduction.,Core,28.0,06/2008,Occupational Expert,13,Business and Financial Operations Occupations
13-1051.00,Cost Estimators,86,Review material and labor requirements to decide whether it is more cost-effective to produce or purchase components.,Core,28.0,06/2008,Occupational Expert,13,Business and Financial Operations Occupations
13-1051.00,Cost Estimators,88,"Prepare and maintain a directory of suppliers, contractors and subcontractors.",Core,28.0,06/2008,Occupational Expert,13,Business and Financial Operations Occupations
13-1051.00,Cost Estimators,90,"Establish and maintain tendering process, and conduct negotiations.",Core,28.0,06/2008,Occupational Expert,13,Business and Financial Operations Occupations
13-1071.00,Human Resources Specialists,18866,"Prepare or maintain employment records related to events such as hiring, termination, leaves, transfers, or promotions, using human resources management system software.",Core,124.0,07/2012,Incumbent,13,Business and Financial Operations Occupations
13-1071.00,Human Resources Specialists,18861,"Interpret and explain human resources policies, procedures, laws, standards, or regulations.",Core,124.0,07/2012,Incumbent,13,Business and Financial Operations Occupations
13-1071.00,Human Resources Specialists,18859,Hire employees and process hiring-related paperwork.,Core,123.0,07/2012,Incumbent,13,Business and Financial Operations Occupations
13-1071.00,Human Resources Specialists,18860,"Inform job applicants of details such as duties and responsibilities, compensation, benefits, schedules, working conditions, or promotion opportunities.",Core,123.0,07/2012,Incumbent,13,Business and Financial Operations Occupations
13-1071.00,Human Resources Specialists,18852,"Address employee relations issues, such as harassment allegations, work complaints, or other employee concerns.",Core,123.0,07/2012,Incumbent,13,Business and Financial Operations Occupations
13-1071.00,Human Resources Specialists,18864,"Maintain current knowledge of Equal Employment Opportunity (EEO) and affirmative action guidelines and laws, such as the Americans with Disabilities Act (ADA).",Core,124.0,07/2012,Incumbent,13,Business and Financial Operations Occupations
13-1071.00,Human Resources Specialists,18870,Schedule or conduct new employee orientations.,Core,123.0,07/2012,Incumbent,13,Business and Financial Operations Occupations
13-1071.00,Human Resources Specialists,18863,"Maintain and update human resources documents, such as organizational charts, employee handbooks or directories, or performance evaluation forms.",Core,124.0,07/2012,Incumbent,13,Business and Financial Operations Occupations
13-1071.00,Human Resources Specialists,18856,Confer with management to develop or implement personnel policies or procedures.,Core,123.0,07/2012,Incumbent,13,Business and Financial Operations Occupations
13-1071.00,Human Resources Specialists,18871,"Select qualified job applicants or refer them to managers, making hiring recommendations when appropriate.",Core,122.0,07/2012,Incumbent,13,Business and Financial Operations Occupations
13-1071.00,Human Resources Specialists,18868,Review employment applications and job orders to match applicants with job requirements.,Core,123.0,07/2012,Incumbent,13,Business and Financial Operations Occupations
13-1071.00,Human Resources Specialists,18855,Conduct reference or background checks on job applicants.,Core,123.0,07/2012,Incumbent,13,Business and Financial Operations Occupations
13-1071.00,Human Resources Specialists,18854,Conduct exit interviews and ensure that necessary employment termination paperwork is completed.,Core,123.0,07/2012,Incumbent,13,Business and Financial Operations Occupations
13-1071.00,Human Resources Specialists,18865,"Perform searches for qualified job candidates, using sources such as computer databases, networking, Internet recruiting resources, media advertisements, job fairs, recruiting firms, or employee referrals.",Core,123.0,07/2012,Incumbent,13,Business and Financial Operations Occupations
13-1071.00,Human Resources Specialists,18867,"Provide management with information or training related to interviewing, performance appraisals, counseling techniques, or documentation of performance issues.",Core,123.0,07/2012,Incumbent,13,Business and Financial Operations Occupations
13-1071.00,Human Resources Specialists,18857,Contact job applicants to inform them of the status of their applications.,Core,124.0,07/2012,Incumbent,13,Business and Financial Operations Occupations
13-1071.00,Human Resources Specialists,18862,"Interview job applicants to obtain information on work history, training, education, or job skills.",Core,123.0,07/2012,Incumbent,13,Business and Financial Operations Occupations
13-1071.00,Human Resources Specialists,18858,Develop or implement recruiting strategies to meet current or anticipated staffing needs.,Core,123.0,07/2012,Incumbent,13,Business and Financial Operations Occupations
13-1071.00,Human Resources Specialists,18853,Analyze employment-related data and prepare required reports.,Core,124.0,07/2012,Incumbent,13,Business and Financial Operations Occupations
13-1071.00,Human Resources Specialists,18872,"Advise management on organizing, preparing, or implementing recruiting or retention programs.",Core,121.0,07/2012,Incumbent,13,Business and Financial Operations Occupations
13-1074.00,Farm Labor Contractors,14838,Pay wages of contracted farm laborers.,Core,57.0,06/2008,Incumbent,13,Business and Financial Operations Occupations
13-1074.00,Farm Labor Contractors,14839,"Provide food, drinking water, and field sanitation facilities to contracted workers.",Core,57.0,06/2008,Incumbent,13,Business and Financial Operations Occupations
13-1074.00,Farm Labor Contractors,14840,Recruit and hire agricultural workers.,Core,57.0,06/2008,Incumbent,13,Business and Financial Operations Occupations
13-1074.00,Farm Labor Contractors,14841,"Employ foremen to deal directly with workers when recruiting, hiring, instructing, assigning tasks, and enforcing work rules.",Core,56.0,06/2008,Incumbent,13,Business and Financial Operations Occupations
13-1074.00,Farm Labor Contractors,14842,Supervise the work of contracted employees.,Core,57.0,06/2008,Incumbent,13,Business and Financial Operations Occupations
13-1074.00,Farm Labor Contractors,14843,Furnish tools for employee use.,Core,57.0,06/2008,Incumbent,13,Business and Financial Operations Occupations
13-1075.00,Labor Relations Specialists,18886,Negotiate collective bargaining agreements.,Core,20.0,07/2015,Occupational Expert,13,Business and Financial Operations Occupations
13-1075.00,Labor Relations Specialists,18885,Monitor company or workforce adherence to labor agreements.,Core,20.0,07/2015,Occupational Expert,13,Business and Financial Operations Occupations
13-1075.00,Labor Relations Specialists,18889,Present the position of the company or of labor during arbitration or other labor negotiations.,Core,20.0,07/2015,Occupational Expert,13,Business and Financial Operations Occupations
13-1075.00,Labor Relations Specialists,18895,"Write letters related to labor relations activities, such as letters to amend collective bargaining agreements, letters of dispute or conciliation, or letters to seek clarification of contract terms.",Core,20.0,07/2015,Occupational Expert,13,Business and Financial Operations Occupations
13-1075.00,Labor Relations Specialists,18879,Draft contract proposals or counter-proposals for collective bargaining or other labor negotiations.,Core,20.0,07/2015,Occupational Expert,13,Business and Financial Operations Occupations
13-1075.00,Labor Relations Specialists,18878,"Call or meet with union, company, government, or other interested parties to discuss labor relations matters, such as contract negotiations or grievances.",Core,20.0,07/2015,Occupational Expert,13,Business and Financial Operations Occupations
13-1075.00,Labor Relations Specialists,18882,Interpret contractual agreements for employers and employees engaged in collective bargaining or other labor relations processes.,Core,20.0,07/2015,Occupational Expert,13,Business and Financial Operations Occupations
13-1075.00,Labor Relations Specialists,18897,Assess the impact of union proposals on company or government operations.,Core,20.0,07/2015,Occupational Expert,13,Business and Financial Operations Occupations
13-1075.00,Labor Relations Specialists,18883,Investigate and evaluate union complaints or arguments to determine viability.,Core,20.0,07/2015,Occupational Expert,13,Business and Financial Operations Occupations
13-1075.00,Labor Relations Specialists,18891,"Recommend collective bargaining strategies, goals, or objectives.",Core,20.0,07/2015,Occupational Expert,13,Business and Financial Operations Occupations
13-1075.00,Labor Relations Specialists,18900,"Prepare evidence for disciplinary hearings, including preparing witnesses to testify.",Core,20.0,07/2015,Occupational Expert,13,Business and Financial Operations Occupations
13-1075.00,Labor Relations Specialists,18890,Propose resolutions for collective bargaining or other labor or contract negotiations.,Core,20.0,07/2015,Occupational Expert,13,Business and Financial Operations Occupations
13-1075.00,Labor Relations Specialists,18884,Mediate discussions between employer and employee representatives in attempt to reconcile differences.,Core,20.0,07/2015,Occupational Expert,13,Business and Financial Operations Occupations
13-1075.00,Labor Relations Specialists,18892,"Review and approve employee disciplinary actions, such as written reprimands, suspensions, or terminations.",Core,20.0,07/2015,Occupational Expert,13,Business and Financial Operations Occupations
13-1075.00,Labor Relations Specialists,18896,Assess risk levels associated with collective bargaining strategies.,Core,20.0,07/2015,Occupational Expert,13,Business and Financial Operations Occupations
13-1075.00,Labor Relations Specialists,18877,Advise management on matters related to the administration of contracts or employee discipline or grievance procedures.,Core,20.0,07/2015,Occupational Expert,13,Business and Financial Operations Occupations
13-1075.00,Labor Relations Specialists,18903,Select mediators or arbitrators for labor disputes or contract negotiations.,Core,20.0,07/2015,Occupational Expert,13,Business and Financial Operations Occupations
13-1075.00,Labor Relations Specialists,18893,"Review employer practices or employee data to ensure compliance with contracts on matters such as wages, hours, or conditions of employment.",Core,20.0,07/2015,Occupational Expert,13,Business and Financial Operations Occupations
13-1075.00,Labor Relations Specialists,18880,"Draft rules or regulations to govern collective bargaining activities in collaboration with company, government, or employee representatives.",Core,20.0,07/2015,Occupational Expert,13,Business and Financial Operations Occupations
13-1075.00,Labor Relations Specialists,18904,"Train managers or supervisors on topics related to labor relations, such as working conditions, safety, or equal opportunity practices.",Core,20.0,07/2015,Occupational Expert,13,Business and Financial Operations Occupations
13-1075.00,Labor Relations Specialists,18901,Provide expert testimony in legal proceedings related to labor relations or labor contracts.,Core,19.0,07/2015,Occupational Expert,13,Business and Financial Operations Occupations
13-1075.00,Labor Relations Specialists,18881,"Identify alternatives to proposals of unions, employees, companies, or government agencies.",Core,20.0,07/2015,Occupational Expert,13,Business and Financial Operations Occupations
13-1075.00,Labor Relations Specialists,18899,"Develop methods to monitor employee satisfaction with policies or working conditions, including grievance or complaint procedures.",Core,20.0,07/2015,Occupational Expert,13,Business and Financial Operations Occupations
13-1075.00,Labor Relations Specialists,18902,Research case law or outcomes of previous case hearings.,Core,20.0,07/2015,Occupational Expert,13,Business and Financial Operations Occupations
13-1075.00,Labor Relations Specialists,18894,Schedule or coordinate the details of grievance hearings or other meetings.,Core,19.0,07/2015,Occupational Expert,13,Business and Financial Operations Occupations
13-1081.00,Logisticians,8932,"Maintain and develop positive business relationships with a customer's key personnel involved in, or directly relevant to, a logistics activity.",Core,82.0,06/2006,Incumbent,13,Business and Financial Operations Occupations
13-1081.00,Logisticians,8933,Develop an understanding of customers' needs and take actions to ensure that such needs are met.,Core,82.0,06/2006,Incumbent,13,Business and Financial Operations Occupations
13-1081.00,Logisticians,8934,"Direct availability and allocation of materials, supplies, and finished products.",Core,81.0,06/2006,Incumbent,13,Business and Financial Operations Occupations
13-1081.00,Logisticians,8935,"Collaborate with other departments as necessary to meet customer requirements, to take advantage of sales opportunities or, in the case of shortages, to minimize negative impacts on a business.",Core,82.0,06/2006,Incumbent,13,Business and Financial Operations Occupations
13-1081.00,Logisticians,8936,Protect and control proprietary materials.,Core,82.0,06/2006,Incumbent,13,Business and Financial Operations Occupations
13-1081.00,Logisticians,8937,"Review logistics performance with customers against targets, benchmarks, and service agreements.",Core,82.0,06/2006,Incumbent,13,Business and Financial Operations Occupations
13-1081.00,Logisticians,8938,"Develop and implement technical project management tools, such as plans, schedules, and responsibility and compliance matrices.",Core,82.0,06/2006,Incumbent,13,Business and Financial Operations Occupations
13-1081.00,Logisticians,8939,"Direct team activities, establishing task priorities, scheduling and tracking work assignments, providing guidance, and ensuring the availability of resources.",Core,81.0,06/2006,Incumbent,13,Business and Financial Operations Occupations
13-1081.00,Logisticians,8940,"Report project plans, progress, and results.",Core,82.0,06/2006,Incumbent,13,Business and Financial Operations Occupations
13-1081.00,Logisticians,8941,Direct and support the compilation and analysis of technical source data necessary for product development.,Core,81.0,06/2006,Incumbent,13,Business and Financial Operations Occupations
13-1081.00,Logisticians,8942,"Explain proposed solutions to customers, management, or other interested parties through written proposals and oral presentations.",Core,82.0,06/2006,Incumbent,13,Business and Financial Operations Occupations
13-1081.00,Logisticians,8943,Develop proposals that include documentation for estimates.,Core,81.0,06/2006,Incumbent,13,Business and Financial Operations Occupations
13-1081.00,Logisticians,8944,"Plan, organize, and execute logistics support activities such as maintenance planning, repair analysis, and test equipment recommendations.",Core,82.0,06/2006,Incumbent,13,Business and Financial Operations Occupations
13-1081.00,Logisticians,8945,"Provide project management services, including the provision and analysis of technical data.",Core,82.0,06/2006,Incumbent,13,Business and Financial Operations Occupations
13-1081.00,Logisticians,8946,Participate in the assessment and review of design alternatives and design change proposal impacts.,Core,82.0,06/2006,Incumbent,13,Business and Financial Operations Occupations
13-1081.00,Logisticians,8947,Support the development of training materials and technical manuals.,Core,81.0,06/2006,Incumbent,13,Business and Financial Operations Occupations
13-1081.00,Logisticians,8948,Stay informed of logistics technology advances and apply appropriate technology to improve logistics processes.,Core,82.0,06/2006,Incumbent,13,Business and Financial Operations Occupations
13-1081.00,Logisticians,8949,Redesign the movement of goods to maximize value and minimize costs.,Core,82.0,06/2006,Incumbent,13,Business and Financial Operations Occupations
13-1081.01,Logistics Engineers,15867,"Review contractual commitments, customer specifications, or related information to determine logistics or support requirements.",Core,22.0,07/2011,Occupational Expert,13,Business and Financial Operations Occupations
13-1081.01,Logistics Engineers,15874,"Determine logistics support requirements, such as facility details, staffing needs, or safety or maintenance plans.",Core,22.0,07/2011,Occupational Expert,13,Business and Financial Operations Occupations
13-1081.01,Logistics Engineers,15861,Propose logistics solutions for customers.,Core,22.0,07/2011,Occupational Expert,13,Business and Financial Operations Occupations
13-1081.01,Logistics Engineers,15864,Direct the work of logistics analysts.,Core,20.0,07/2011,Occupational Expert,13,Business and Financial Operations Occupations
13-1081.01,Logistics Engineers,15879,Evaluate effectiveness of current or future logistical processes.,Core,22.0,07/2011,Occupational Expert,13,Business and Financial Operations Occupations
13-1081.01,Logistics Engineers,15877,"Provide logistics technology or information for effective and efficient support of product, equipment, or system manufacturing or service.",Core,22.0,07/2011,Occupational Expert,13,Business and Financial Operations Occupations
13-1081.01,Logistics Engineers,19995,"Evaluate the use of inventory tracking technology, Web-based warehousing software, or intelligent conveyor systems to maximize plant or distribution center efficiency.",Core,22.0,07/2011,Occupational Expert,13,Business and Financial Operations Occupations
13-1081.01,Logistics Engineers,19996,"Develop logistic metrics, internal analysis tools, or key performance indicators for business units.",Core,22.0,07/2011,Occupational Expert,13,Business and Financial Operations Occupations
13-1081.01,Logistics Engineers,15876,"Analyze or interpret logistics data involving customer service, forecasting, procurement, manufacturing, inventory, transportation, or warehousing.",Core,22.0,07/2011,Occupational Expert,13,Business and Financial Operations Occupations
13-1081.01,Logistics Engineers,15868,Prepare or validate documentation on automated logistics or maintenance-data reporting or management information systems.,Core,22.0,07/2011,Occupational Expert,13,Business and Financial Operations Occupations
13-1081.01,Logistics Engineers,19997,Identify cost-reduction or process-improvement logistic opportunities.,Core,22.0,07/2011,Occupational Expert,13,Business and Financial Operations Occupations
13-1081.01,Logistics Engineers,19998,"Evaluate the use of technologies, such as global positioning systems (GPS), radio-frequency identification (RFID), route navigation software, or satellite linkup systems, to improve transportation efficiency.",Core,22.0,07/2011,Occupational Expert,13,Business and Financial Operations Occupations
13-1081.01,Logistics Engineers,15872,"Develop or maintain cost estimates, forecasts, or cost models.",Core,22.0,07/2011,Occupational Expert,13,Business and Financial Operations Occupations
13-1081.01,Logistics Engineers,15866,"Develop specifications for equipment, tools, facility layouts, or material-handling systems.",Core,22.0,07/2011,Occupational Expert,13,Business and Financial Operations Occupations
13-1081.01,Logistics Engineers,15875,"Conduct logistics studies or analyses, such as time studies, zero-base analyses, rate analyses, network analyses, flow-path analyses, or supply chain analyses.",Core,22.0,07/2011,Occupational Expert,13,Business and Financial Operations Occupations
13-1081.01,Logistics Engineers,15880,Apply logistics modeling techniques to address issues such as operational process improvement or facility design or layout.,Core,22.0,07/2011,Occupational Expert,13,Business and Financial Operations Occupations
13-1081.01,Logistics Engineers,19999,Prepare logistic strategies or conceptual designs for production facilities.,Core,22.0,07/2011,Occupational Expert,13,Business and Financial Operations Occupations
13-1081.01,Logistics Engineers,15870,Identify or develop business rules or standard operating procedures to streamline operating processes.,Core,22.0,07/2011,Occupational Expert,13,Business and Financial Operations Occupations
13-1081.01,Logistics Engineers,20000,Design comprehensive supply chains that minimize environmental impacts or costs.,Core,22.0,07/2011,Occupational Expert,13,Business and Financial Operations Occupations
13-1081.01,Logistics Engineers,15863,"Interview key staff or tour facilities to identify efficiency-improvement, cost-reduction, or service-delivery opportunities.",Core,22.0,07/2011,Occupational Expert,13,Business and Financial Operations Occupations
13-1081.02,Logistics Analysts,15898,Maintain databases of logistics information.,Core,26.0,07/2011,Occupational Expert,13,Business and Financial Operations Occupations
13-1081.02,Logistics Analysts,15903,"Interpret data on logistics elements, such as availability, maintainability, reliability, supply chain management, strategic sourcing or distribution, supplier management, or transportation.",Core,26.0,07/2011,Occupational Expert,13,Business and Financial Operations Occupations
13-1081.02,Logistics Analysts,15894,"Provide ongoing analyses in areas such as transportation costs, parts procurement, back orders, or delivery processes.",Core,26.0,07/2011,Occupational Expert,13,Business and Financial Operations Occupations
13-1081.02,Logistics Analysts,15895,Prepare reports on logistics performance measures.,Core,26.0,07/2011,Occupational Expert,13,Business and Financial Operations Occupations
13-1081.02,Logistics Analysts,15901,"Confer with logistics management teams to determine ways to optimize service levels, maintain supply-chain efficiency, or minimize cost.",Core,25.0,07/2011,Occupational Expert,13,Business and Financial Operations Occupations
13-1081.02,Logistics Analysts,20009,"Remotely monitor the flow of vehicles or inventory, using Web-based logistics information systems to track vehicles or containers.",Core,26.0,07/2011,Occupational Expert,13,Business and Financial Operations Occupations
13-1081.02,Logistics Analysts,15890,Track product flow from origin to final delivery.,Core,26.0,07/2011,Occupational Expert,13,Business and Financial Operations Occupations
13-1081.02,Logistics Analysts,15893,Recommend improvements to existing or planned logistics processes.,Core,26.0,07/2011,Occupational Expert,13,Business and Financial Operations Occupations
13-1081.02,Logistics Analysts,15883,Enter logistics-related data into databases.,Core,25.0,07/2011,Occupational Expert,13,Business and Financial Operations Occupations
13-1081.02,Logistics Analysts,15900,"Develop or maintain models for logistics uses, such as cost estimating or demand forecasting.",Core,26.0,07/2011,Occupational Expert,13,Business and Financial Operations Occupations
13-1081.02,Logistics Analysts,15892,"Review procedures, such as distribution or inventory management, to ensure maximum efficiency or minimum cost.",Core,26.0,07/2011,Occupational Expert,13,Business and Financial Operations Occupations
13-1081.02,Logistics Analysts,15904,"Apply analytic methods or tools to understand, predict, or control logistics operations or processes.",Core,26.0,07/2011,Occupational Expert,13,Business and Financial Operations Occupations
13-1081.02,Logistics Analysts,15897,"Monitor inventory transactions at warehouse facilities to assess receiving, storage, shipping, or inventory integrity.",Core,26.0,07/2011,Occupational Expert,13,Business and Financial Operations Occupations
13-1081.02,Logistics Analysts,15905,"Analyze logistics data, using methods such as data mining, data modeling, or cost or benefit analysis.",Core,26.0,07/2011,Occupational Expert,13,Business and Financial Operations Occupations
13-1081.02,Logistics Analysts,15899,Maintain logistics records in accordance with corporate policies.,Core,26.0,07/2011,Occupational Expert,13,Business and Financial Operations Occupations
13-1081.02,Logistics Analysts,15902,"Compute reporting metrics, such as on-time delivery rates, order fulfillment rates, or inventory turns.",Core,26.0,07/2011,Occupational Expert,13,Business and Financial Operations Occupations
13-1081.02,Logistics Analysts,15891,Write or revise standard operating procedures for logistics processes.,Core,26.0,07/2011,Occupational Expert,13,Business and Financial Operations Occupations
13-1081.02,Logistics Analysts,15882,"Monitor industry standards, trends, or practices to identify developments in logistics planning or execution.",Core,26.0,07/2011,Occupational Expert,13,Business and Financial Operations Occupations
13-1081.02,Logistics Analysts,15881,Identify opportunities for inventory reductions.,Core,26.0,07/2011,Occupational Expert,13,Business and Financial Operations Occupations
13-1111.00,Management Analysts,7276,Gather and organize information on problems or procedures.,Core,79.0,12/2005,Incumbent,13,Business and Financial Operations Occupations
13-1111.00,Management Analysts,7277,Analyze data gathered and develop solutions or alternative methods of proceeding.,Core,79.0,12/2005,Incumbent,13,Business and Financial Operations Occupations
13-1111.00,Management Analysts,7278,Confer with personnel concerned to ensure successful functioning of newly implemented systems or procedures.,Core,79.0,12/2005,Incumbent,13,Business and Financial Operations Occupations
13-1111.00,Management Analysts,7279,"Develop and implement records management program for filing, protection, and retrieval of records, and assure compliance with program.",Core,80.0,12/2005,Incumbent,13,Business and Financial Operations Occupations
13-1111.00,Management Analysts,7280,"Review forms and reports and confer with management and users about format, distribution, and purpose, and to identify problems and improvements.",Core,80.0,12/2005,Incumbent,13,Business and Financial Operations Occupations
13-1111.00,Management Analysts,7281,"Interview personnel and conduct on-site observation to ascertain unit functions, work performed, and methods, equipment, and personnel used.",Core,80.0,12/2005,Incumbent,13,Business and Financial Operations Occupations
13-1111.00,Management Analysts,7282,"Document findings of study and prepare recommendations for implementation of new systems, procedures, or organizational changes.",Core,79.0,12/2005,Incumbent,13,Business and Financial Operations Occupations
13-1111.00,Management Analysts,7283,"Prepare manuals and train workers in use of new forms, reports, procedures or equipment, according to organizational policy.",Core,80.0,12/2005,Incumbent,13,Business and Financial Operations Occupations
13-1111.00,Management Analysts,7284,"Design, evaluate, recommend, and approve changes of forms and reports.",Core,80.0,12/2005,Incumbent,13,Business and Financial Operations Occupations
13-1111.00,Management Analysts,7285,"Plan study of work problems and procedures, such as organizational change, communications, information flow, integrated production methods, inventory control, or cost analysis.",Core,78.0,12/2005,Incumbent,13,Business and Financial Operations Occupations
13-1121.00,"Meeting, Convention, and Event Planners",1210,"Monitor event activities to ensure compliance with applicable regulations and laws, satisfaction of participants, and resolution of any problems that arise.",Core,72.0,06/2008,Incumbent,13,Business and Financial Operations Occupations
13-1121.00,"Meeting, Convention, and Event Planners",1211,Confer with staff at a chosen event site to coordinate details.,Core,72.0,06/2008,Incumbent,13,Business and Financial Operations Occupations
13-1121.00,"Meeting, Convention, and Event Planners",1216,Inspect event facilities to ensure that they conform to customer requirements.,Core,71.0,06/2008,Incumbent,13,Business and Financial Operations Occupations
13-1121.00,"Meeting, Convention, and Event Planners",1214,"Coordinate services for events, such as accommodation and transportation for participants, facilities, catering, signage, displays, special needs requirements, printing and event security.",Core,71.0,06/2008,Incumbent,13,Business and Financial Operations Occupations
13-1121.00,"Meeting, Convention, and Event Planners",1209,"Consult with customers to determine objectives and requirements for events such as meetings, conferences, and conventions.",Core,71.0,06/2008,Incumbent,13,Business and Financial Operations Occupations
13-1121.00,"Meeting, Convention, and Event Planners",1220,"Meet with sponsors and organizing committees to plan scope and format of events, to establish and monitor budgets, or to review administrative procedures and event progress.",Core,71.0,06/2008,Incumbent,13,Business and Financial Operations Occupations
13-1121.00,"Meeting, Convention, and Event Planners",1212,"Review event bills for accuracy, and approve payment.",Core,71.0,06/2008,Incumbent,13,Business and Financial Operations Occupations
13-1121.00,"Meeting, Convention, and Event Planners",1222,Evaluate and select providers of services according to customer requirements.,Core,72.0,06/2008,Incumbent,13,Business and Financial Operations Occupations
13-1121.00,"Meeting, Convention, and Event Planners",1215,"Arrange the availability of audio-visual equipment, transportation, displays, and other event needs.",Core,71.0,06/2008,Incumbent,13,Business and Financial Operations Occupations
13-1121.00,"Meeting, Convention, and Event Planners",1213,"Plan and develop programs, agendas, budgets, and services according to customer requirements.",Core,72.0,06/2008,Incumbent,13,Business and Financial Operations Occupations
13-1121.00,"Meeting, Convention, and Event Planners",1219,"Negotiate contracts with such service providers and suppliers as hotels, convention centers, and speakers.",Core,71.0,06/2008,Incumbent,13,Business and Financial Operations Occupations
13-1121.00,"Meeting, Convention, and Event Planners",1217,"Maintain records of event aspects, including financial details.",Core,72.0,06/2008,Incumbent,13,Business and Financial Operations Occupations
13-1121.00,"Meeting, Convention, and Event Planners",1218,Conduct post-event evaluations to determine how future events could be improved.,Core,71.0,06/2008,Incumbent,13,Business and Financial Operations Occupations
13-1131.00,Fundraisers,18917,Identify and build relationships with potential donors.,Core,32.0,07/2014,Occupational Expert,13,Business and Financial Operations Occupations
13-1131.00,Fundraisers,18931,Write and send letters of thanks to donors.,Core,32.0,07/2014,Occupational Expert,13,Business and Financial Operations Occupations
13-1131.00,Fundraisers,18922,Secure commitments of participation or donation from individuals or corporate donors.,Core,32.0,07/2014,Occupational Expert,13,Business and Financial Operations Occupations
13-1131.00,Fundraisers,18910,Develop fundraising activity plans that maximize participation or contributions and minimize costs.,Core,32.0,07/2014,Occupational Expert,13,Business and Financial Operations Occupations
13-1131.00,Fundraisers,18912,Develop strategies to encourage new or increased contributions.,Core,32.0,07/2014,Occupational Expert,13,Business and Financial Operations Occupations
13-1131.00,Fundraisers,18907,Create or update donor databases.,Core,32.0,07/2014,Occupational Expert,13,Business and Financial Operations Occupations
13-1131.00,Fundraisers,18914,"Direct or supervise fundraising staff, including volunteer staff members.",Core,32.0,07/2014,Occupational Expert,13,Business and Financial Operations Occupations
13-1131.00,Fundraisers,18911,"Develop or implement fundraising activities, such as annual giving campaigns or direct mail programs.",Core,32.0,07/2014,Occupational Expert,13,Business and Financial Operations Occupations
13-1131.00,Fundraisers,18923,"Solicit cash or in-kind donations or sponsorships from individual, business, or government donors.",Core,32.0,07/2014,Occupational Expert,13,Business and Financial Operations Occupations
13-1131.00,Fundraisers,18919,Monitor progress of fundraising drives.,Core,32.0,07/2014,Occupational Expert,13,Business and Financial Operations Occupations
13-1131.00,Fundraisers,18926,"Conduct research to identify the goals, net worth, history of charitable donations, or other data related to potential donors, potential investors, or general donor markets.",Core,32.0,07/2014,Occupational Expert,13,Business and Financial Operations Occupations
13-1131.00,Fundraisers,18925,Compile or develop materials to submit to granting or other funding organizations.,Core,32.0,07/2014,Occupational Expert,13,Business and Financial Operations Occupations
13-1131.00,Fundraisers,18915,Establish fundraising or participation goals for special events or specified time periods.,Core,32.0,07/2014,Occupational Expert,13,Business and Financial Operations Occupations
13-1131.00,Fundraisers,18918,"Monitor budgets, expense reports, or other financial data for fundraising organizations.",Core,32.0,07/2014,Occupational Expert,13,Business and Financial Operations Occupations
13-1131.00,Fundraisers,18906,"Contact corporate representatives, government officials, or community leaders to increase awareness of organizational causes, activities, or needs.",Core,32.0,07/2014,Occupational Expert,13,Business and Financial Operations Occupations
13-1131.00,Fundraisers,18921,"Recruit sponsors, participants, or volunteers for fundraising events.",Core,32.0,07/2014,Occupational Expert,13,Business and Financial Operations Occupations
13-1131.00,Fundraisers,18932,Write reports or prepare presentations to communicate fundraising program data.,Core,32.0,07/2014,Occupational Expert,13,Business and Financial Operations Occupations
13-1131.00,Fundraisers,18908,"Design or produce materials such as posters, Web sites, or newsletters to promote, market, or advertise fundraising events.",Core,32.0,07/2014,Occupational Expert,13,Business and Financial Operations Occupations
13-1131.00,Fundraisers,18924,"Write speeches, press releases, or other promotional materials to increase awareness of the causes, missions, or goals of organizations seeking funds.",Core,32.0,07/2014,Occupational Expert,13,Business and Financial Operations Occupations
13-1131.00,Fundraisers,18916,Explain the tax advantages of contributions to potential donors.,Core,32.0,07/2014,Occupational Expert,13,Business and Financial Operations Occupations
13-1131.00,Fundraisers,18920,"Plan and direct special events for fundraising, such as silent auctions, dances, golf events, or walks.",Core,32.0,07/2014,Occupational Expert,13,Business and Financial Operations Occupations
13-1131.00,Fundraisers,18905,"Attend community events, meetings, or conferences to promote organizational goals or solicit donations or sponsorships.",Core,32.0,07/2014,Occupational Expert,13,Business and Financial Operations Occupations
13-1131.00,Fundraisers,18913,"Direct or coordinate web-based fundraising activities, such as online auctions or donation Web sites.",Core,32.0,07/2014,Occupational Expert,13,Business and Financial Operations Occupations
13-1141.00,"Compensation, Benefits, and Job Analysis Specialists",3352,"Ensure company compliance with federal and state laws, including reporting requirements.",Core,20.0,06/2009,Occupational Expert,13,Business and Financial Operations Occupations
13-1141.00,"Compensation, Benefits, and Job Analysis Specialists",3351,"Evaluate job positions, determining classification, exempt or non-exempt status, and salary.",Core,20.0,06/2009,Occupational Expert,13,Business and Financial Operations Occupations
13-1141.00,"Compensation, Benefits, and Job Analysis Specialists",3354,"Plan, develop, evaluate, improve, and communicate methods and techniques for selecting, promoting, compensating, evaluating, and training workers.",Core,20.0,06/2009,Occupational Expert,13,Business and Financial Operations Occupations
13-1141.00,"Compensation, Benefits, and Job Analysis Specialists",3356,"Prepare occupational classifications, job descriptions and salary scales.",Core,20.0,06/2009,Occupational Expert,13,Business and Financial Operations Occupations
13-1141.00,"Compensation, Benefits, and Job Analysis Specialists",3355,Provide advice on the resolution of classification and salary complaints.,Core,20.0,06/2009,Occupational Expert,13,Business and Financial Operations Occupations
13-1141.00,"Compensation, Benefits, and Job Analysis Specialists",3353,"Advise managers and employees on state and federal employment regulations, collective agreements, benefit and compensation policies, personnel procedures and classification programs.",Core,20.0,06/2009,Occupational Expert,13,Business and Financial Operations Occupations
13-1141.00,"Compensation, Benefits, and Job Analysis Specialists",3358,"Prepare reports, such as organization and flow charts, and career path reports, to summarize job analysis and evaluation and compensation analysis information.",Core,20.0,06/2009,Occupational Expert,13,Business and Financial Operations Occupations
13-1141.00,"Compensation, Benefits, and Job Analysis Specialists",3362,Perform multifactor data and cost analyses that may be used in areas such as support of collective bargaining agreements.,Core,20.0,06/2009,Occupational Expert,13,Business and Financial Operations Occupations
13-1141.00,"Compensation, Benefits, and Job Analysis Specialists",3366,Assess need for and develop job analysis instruments and materials.,Core,20.0,06/2009,Occupational Expert,13,Business and Financial Operations Occupations
13-1141.00,"Compensation, Benefits, and Job Analysis Specialists",3370,"Observe, interview, and survey employees and conduct focus group meetings to collect job, organizational, and occupational information.",Core,20.0,06/2009,Occupational Expert,13,Business and Financial Operations Occupations
13-1141.00,"Compensation, Benefits, and Job Analysis Specialists",3357,Assist in preparing and maintaining personnel records and handbooks.,Core,20.0,06/2009,Occupational Expert,13,Business and Financial Operations Occupations
13-1141.00,"Compensation, Benefits, and Job Analysis Specialists",3368,"Research job and worker requirements, structural and functional relationships among jobs and occupations, and occupational trends.",Core,20.0,06/2009,Occupational Expert,13,Business and Financial Operations Occupations
13-1151.00,Training and Development Specialists,103,"Assess training needs through surveys, interviews with employees, focus groups, or consultation with managers, instructors, or customer representatives.",Core,36.0,07/2014,Occupational Expert,13,Business and Financial Operations Occupations
13-1151.00,Training and Development Specialists,20474,"Design, plan, organize, or direct orientation and training programs for employees or customers.",Core,36.0,07/2014,Occupational Expert,13,Business and Financial Operations Occupations
13-1151.00,Training and Development Specialists,97,Offer specific training programs to help workers maintain or improve job skills.,Core,36.0,07/2014,Occupational Expert,13,Business and Financial Operations Occupations
13-1151.00,Training and Development Specialists,94,"Present information using a variety of instructional techniques or formats, such as role playing, simulations, team exercises, group discussions, videos, or lectures.",Core,36.0,07/2014,Occupational Expert,13,Business and Financial Operations Occupations
13-1151.00,Training and Development Specialists,20475,"Obtain, organize, or develop training procedure manuals, guides, or course materials, such as handouts or visual materials.",Core,36.0,07/2014,Occupational Expert,13,Business and Financial Operations Occupations
13-1151.00,Training and Development Specialists,98,"Monitor, evaluate, or record training activities or program effectiveness.",Core,36.0,07/2014,Occupational Expert,13,Business and Financial Operations Occupations
13-1151.00,Training and Development Specialists,102,Develop alternative training methods if expected improvements are not seen.,Core,36.0,07/2014,Occupational Expert,13,Business and Financial Operations Occupations
13-1151.00,Training and Development Specialists,101,"Evaluate training materials prepared by instructors, such as outlines, text, or handouts.",Core,36.0,07/2014,Occupational Expert,13,Business and Financial Operations Occupations
13-1151.00,Training and Development Specialists,19559,"Evaluate modes of training delivery, such as in-person or virtual to optimize training effectiveness, training costs, or environmental impacts.",Core,36.0,07/2014,Occupational Expert,13,Business and Financial Operations Occupations
13-1151.00,Training and Development Specialists,93,"Keep up with developments in area of expertise by reading current journals, books, or magazine articles.",Core,36.0,07/2014,Occupational Expert,13,Business and Financial Operations Occupations
13-1151.00,Training and Development Specialists,108,"Negotiate contracts with clients including desired training outcomes, fees, or expenses.",Core,36.0,07/2014,Occupational Expert,13,Business and Financial Operations Occupations
13-1151.00,Training and Development Specialists,99,Attend meetings or seminars to obtain information for use in training programs or to inform management of training program status.,Core,36.0,07/2014,Occupational Expert,13,Business and Financial Operations Occupations
13-1151.00,Training and Development Specialists,20476,Monitor training costs and prepare budget reports to justify expenditures.,Core,36.0,07/2014,Occupational Expert,13,Business and Financial Operations Occupations
13-1151.00,Training and Development Specialists,105,Select and assign instructors to conduct training.,Core,36.0,07/2014,Occupational Expert,13,Business and Financial Operations Occupations
13-1151.00,Training and Development Specialists,95,"Schedule classes based on availability of classrooms, equipment, or instructors.",Core,36.0,07/2014,Occupational Expert,13,Business and Financial Operations Occupations
13-1151.00,Training and Development Specialists,20477,"Supervise, evaluate, or refer instructors to skill development classes.",Core,36.0,07/2014,Occupational Expert,13,Business and Financial Operations Occupations
13-1151.00,Training and Development Specialists,106,Devise programs to develop executive potential among employees in lower-level positions.,Core,36.0,07/2014,Occupational Expert,13,Business and Financial Operations Occupations
13-1161.00,Market Research Analysts and Marketing Specialists,5434,"Prepare reports of findings, illustrating data graphically and translating complex findings into written text.",Core,24.0,06/2009,Occupational Expert,13,Business and Financial Operations Occupations
13-1161.00,Market Research Analysts and Marketing Specialists,5437,Seek and provide information to help companies determine their position in the marketplace.,Core,24.0,06/2009,Occupational Expert,13,Business and Financial Operations Occupations
13-1161.00,Market Research Analysts and Marketing Specialists,5441,"Gather data on competitors and analyze their prices, sales, and method of marketing and distribution.",Core,24.0,06/2009,Occupational Expert,13,Business and Financial Operations Occupations
13-1161.00,Market Research Analysts and Marketing Specialists,5433,"Collect and analyze data on customer demographics, preferences, needs, and buying habits to identify potential markets and factors affecting product demand.",Core,24.0,06/2009,Occupational Expert,13,Business and Financial Operations Occupations
13-1161.00,Market Research Analysts and Marketing Specialists,5443,"Devise and evaluate methods and procedures for collecting data, such as surveys, opinion polls, or questionnaires, or arrange to obtain existing data.",Core,24.0,06/2009,Occupational Expert,13,Business and Financial Operations Occupations
13-1161.00,Market Research Analysts and Marketing Specialists,5442,Monitor industry statistics and follow trends in trade literature.,Core,24.0,06/2009,Occupational Expert,13,Business and Financial Operations Occupations
13-1161.00,Market Research Analysts and Marketing Specialists,5435,Measure and assess customer and employee satisfaction.,Core,24.0,06/2009,Occupational Expert,13,Business and Financial Operations Occupations
13-1161.00,Market Research Analysts and Marketing Specialists,5438,"Measure the effectiveness of marketing, advertising, and communications programs and strategies.",Core,24.0,06/2009,Occupational Expert,13,Business and Financial Operations Occupations
13-1161.00,Market Research Analysts and Marketing Specialists,5436,"Forecast and track marketing and sales trends, analyzing collected data.",Core,24.0,06/2009,Occupational Expert,13,Business and Financial Operations Occupations
13-1161.00,Market Research Analysts and Marketing Specialists,5440,"Attend staff conferences to provide management with information and proposals concerning the promotion, distribution, design, and pricing of company products or services.",Core,24.0,06/2009,Occupational Expert,13,Business and Financial Operations Occupations
13-1161.00,Market Research Analysts and Marketing Specialists,5439,"Conduct research on consumer opinions and marketing strategies, collaborating with marketing professionals, statisticians, pollsters, and other professionals.",Core,24.0,06/2009,Occupational Expert,13,Business and Financial Operations Occupations
13-1161.00,Market Research Analysts and Marketing Specialists,5444,Develop and implement procedures for identifying advertising needs.,Core,24.0,06/2009,Occupational Expert,13,Business and Financial Operations Occupations
13-1161.00,Market Research Analysts and Marketing Specialists,5445,Direct trained survey interviewers.,Core,24.0,06/2009,Occupational Expert,13,Business and Financial Operations Occupations
13-1199.01,Energy Auditors,18082,Identify and prioritize energy saving measures.,Core,25.0,06/2009,Occupational Expert,13,Business and Financial Operations Occupations
13-1199.01,Energy Auditors,18074,Prepare audit reports containing energy analysis results or recommendations for energy cost savings.,Core,25.0,06/2009,Occupational Expert,13,Business and Financial Operations Occupations
13-1199.01,Energy Auditors,18078,Collect and analyze field data related to energy usage.,Core,25.0,06/2009,Occupational Expert,13,Business and Financial Operations Occupations
13-1199.01,Energy Auditors,18073,"Inspect or evaluate building envelopes, mechanical systems, electrical systems, or process systems to determine the energy consumption of each system.",Core,25.0,06/2009,Occupational Expert,13,Business and Financial Operations Occupations
13-1199.01,Energy Auditors,18072,Perform tests such as blower-door tests to locate air leaks.,Core,25.0,06/2009,Occupational Expert,13,Business and Financial Operations Occupations
13-1199.01,Energy Auditors,18081,Educate customers on energy efficiency or answer questions on topics such as the costs of running household appliances or the selection of energy efficient appliances.,Core,25.0,06/2009,Occupational Expert,13,Business and Financial Operations Occupations
13-1199.01,Energy Auditors,18077,Calculate potential for energy savings.,Core,25.0,06/2009,Occupational Expert,13,Business and Financial Operations Occupations
13-1199.01,Energy Auditors,18086,"Prepare job specification sheets for home energy improvements, such as attic insulation, window retrofits, or heating system upgrades.",Core,25.0,06/2009,Occupational Expert,13,Business and Financial Operations Occupations
13-1199.01,Energy Auditors,18087,Recommend energy efficient technologies or alternate energy sources.,Core,25.0,06/2009,Occupational Expert,13,Business and Financial Operations Occupations
13-1199.01,Energy Auditors,18084,Quantify energy consumption to establish baselines for energy use or need.,Core,25.0,06/2009,Occupational Expert,13,Business and Financial Operations Occupations
13-1199.01,Energy Auditors,18083,"Identify opportunities to improve the operation, maintenance, or energy efficiency of building or process systems.",Core,25.0,06/2009,Occupational Expert,13,Business and Financial Operations Occupations
13-1199.01,Energy Auditors,18076,"Analyze technical feasibility of energy saving measures using knowledge of engineering, energy production, energy use, construction, maintenance, system operation, or process systems.",Core,25.0,06/2009,Occupational Expert,13,Business and Financial Operations Occupations
13-1199.01,Energy Auditors,18075,Analyze energy bills including utility rates or tariffs to gather historical energy usage data.,Core,25.0,06/2009,Occupational Expert,13,Business and Financial Operations Occupations
13-1199.01,Energy Auditors,18071,"Measure energy usage with devices such as data loggers, universal data recorders, light meters, sling psychrometers, psychrometric charts, flue gas analyzers, amp probes, watt meters, volt meters, thermometers, or utility meters.",Core,24.0,06/2009,Occupational Expert,13,Business and Financial Operations Occupations
13-1199.01,Energy Auditors,18080,"Determine patterns of building use to show annual or monthly needs for heating, cooling, lighting, or other energy needs.",Core,25.0,06/2009,Occupational Expert,13,Business and Financial Operations Occupations
13-1199.01,Energy Auditors,18079,Compare existing energy consumption levels to normative data.,Core,25.0,06/2009,Occupational Expert,13,Business and Financial Operations Occupations
13-1199.01,Energy Auditors,18085,"Oversee installation of equipment such as water heater wraps, pipe insulation, weatherstripping, door sweeps, or low flow showerheads to improve energy efficiency.",Core,25.0,06/2009,Occupational Expert,13,Business and Financial Operations Occupations
13-1199.02,Security Management Specialists,15918,"Engineer, install, maintain, or repair security systems, programmable logic controls, or other security-related electronic systems.",Core,26.0,07/2013,Occupational Expert,13,Business and Financial Operations Occupations
13-1199.02,Security Management Specialists,15919,Recommend improvements in security systems or procedures.,Core,26.0,07/2013,Occupational Expert,13,Business and Financial Operations Occupations
13-1199.02,Security Management Specialists,20355,Perform risk analyses so that appropriate countermeasures can be developed.,Core,26.0,07/2013,Occupational Expert,13,Business and Financial Operations Occupations
13-1199.02,Security Management Specialists,20356,"Conduct security audits to identify potential vulnerabilities related to physical security, staff safety, or asset protection.",Core,26.0,07/2013,Occupational Expert,13,Business and Financial Operations Occupations
13-1199.02,Security Management Specialists,20357,Provide system design and integration recommendations.,Core,26.0,07/2013,Occupational Expert,13,Business and Financial Operations Occupations
13-1199.02,Security Management Specialists,15921,"Design security policies, programs, or practices to ensure adequate security relating to issues such as protection of assets, alarm response, and access card use.",Core,26.0,07/2013,Occupational Expert,13,Business and Financial Operations Occupations
13-1199.02,Security Management Specialists,20358,Assess the nature and level of threats so that the scope of the problem can be determined.,Core,26.0,07/2013,Occupational Expert,13,Business and Financial Operations Occupations
13-1199.02,Security Management Specialists,20359,"Design or implement or establish requirements for security systems, video surveillance, motion detection, or closed-circuit television systems to ensure proper installation and operation.",Core,26.0,07/2013,Occupational Expert,13,Business and Financial Operations Occupations
13-1199.02,Security Management Specialists,15912,Respond to emergency situations on an on-call basis.,Core,26.0,07/2013,Occupational Expert,13,Business and Financial Operations Occupations
13-1199.02,Security Management Specialists,20360,Determine the value loss impact and criticality of assets.,Core,26.0,07/2013,Occupational Expert,13,Business and Financial Operations Occupations
13-1199.02,Security Management Specialists,15914,"Prepare, maintain, or update security procedures, security system drawings, or related documentation.",Core,26.0,07/2013,Occupational Expert,13,Business and Financial Operations Occupations
13-1199.02,Security Management Specialists,15920,Develop or review specifications for design or construction of security systems.,Core,26.0,07/2013,Occupational Expert,13,Business and Financial Operations Occupations
13-1199.02,Security Management Specialists,20361,Outline system security criteria for pre-bid meetings with clients and companies to ensure comprehensiveness and appropriateness for implementation.,Core,26.0,07/2013,Occupational Expert,13,Business and Financial Operations Occupations
13-1199.02,Security Management Specialists,15911,Develop conceptual designs of security systems.,Core,26.0,07/2013,Occupational Expert,13,Business and Financial Operations Occupations
13-1199.02,Security Management Specialists,15915,"Monitor the work of contractors in the design, construction, and startup phases of security systems.",Core,26.0,07/2013,Occupational Expert,13,Business and Financial Operations Occupations
13-1199.02,Security Management Specialists,15913,Train personnel in security procedures or use of security equipment.,Core,26.0,07/2013,Occupational Expert,13,Business and Financial Operations Occupations
13-1199.02,Security Management Specialists,15907,"Review design drawings or technical documents for completeness, correctness, or appropriateness.",Core,26.0,07/2013,Occupational Expert,13,Business and Financial Operations Occupations
13-1199.02,Security Management Specialists,15916,"Inspect security design features, installations, or programs to ensure compliance with applicable standards or regulations.",Core,26.0,07/2013,Occupational Expert,13,Business and Financial Operations Occupations
13-1199.02,Security Management Specialists,20362,Test security measures for final acceptance and implement or provide procedures for ongoing monitoring and evaluation of the measures.,Core,26.0,07/2013,Occupational Expert,13,Business and Financial Operations Occupations
13-1199.02,Security Management Specialists,15910,Budget and schedule security design work.,Core,26.0,07/2013,Occupational Expert,13,Business and Financial Operations Occupations
13-1199.02,Security Management Specialists,15917,"Inspect fire, intruder detection, or other security systems.",Core,26.0,07/2013,Occupational Expert,13,Business and Financial Operations Occupations
13-1199.02,Security Management Specialists,15906,Prepare documentation for case reports or court proceedings.,Core,26.0,07/2013,Occupational Expert,13,Business and Financial Operations Occupations
13-1199.03,Customs Brokers,15941,Classify goods according to tariff coding system.,Core,28.0,07/2011,Occupational Expert,13,Business and Financial Operations Occupations
13-1199.03,Customs Brokers,15945,"Prepare and process import and export documentation according to customs regulations, laws, or procedures.",Core,28.0,07/2011,Occupational Expert,13,Business and Financial Operations Occupations
13-1199.03,Customs Brokers,15936,"Pay, or arrange for payment of, taxes and duties on shipments.",Core,28.0,07/2011,Occupational Expert,13,Business and Financial Operations Occupations
13-1199.03,Customs Brokers,15924,"Sign documents on behalf of clients, using powers of attorney.",Core,28.0,07/2011,Occupational Expert,13,Business and Financial Operations Occupations
13-1199.03,Customs Brokers,15946,Clear goods through customs and to their destinations for clients.,Core,28.0,07/2011,Occupational Expert,13,Business and Financial Operations Occupations
13-1199.03,Customs Brokers,15942,Calculate duty and tariff payments owed on shipments.,Core,28.0,07/2011,Occupational Expert,13,Business and Financial Operations Occupations
13-1199.03,Customs Brokers,15933,"Stay abreast of changes in import or export laws or regulations by reading current literature, attending meetings or conferences, or conferring with colleagues.",Core,28.0,07/2011,Occupational Expert,13,Business and Financial Operations Occupations
13-1199.03,Customs Brokers,15932,"Request or compile necessary import documentation, such as customs invoices, certificates of origin, and cargo-control documents.",Core,28.0,07/2011,Occupational Expert,13,Business and Financial Operations Occupations
13-1199.03,Customs Brokers,15944,"Advise customers on import and export restrictions, tariff systems, insurance requirements, quotas, or other customs-related matters.",Core,28.0,07/2011,Occupational Expert,13,Business and Financial Operations Occupations
13-1199.03,Customs Brokers,15937,Monitor or trace the location of goods.,Core,28.0,07/2011,Occupational Expert,13,Business and Financial Operations Occupations
13-1199.03,Customs Brokers,15940,Confer with officials in various agencies to facilitate clearance of goods through customs and quarantine.,Core,28.0,07/2011,Occupational Expert,13,Business and Financial Operations Occupations
13-1199.03,Customs Brokers,15926,Post bonds for the products being imported or assist clients in obtaining bonds.,Core,28.0,07/2011,Occupational Expert,13,Business and Financial Operations Occupations
13-1199.03,Customs Brokers,15934,"Quote duty and tax rates on goods to be imported, based on federal tariffs and excise taxes.",Core,28.0,07/2011,Occupational Expert,13,Business and Financial Operations Occupations
13-1199.03,Customs Brokers,15928,"Obtain line releases for frequent shippers of low-risk commodities, high-volume entries, or multiple-container loads.",Core,28.0,07/2011,Occupational Expert,13,Business and Financial Operations Occupations
13-1199.03,Customs Brokers,15930,"Arrange for transportation, warehousing, or product distribution of imported or exported products.",Core,28.0,07/2011,Occupational Expert,13,Business and Financial Operations Occupations
13-1199.03,Customs Brokers,15939,Inform importers and exporters of steps to reduce duties and taxes.,Core,28.0,07/2011,Occupational Expert,13,Business and Financial Operations Occupations
13-1199.03,Customs Brokers,15929,Contract with freight forwarders for destination services.,Core,28.0,07/2011,Occupational Expert,13,Business and Financial Operations Occupations
13-1199.03,Customs Brokers,15938,Maintain relationships with customs brokers in other ports to expedite clearing of cargo.,Core,28.0,07/2011,Occupational Expert,13,Business and Financial Operations Occupations
13-1199.03,Customs Brokers,15943,Apply for tariff concessions or for duty drawbacks and other refunds.,Core,28.0,07/2011,Occupational Expert,13,Business and Financial Operations Occupations
13-1199.03,Customs Brokers,15925,"Provide advice on transportation options, types of carriers, or shipping routes.",Core,28.0,07/2011,Occupational Expert,13,Business and Financial Operations Occupations
13-1199.03,Customs Brokers,15935,Prepare papers for shippers to appeal duty charges.,Core,28.0,07/2011,Occupational Expert,13,Business and Financial Operations Occupations
13-1199.03,Customs Brokers,15931,Suggest best methods of packaging or labeling products.,Core,28.0,07/2011,Occupational Expert,13,Business and Financial Operations Occupations
13-1199.03,Customs Brokers,15927,"Insure cargo against loss, damage, or pilferage.",Core,28.0,07/2011,Occupational Expert,13,Business and Financial Operations Occupations
13-1199.04,Business Continuity Planners,15962,Develop disaster recovery plans for physical locations with critical assets such as data centers.,Core,30.0,07/2011,Occupational Expert,13,Business and Financial Operations Occupations
13-1199.04,Business Continuity Planners,15956,Test documented disaster recovery strategies and plans.,Core,30.0,07/2011,Occupational Expert,13,Business and Financial Operations Occupations
13-1199.04,Business Continuity Planners,15960,"Analyze impact on, and risk to, essential business functions or information systems to identify acceptable recovery time periods and resource requirements.",Core,29.0,07/2011,Occupational Expert,13,Business and Financial Operations Occupations
13-1199.04,Business Continuity Planners,15965,"Develop emergency management plans for recovery decision making and communications, continuity of critical departmental processes, or temporary shut-down of non-critical departments to ensure continuity of operation and governance.",Core,30.0,07/2011,Occupational Expert,13,Business and Financial Operations Occupations
13-1199.04,Business Continuity Planners,15957,"Review existing disaster recovery, crisis management, or business continuity plans.",Core,30.0,07/2011,Occupational Expert,13,Business and Financial Operations Occupations
13-1199.04,Business Continuity Planners,15951,"Establish, maintain, or test call trees to ensure appropriate communication during disaster.",Core,30.0,07/2011,Occupational Expert,13,Business and Financial Operations Occupations
13-1199.04,Business Continuity Planners,15949,Interpret government regulations and applicable codes to ensure compliance.,Core,30.0,07/2011,Occupational Expert,13,Business and Financial Operations Occupations
13-1199.04,Business Continuity Planners,15964,Conduct or oversee contingency plan integration and operation.,Core,30.0,07/2011,Occupational Expert,13,Business and Financial Operations Occupations
13-1199.04,Business Continuity Planners,15947,"Write reports to summarize testing activities, including descriptions of goals, planning, scheduling, execution, results, analysis, conclusions, and recommendations.",Core,30.0,07/2011,Occupational Expert,13,Business and Financial Operations Occupations
13-1199.04,Business Continuity Planners,15961,"Identify opportunities for strategic improvement or mitigation of business interruption and other risks caused by business, regulatory, or industry-specific change initiatives.",Core,29.0,07/2011,Occupational Expert,13,Business and Financial Operations Occupations
13-1199.04,Business Continuity Planners,15953,Create business continuity and disaster recovery budgets.,Core,30.0,07/2011,Occupational Expert,13,Business and Financial Operations Occupations
13-1199.04,Business Continuity Planners,15954,Create or administer training and awareness presentations or materials.,Core,30.0,07/2011,Occupational Expert,13,Business and Financial Operations Occupations
13-1199.04,Business Continuity Planners,15948,Maintain and update organization information technology applications and network systems blueprints.,Core,30.0,07/2011,Occupational Expert,13,Business and Financial Operations Occupations
13-1199.04,Business Continuity Planners,15966,"Conduct or oversee collection of corporate intelligence to avoid fraud, financial crime, cyber-attack, terrorism, and infrastructure failure.",Core,30.0,07/2011,Occupational Expert,13,Business and Financial Operations Occupations
13-1199.04,Business Continuity Planners,15958,"Recommend or implement methods to monitor, evaluate, or enable resolution of safety, operations, or compliance interruptions.",Core,30.0,07/2011,Occupational Expert,13,Business and Financial Operations Occupations
13-1199.04,Business Continuity Planners,15967,"Analyze corporate intelligence data to identify trends, patterns, or warnings indicating threats to security of people, assets, information, or infrastructure.",Core,30.0,07/2011,Occupational Expert,13,Business and Financial Operations Occupations
13-1199.04,Business Continuity Planners,15952,Design or implement products and services to mitigate risk or facilitate use of technology-based tools and methods.,Core,30.0,07/2011,Occupational Expert,13,Business and Financial Operations Occupations
13-1199.04,Business Continuity Planners,15959,"Prepare reports summarizing operational results, financial performance, or accomplishments of specified objectives, goals, or plans.",Core,30.0,07/2011,Occupational Expert,13,Business and Financial Operations Occupations
13-1199.04,Business Continuity Planners,15963,Create scenarios to re-establish operations from various types of business disruptions.,Core,29.0,07/2011,Occupational Expert,13,Business and Financial Operations Occupations
13-1199.04,Business Continuity Planners,15955,"Attend professional meetings, read literature, and participate in training or other educational offerings to keep abreast of new developments and technologies related to disaster recovery and business continuity.",Core,30.0,07/2011,Occupational Expert,13,Business and Financial Operations Occupations
13-1199.04,Business Continuity Planners,15950,Identify individual or transaction targets to direct intelligence collection.,Core,30.0,07/2011,Occupational Expert,13,Business and Financial Operations Occupations
13-1199.05,Sustainability Specialists,15975,Create or maintain plans or other documents related to sustainability projects.,Core,28.0,07/2013,Occupational Expert,13,Business and Financial Operations Occupations
13-1199.05,Sustainability Specialists,15981,"Develop sustainability project goals, objectives, initiatives, or strategies in collaboration with other sustainability professionals.",Core,28.0,07/2013,Occupational Expert,13,Business and Financial Operations Occupations
13-1199.05,Sustainability Specialists,15979,"Assess or propose sustainability initiatives, considering factors such as cost effectiveness, technical feasibility, and acceptance.",Core,28.0,07/2013,Occupational Expert,13,Business and Financial Operations Occupations
13-1199.05,Sustainability Specialists,15973,Provide technical or administrative support for sustainability programs or issues.,Core,28.0,07/2013,Occupational Expert,13,Business and Financial Operations Occupations
13-1199.05,Sustainability Specialists,15980,"Monitor or track sustainability indicators, such as energy usage, natural resource usage, waste generation, and recycling.",Core,28.0,07/2013,Occupational Expert,13,Business and Financial Operations Occupations
13-1199.05,Sustainability Specialists,15969,"Research or review regulatory, technical, or market issues related to sustainability.",Core,28.0,07/2013,Occupational Expert,13,Business and Financial Operations Occupations
13-1199.05,Sustainability Specialists,15968,Review and revise sustainability proposals or policies.,Core,28.0,07/2013,Occupational Expert,13,Business and Financial Operations Occupations
13-1199.05,Sustainability Specialists,15978,Collect information about waste stream management or green building practices to inform decision-makers.,Core,28.0,07/2013,Occupational Expert,13,Business and Financial Operations Occupations
13-1199.05,Sustainability Specialists,15976,Develop reports or presentations to communicate the effectiveness of sustainability initiatives.,Core,28.0,07/2013,Occupational Expert,13,Business and Financial Operations Occupations
13-1199.05,Sustainability Specialists,15974,Identify or procure needed resources to implement sustainability programs or projects.,Core,28.0,07/2013,Occupational Expert,13,Business and Financial Operations Occupations
13-1199.05,Sustainability Specialists,15977,"Create marketing or outreach media, such as brochures or web sites, to communicate sustainability issues, procedures, or objectives.",Core,28.0,07/2013,Occupational Expert,13,Business and Financial Operations Occupations
13-1199.05,Sustainability Specialists,15972,"Write grant applications, rebate applications, or project proposals to secure funding for sustainability projects.",Core,28.0,07/2013,Occupational Expert,13,Business and Financial Operations Occupations
13-1199.05,Sustainability Specialists,15971,Identify or create new sustainability indicators.,Core,28.0,07/2013,Occupational Expert,13,Business and Financial Operations Occupations
13-1199.06,Online Merchants,15718,Fill customer orders by packaging sold items and documentation for direct shipping or by transferring orders to manufacturers or third-party distributors.,Core,75.0,07/2014,Incumbent,13,Business and Financial Operations Occupations
13-1199.06,Online Merchants,15731,"Receive and process payments from customers, using electronic transaction services.",Core,74.0,07/2014,Incumbent,13,Business and Financial Operations Occupations
13-1199.06,Online Merchants,15710,"Create, manage, or automate orders or invoices, using order management or invoicing software.",Core,75.0,07/2014,Incumbent,13,Business and Financial Operations Occupations
13-1199.06,Online Merchants,15709,Deliver e-mail confirmation of completed transactions and shipment.,Core,75.0,07/2014,Incumbent,13,Business and Financial Operations Occupations
13-1199.06,Online Merchants,15728,"Correspond with online customers via electronic mail, telephone, or other electronic messaging to address questions or complaints about products, policies, or shipping methods.",Core,74.0,07/2014,Incumbent,13,Business and Financial Operations Occupations
13-1199.06,Online Merchants,15733,Purchase new or used items from online or physical sources for resale via retail or auction Web site.,Core,75.0,07/2014,Incumbent,13,Business and Financial Operations Occupations
13-1199.06,Online Merchants,15707,Determine and set product prices.,Core,73.0,07/2014,Incumbent,13,Business and Financial Operations Occupations
13-1199.06,Online Merchants,15730,"Calculate purchase subtotals, taxes, and shipping costs for submission to customers.",Core,75.0,07/2014,Incumbent,13,Business and Financial Operations Occupations
13-1199.06,Online Merchants,15734,"Compose descriptions of merchandise for posting to online storefront, auction sites, or other shopping Web sites.",Core,73.0,07/2014,Incumbent,13,Business and Financial Operations Occupations
13-1199.06,Online Merchants,15729,"Compose images of products, using video or still cameras, lighting equipment, props, or photo or video editing software.",Core,74.0,07/2014,Incumbent,13,Business and Financial Operations Occupations
13-1199.06,Online Merchants,15703,"Upload digital media, such as photos, video, or scanned images to online storefront, auction sites, or other shopping Web sites.",Core,73.0,07/2014,Incumbent,13,Business and Financial Operations Occupations
13-1199.06,Online Merchants,15735,"Calculate revenue, sales, and expenses, using financial accounting or spreadsheet software.",Core,74.0,07/2014,Incumbent,13,Business and Financial Operations Occupations
13-1199.06,Online Merchants,15714,Cancel orders based on customer requests or inventory or delivery problems.,Core,75.0,07/2014,Incumbent,13,Business and Financial Operations Occupations
13-1199.06,Online Merchants,15732,"Prepare or organize online storefront marketing material, including product descriptions or subject lines, optimizing content to search engine criteria.",Core,72.0,07/2014,Incumbent,13,Business and Financial Operations Occupations
13-1199.06,Online Merchants,15704,Order or purchase merchandise to maintain optimal inventory levels.,Core,75.0,07/2014,Incumbent,13,Business and Financial Operations Occupations
13-1199.06,Online Merchants,15726,Determine location for product listings to maximize exposure to online traffic.,Core,73.0,07/2014,Incumbent,13,Business and Financial Operations Occupations
13-1199.06,Online Merchants,15711,Create or maintain database of customer accounts.,Core,74.0,07/2014,Incumbent,13,Business and Financial Operations Occupations
13-1199.06,Online Merchants,15717,"Promote products in online communities through weblog or discussion-forum postings, e-mail marketing programs, or online advertising.",Core,75.0,07/2014,Incumbent,13,Business and Financial Operations Occupations
13-1199.06,Online Merchants,15713,Collaborate with search engine shopping specialists to place marketing content in desired online locations.,Core,74.0,07/2014,Incumbent,13,Business and Financial Operations Occupations
13-1199.06,Online Merchants,15721,"Investigate products or markets to determine areas for opportunity or viability for merchandising specific products, using online or offline sources.",Core,73.0,07/2014,Incumbent,13,Business and Financial Operations Occupations
13-1199.06,Online Merchants,15705,"Maintain inventory of shipping supplies, such as boxes, labels, tape, bubble wrap, loose packing materials, or tape guns.",Core,75.0,07/2014,Incumbent,13,Business and Financial Operations Occupations
13-1199.06,Online Merchants,15719,Measure and analyze Web site usage data to maximize search engine returns or refine customer interfaces.,Core,72.0,07/2014,Incumbent,13,Business and Financial Operations Occupations
13-1199.06,Online Merchants,15725,"Develop or revise business plans for online business, emphasizing factors such as product line, pricing, inventory, or marketing strategy.",Core,73.0,07/2014,Incumbent,13,Business and Financial Operations Occupations
13-1199.06,Online Merchants,15708,Disclose merchant information and terms and policies of transactions in online or offline materials.,Core,73.0,07/2014,Incumbent,13,Business and Financial Operations Occupations
13-2011.01,Accountants,112,"Prepare, examine, or analyze accounting records, financial statements, or other financial reports to assess accuracy, completeness, and conformance to reporting and procedural standards.",Core,190.0,06/2009,Incumbent,13,Business and Financial Operations Occupations
13-2011.01,Accountants,115,Report to management regarding the finances of establishment.,Core,192.0,06/2009,Incumbent,13,Business and Financial Operations Occupations
13-2011.01,Accountants,116,Establish tables of accounts and assign entries to proper accounts.,Core,192.0,06/2009,Incumbent,13,Business and Financial Operations Occupations
13-2011.01,Accountants,118,"Develop, implement, modify, and document recordkeeping and accounting systems, making use of current computer technology.",Core,192.0,06/2009,Incumbent,13,Business and Financial Operations Occupations
13-2011.02,Auditors,1230,"Collect and analyze data to detect deficient controls, duplicated effort, extravagance, fraud, or non-compliance with laws, regulations, and management policies.",Core,24.0,06/2008,Occupational Expert,13,Business and Financial Operations Occupations
13-2011.02,Auditors,1232,Prepare detailed reports on audit findings.,Core,24.0,06/2008,Occupational Expert,13,Business and Financial Operations Occupations
13-2011.02,Auditors,1236,"Supervise auditing of establishments, and determine scope of investigation required.",Core,24.0,06/2008,Occupational Expert,13,Business and Financial Operations Occupations
13-2011.02,Auditors,1231,"Report to management about asset utilization and audit results, and recommend changes in operations and financial activities.",Core,24.0,06/2008,Occupational Expert,13,Business and Financial Operations Occupations
13-2011.02,Auditors,1234,"Inspect account books and accounting systems for efficiency, effectiveness, and use of accepted accounting procedures to record transactions.",Core,24.0,06/2008,Occupational Expert,13,Business and Financial Operations Occupations
13-2011.02,Auditors,1242,Examine records and interview workers to ensure recording of transactions and compliance with laws and regulations.,Core,24.0,06/2008,Occupational Expert,13,Business and Financial Operations Occupations
13-2011.02,Auditors,1235,"Examine and evaluate financial and information systems, recommending controls to ensure system reliability and data integrity.",Core,24.0,06/2008,Occupational Expert,13,Business and Financial Operations Occupations
13-2011.02,Auditors,1233,"Review data about material assets, net worth, liabilities, capital stock, surplus, income, and expenditures.",Core,24.0,06/2008,Occupational Expert,13,Business and Financial Operations Occupations
13-2011.02,Auditors,1238,Confer with company officials about financial and regulatory matters.,Core,25.0,06/2008,Occupational Expert,13,Business and Financial Operations Occupations
13-2011.02,Auditors,1241,"Examine whether the organization's objectives are reflected in its management activities, and whether employees understand the objectives.",Core,24.0,06/2008,Occupational Expert,13,Business and Financial Operations Occupations
13-2011.02,Auditors,1237,"Prepare, analyze, and verify annual reports, financial statements, and other records, using accepted accounting and statistical procedures to assess financial condition and facilitate financial planning.",Core,24.0,06/2008,Occupational Expert,13,Business and Financial Operations Occupations
13-2011.02,Auditors,1239,"Inspect cash on hand, notes receivable and payable, negotiable securities, and canceled checks to confirm records are accurate.",Core,25.0,06/2008,Occupational Expert,13,Business and Financial Operations Occupations
13-2011.02,Auditors,1240,Examine inventory to verify journal and ledger entries.,Core,24.0,06/2008,Occupational Expert,13,Business and Financial Operations Occupations
13-2021.01,Assessors,3375,"Determine taxability and value of properties, using methods such as field inspection, structural measurement, calculation, sales analysis, market trend studies, and income and expense analysis.",Core,79.0,07/2011,Incumbent,13,Business and Financial Operations Occupations
13-2021.01,Assessors,3378,"Inspect properties, considering factors such as market value, location, and building or replacement costs to determine appraisal value.",Core,79.0,07/2011,Incumbent,13,Business and Financial Operations Occupations
13-2021.01,Assessors,3377,Explain assessed values to property owners and defend appealed assessments at public hearings.,Core,79.0,07/2011,Incumbent,13,Business and Financial Operations Occupations
13-2021.01,Assessors,3379,"Prepare and maintain current data on each parcel assessed, including maps of boundaries, inventories of land and structures, property characteristics, and any applicable exemptions.",Core,79.0,07/2011,Incumbent,13,Business and Financial Operations Occupations
13-2021.01,Assessors,3388,Establish uniform and equitable systems for assessing all classes and kinds of property.,Core,76.0,07/2011,Incumbent,13,Business and Financial Operations Occupations
13-2021.01,Assessors,3376,Inspect new construction and major improvements to existing structures to determine values.,Core,79.0,07/2011,Incumbent,13,Business and Financial Operations Occupations
13-2021.01,Assessors,3389,Write and submit appraisal and tax reports for public record.,Core,79.0,07/2011,Incumbent,13,Business and Financial Operations Occupations
13-2021.01,Assessors,3382,Complete and maintain assessment rolls that show the assessed values and status of all property in a municipality.,Core,79.0,07/2011,Incumbent,13,Business and Financial Operations Occupations
13-2021.01,Assessors,3386,"Analyze trends in sales prices, construction costs, and rents, to assess property values or determine the accuracy of assessments.",Core,79.0,07/2011,Incumbent,13,Business and Financial Operations Occupations
13-2021.01,Assessors,3384,"Review information about transfers of property to ensure its accuracy, checking basic information on buyers, sellers, and sales prices and making corrections as necessary.",Core,79.0,07/2011,Incumbent,13,Business and Financial Operations Occupations
13-2021.01,Assessors,3381,Conduct regular reviews of property within jurisdictions to determine changes in property due to construction or demolition.,Core,78.0,07/2011,Incumbent,13,Business and Financial Operations Occupations
13-2021.01,Assessors,3385,Maintain familiarity with aspects of local real estate markets.,Core,77.0,07/2011,Incumbent,13,Business and Financial Operations Occupations
13-2021.01,Assessors,3380,Identify the ownership of each piece of taxable property.,Core,78.0,07/2011,Incumbent,13,Business and Financial Operations Occupations
13-2021.02,"Appraisers, Real Estate",7288,"Compute final estimation of property values, taking into account such factors as depreciation, replacement costs, value comparisons of similar properties, and income potential.",Core,20.0,07/2014,Occupational Expert,13,Business and Financial Operations Occupations
13-2021.02,"Appraisers, Real Estate",7287,"Prepare written reports that estimate property values, outline methods by which the estimations were made, and meet appraisal standards.",Core,20.0,07/2014,Occupational Expert,13,Business and Financial Operations Occupations
13-2021.02,"Appraisers, Real Estate",20478,Collect and analyze relevant data to identify real estate market trends.,Core,20.0,07/2014,Occupational Expert,13,Business and Financial Operations Occupations
13-2021.02,"Appraisers, Real Estate",7290,"Inspect properties to evaluate construction, condition, special features, and functional design, and to take property measurements.",Core,20.0,07/2014,Occupational Expert,13,Business and Financial Operations Occupations
13-2021.02,"Appraisers, Real Estate",7297,Examine income records and operating costs of income properties.,Core,20.0,07/2014,Occupational Expert,13,Business and Financial Operations Occupations
13-2021.02,"Appraisers, Real Estate",7292,"Evaluate land and neighborhoods where properties are situated, considering locations and trends or impending changes that could influence future values.",Core,20.0,07/2014,Occupational Expert,13,Business and Financial Operations Occupations
13-2021.02,"Appraisers, Real Estate",7289,"Search public records for transactions such as sales, leases, and assessments.",Core,20.0,07/2014,Occupational Expert,13,Business and Financial Operations Occupations
13-2021.02,"Appraisers, Real Estate",7295,Check building codes and zoning bylaws to determine any effects on the properties being appraised.,Core,20.0,07/2014,Occupational Expert,13,Business and Financial Operations Occupations
13-2021.02,"Appraisers, Real Estate",7294,Verify legal descriptions of properties by comparing them to county records.,Core,20.0,07/2014,Occupational Expert,13,Business and Financial Operations Occupations
13-2021.02,"Appraisers, Real Estate",7298,"Interview persons familiar with properties and immediate surroundings, such as contractors, home owners, and realtors, to obtain pertinent information.",Core,20.0,07/2014,Occupational Expert,13,Business and Financial Operations Occupations
13-2021.02,"Appraisers, Real Estate",7291,"Photograph interiors and exteriors of properties to assist in estimating property value, substantiate findings, and complete appraisal reports.",Core,20.0,07/2014,Occupational Expert,13,Business and Financial Operations Occupations
13-2021.02,"Appraisers, Real Estate",7293,Obtain county land values and sales information about nearby properties to aid in establishment of property values.,Core,20.0,07/2014,Occupational Expert,13,Business and Financial Operations Occupations
13-2021.02,"Appraisers, Real Estate",7299,"Examine the type and location of nearby services, such as shopping centers, schools, parks, and other neighborhood features, to evaluate their impact on property values.",Core,20.0,07/2014,Occupational Expert,13,Business and Financial Operations Occupations
13-2021.02,"Appraisers, Real Estate",7296,Estimate building replacement costs using building valuation manuals and professional cost estimators.,Core,20.0,07/2014,Occupational Expert,13,Business and Financial Operations Occupations
13-2021.02,"Appraisers, Real Estate",7300,Draw land diagrams that will be used in appraisal reports to support findings.,Core,20.0,07/2014,Occupational Expert,13,Business and Financial Operations Occupations
13-2021.02,"Appraisers, Real Estate",7301,Testify in court as to the value of a piece of real estate property.,Core,20.0,07/2014,Occupational Expert,13,Business and Financial Operations Occupations
13-2031.00,Budget Analysts,3395,Direct the preparation of regular and special budget reports.,Core,114.0,06/2008,Incumbent,13,Business and Financial Operations Occupations
13-2031.00,Budget Analysts,3394,Analyze monthly department budgeting and accounting reports to maintain expenditure controls.,Core,114.0,06/2008,Incumbent,13,Business and Financial Operations Occupations
13-2031.00,Budget Analysts,3398,"Provide advice and technical assistance with cost analysis, fiscal allocation, and budget preparation.",Core,114.0,06/2008,Incumbent,13,Business and Financial Operations Occupations
13-2031.00,Budget Analysts,3402,"Examine budget estimates for completeness, accuracy, and conformance with procedures and regulations.",Core,113.0,06/2008,Incumbent,13,Business and Financial Operations Occupations
13-2031.00,Budget Analysts,3399,Summarize budgets and submit recommendations for the approval or disapproval of funds requests.,Core,113.0,06/2008,Incumbent,13,Business and Financial Operations Occupations
13-2031.00,Budget Analysts,3401,Review operating budgets to analyze trends affecting budget needs.,Core,113.0,06/2008,Incumbent,13,Business and Financial Operations Occupations
13-2031.00,Budget Analysts,3396,Consult with managers to ensure that budget adjustments are made in accordance with program changes.,Core,114.0,06/2008,Incumbent,13,Business and Financial Operations Occupations
13-2031.00,Budget Analysts,3405,Compile and analyze accounting records and other data to determine the financial resources required to implement a program.,Core,113.0,06/2008,Incumbent,13,Business and Financial Operations Occupations
13-2031.00,Budget Analysts,3403,"Perform cost-benefit analyses to compare operating programs, review financial requests, or explore alternative financing methods.",Core,114.0,06/2008,Incumbent,13,Business and Financial Operations Occupations
13-2031.00,Budget Analysts,3404,Interpret budget directives and establish policies for carrying out directives.,Core,114.0,06/2008,Incumbent,13,Business and Financial Operations Occupations
13-2031.00,Budget Analysts,3400,Seek new ways to improve efficiency and increase profits.,Core,113.0,06/2008,Incumbent,13,Business and Financial Operations Occupations
13-2041.00,Credit Analysts,1250,Analyze credit data and financial statements to determine the degree of risk involved in extending credit or lending money.,Core,30.0,06/2009,Occupational Expert,13,Business and Financial Operations Occupations
13-2041.00,Credit Analysts,1255,"Generate financial ratios, using computer programs, to evaluate customers' financial status.",Core,30.0,06/2009,Occupational Expert,13,Business and Financial Operations Occupations
13-2041.00,Credit Analysts,1258,Consult with customers to resolve complaints and verify financial and credit transactions.,Core,30.0,06/2009,Occupational Expert,13,Business and Financial Operations Occupations
13-2041.00,Credit Analysts,1251,Prepare reports that include the degree of risk involved in extending credit or lending money.,Core,30.0,06/2009,Occupational Expert,13,Business and Financial Operations Occupations
13-2041.00,Credit Analysts,1257,"Compare liquidity, profitability, and credit histories of establishments being evaluated with those of similar establishments in the same industries and geographic locations.",Core,30.0,06/2009,Occupational Expert,13,Business and Financial Operations Occupations
13-2041.00,Credit Analysts,1256,Review individual or commercial customer files to identify and select delinquent accounts for collection.,Core,30.0,06/2009,Occupational Expert,13,Business and Financial Operations Occupations
13-2041.00,Credit Analysts,1253,Confer with credit association and other business representatives to exchange credit information.,Core,30.0,06/2009,Occupational Expert,13,Business and Financial Operations Occupations
13-2051.00,Financial Analysts,7302,"Draw charts and graphs, using computer spreadsheets, to illustrate technical reports.",Core,87.0,12/2005,Incumbent,13,Business and Financial Operations Occupations
13-2051.00,Financial Analysts,7303,"Inform investment decisions by analyzing financial information to forecast business, industry, or economic conditions.",Core,87.0,12/2005,Incumbent,13,Business and Financial Operations Occupations
13-2051.00,Financial Analysts,7304,"Monitor developments in the fields of industrial technology, business, finance, and economic theory.",Core,87.0,12/2005,Incumbent,13,Business and Financial Operations Occupations
13-2051.00,Financial Analysts,7305,"Interpret data on price, yield, stability, future investment-risk trends, economic influences, and other factors affecting investment programs.",Core,87.0,12/2005,Incumbent,13,Business and Financial Operations Occupations
13-2051.00,Financial Analysts,7306,"Monitor fundamental economic, industrial, and corporate developments by analyzing information from financial publications and services, investment banking firms, government agencies, trade publications, company sources, or personal interviews.",Core,86.0,12/2005,Incumbent,13,Business and Financial Operations Occupations
13-2052.00,Personal Financial Advisors,12907,"Interview clients to determine their current income, expenses, insurance coverage, tax status, financial objectives, risk tolerance, or other information needed to develop a financial plan.",Core,28.0,07/2012,Occupational Expert,13,Business and Financial Operations Occupations
13-2052.00,Personal Financial Advisors,12905,Answer clients' questions about the purposes and details of financial plans and strategies.,Core,28.0,07/2012,Occupational Expert,13,Business and Financial Operations Occupations
13-2052.00,Personal Financial Advisors,20182,"Recommend to clients strategies in cash management, insurance coverage, investment planning, or other areas to help them achieve their financial goals.",Core,28.0,07/2012,Occupational Expert,13,Business and Financial Operations Occupations
13-2052.00,Personal Financial Advisors,12904,Analyze financial information obtained from clients to determine strategies for meeting clients' financial objectives.,Core,28.0,07/2012,Occupational Expert,13,Business and Financial Operations Occupations
13-2052.00,Personal Financial Advisors,12909,Implement financial planning recommendations or refer clients to someone who can assist them with plan implementation.,Core,28.0,07/2012,Occupational Expert,13,Business and Financial Operations Occupations
13-2052.00,Personal Financial Advisors,20183,"Review clients' accounts and plans regularly to determine whether life changes, economic changes, environmental concerns, or financial performance indicate a need for plan reassessment.",Core,28.0,07/2012,Occupational Expert,13,Business and Financial Operations Occupations
13-2052.00,Personal Financial Advisors,20184,"Manage client portfolios, keeping client plans up-to-date.",Core,28.0,07/2012,Occupational Expert,13,Business and Financial Operations Occupations
13-2052.00,Personal Financial Advisors,12915,Contact clients periodically to determine any changes in their financial status.,Core,28.0,07/2012,Occupational Expert,13,Business and Financial Operations Occupations
13-2052.00,Personal Financial Advisors,12913,"Prepare or interpret for clients information such as investment performance reports, financial document summaries, or income projections.",Core,28.0,07/2012,Occupational Expert,13,Business and Financial Operations Occupations
13-2052.00,Personal Financial Advisors,20185,Recruit and maintain client bases.,Core,26.0,07/2012,Occupational Expert,13,Business and Financial Operations Occupations
13-2052.00,Personal Financial Advisors,20186,Explain to clients the personal financial advisor's responsibilities and the types of services to be provided.,Core,28.0,07/2012,Occupational Expert,13,Business and Financial Operations Occupations
13-2052.00,Personal Financial Advisors,20187,Investigate available investment opportunities to determine compatibility with client financial plans.,Core,28.0,07/2012,Occupational Expert,13,Business and Financial Operations Occupations
13-2052.00,Personal Financial Advisors,12914,"Guide clients in the gathering of information, such as bank account records, income tax returns, life and disability insurance records, pension plans, or wills.",Core,28.0,07/2012,Occupational Expert,13,Business and Financial Operations Occupations
13-2052.00,Personal Financial Advisors,20188,Monitor financial market trends to ensure that client plans are responsive.,Core,28.0,07/2012,Occupational Expert,13,Business and Financial Operations Occupations
13-2052.00,Personal Financial Advisors,20189,"Recommend financial products, such as stocks, bonds, mutual funds, or insurance.",Core,28.0,07/2012,Occupational Expert,13,Business and Financial Operations Occupations
13-2052.00,Personal Financial Advisors,12916,"Meet with clients' other advisors, such as attorneys, accountants, trust officers, or investment bankers, to fully understand clients' financial goals and circumstances.",Core,28.0,07/2012,Occupational Expert,13,Business and Financial Operations Occupations
13-2052.00,Personal Financial Advisors,12917,Devise debt liquidation plans that include payoff priorities and timelines.,Core,28.0,07/2012,Occupational Expert,13,Business and Financial Operations Occupations
13-2053.00,Insurance Underwriters,1264,"Decrease value of policy when risk is substandard and specify applicable endorsements or apply rating to ensure safe profitable distribution of risks, using reference materials.",Core,26.0,06/2009,Occupational Expert,13,Business and Financial Operations Occupations
13-2053.00,Insurance Underwriters,1261,Decline excessive risks.,Core,26.0,06/2009,Occupational Expert,13,Business and Financial Operations Occupations
13-2053.00,Insurance Underwriters,1262,"Write to field representatives, medical personnel, and others to obtain further information, quote rates, or explain company underwriting policies.",Core,26.0,06/2009,Occupational Expert,13,Business and Financial Operations Occupations
13-2053.00,Insurance Underwriters,1265,Review company records to determine amount of insurance in force on single risk or group of closely related risks.,Core,26.0,06/2009,Occupational Expert,13,Business and Financial Operations Occupations
13-2053.00,Insurance Underwriters,1260,Examine documents to determine degree of risk from such factors as applicant financial standing and value and condition of property.,Core,26.0,06/2009,Occupational Expert,13,Business and Financial Operations Occupations
13-2053.00,Insurance Underwriters,1266,Authorize reinsurance of policy when risk is high.,Core,26.0,06/2009,Occupational Expert,13,Business and Financial Operations Occupations
13-2053.00,Insurance Underwriters,1263,Evaluate possibility of losses due to catastrophe or excessive insurance.,Core,25.0,06/2009,Occupational Expert,13,Business and Financial Operations Occupations
13-2061.00,Financial Examiners,7314,Investigate activities of institutions to enforce laws and regulations and to ensure legality of transactions and operations or financial solvency.,Core,25.0,07/2012,Occupational Expert,13,Business and Financial Operations Occupations
13-2061.00,Financial Examiners,7319,"Prepare reports, exhibits and other supporting schedules that detail an institution's safety and soundness, compliance with laws and regulations, and recommended solutions to questionable financial conditions.",Core,25.0,07/2012,Occupational Expert,13,Business and Financial Operations Occupations
13-2061.00,Financial Examiners,7317,"Recommend actions to ensure compliance with laws and regulations, or to protect solvency of institutions.",Core,25.0,07/2012,Occupational Expert,13,Business and Financial Operations Occupations
13-2061.00,Financial Examiners,7327,"Resolve problems concerning the overall financial integrity of banking institutions including loan investment portfolios, capital, earnings, and specific or large troubled accounts.",Core,25.0,07/2012,Occupational Expert,13,Business and Financial Operations Occupations
13-2061.00,Financial Examiners,7324,"Direct and participate in formal and informal meetings with bank directors, trustees, senior management, counsels, outside accountants and consultants to gather information and discuss findings.",Core,25.0,07/2012,Occupational Expert,13,Business and Financial Operations Occupations
13-2061.00,Financial Examiners,7320,"Review balance sheets, operating income and expense accounts, and loan documentation to confirm institution assets and liabilities.",Core,25.0,07/2012,Occupational Expert,13,Business and Financial Operations Occupations
13-2061.00,Financial Examiners,7316,"Plan, supervise, and review work of assigned subordinates.",Core,25.0,07/2012,Occupational Expert,13,Business and Financial Operations Occupations
13-2061.00,Financial Examiners,7321,Review audit reports of internal and external auditors to monitor adequacy of scope of reports or to discover specific weaknesses in internal routines.,Core,25.0,07/2012,Occupational Expert,13,Business and Financial Operations Occupations
13-2061.00,Financial Examiners,7322,Train other examiners in the financial examination process.,Core,25.0,07/2012,Occupational Expert,13,Business and Financial Operations Occupations
13-2061.00,Financial Examiners,7315,"Review and analyze new, proposed, or revised laws, regulations, policies, and procedures to interpret their meaning and determine their impact.",Core,25.0,07/2012,Occupational Expert,13,Business and Financial Operations Occupations
13-2061.00,Financial Examiners,7318,"Examine the minutes of meetings of directors, stockholders and committees to investigate the specific authority extended at various levels of management.",Core,25.0,07/2012,Occupational Expert,13,Business and Financial Operations Occupations
13-2061.00,Financial Examiners,7329,"Confer with officials of real estate, securities, or financial institution industries to exchange views and discuss issues or pending cases.",Core,25.0,07/2012,Occupational Expert,13,Business and Financial Operations Occupations
13-2061.00,Financial Examiners,7323,Establish guidelines for procedures and policies that comply with new and revised regulations and direct their implementation.,Core,25.0,07/2012,Occupational Expert,13,Business and Financial Operations Occupations
13-2061.00,Financial Examiners,7328,Evaluate data processing applications for institutions under examination to develop recommendations for coordinating existing systems with examination procedures.,Core,25.0,07/2012,Occupational Expert,13,Business and Financial Operations Occupations
13-2061.00,Financial Examiners,7325,"Verify and inspect cash reserves, assigned collateral, and bank-owned securities to check internal control procedures.",Core,25.0,07/2012,Occupational Expert,13,Business and Financial Operations Occupations
13-2061.00,Financial Examiners,20190,Provide regulatory compliance training to employees.,Core,25.0,07/2012,Occupational Expert,13,Business and Financial Operations Occupations
13-2061.00,Financial Examiners,7326,"Review applications for mergers, acquisitions, establishment of new institutions, acceptance in Federal Reserve System, or registration of securities sales to determine their public interest value and conformance to regulations, and recommend acceptance or rejection.",Core,25.0,07/2012,Occupational Expert,13,Business and Financial Operations Occupations
13-2071.00,Credit Counselors,18934,"Assess clients' overall financial situation by reviewing income, assets, debts, expenses, credit reports, or other financial information.",Core,33.0,07/2013,Occupational Expert,13,Business and Financial Operations Occupations
13-2071.00,Credit Counselors,18936,"Create debt management plans, spending plans, or budgets to assist clients to meet financial goals.",Core,33.0,07/2013,Occupational Expert,13,Business and Financial Operations Occupations
13-2071.00,Credit Counselors,18935,Calculate clients' available monthly income to meet debt obligations.,Core,33.0,07/2013,Occupational Expert,13,Business and Financial Operations Occupations
13-2071.00,Credit Counselors,18943,"Prioritize client debt repayment to avoid dire consequences, such as bankruptcy or foreclosure or to reduce overall costs, such as by paying high-interest or short-term loans first.",Core,33.0,07/2013,Occupational Expert,13,Business and Financial Operations Occupations
13-2071.00,Credit Counselors,18945,"Recommend strategies for clients to meet their financial goals, such as borrowing money through loans or loan programs, declaring bankruptcy, making budget adjustments, or enrolling in debt management plans.",Core,33.0,07/2013,Occupational Expert,13,Business and Financial Operations Occupations
13-2071.00,Credit Counselors,18939,Interview clients by telephone or in person to gather financial information.,Core,33.0,07/2013,Occupational Expert,13,Business and Financial Operations Occupations
13-2071.00,Credit Counselors,18952,"Explain general financial topics to clients, such as credit report ratings, bankruptcy laws, consumer protection laws, wage attachments, or collection actions.",Core,33.0,07/2013,Occupational Expert,13,Business and Financial Operations Occupations
13-2071.00,Credit Counselors,18948,"Advise clients on housing matters, such as housing rental, homeownership, mortgage delinquency, or foreclosure prevention.",Core,33.0,07/2013,Occupational Expert,13,Business and Financial Operations Occupations
13-2071.00,Credit Counselors,18942,Prepare written documents to establish contracts with or communicate financial recommendations to clients.,Core,33.0,07/2013,Occupational Expert,13,Business and Financial Operations Occupations
13-2071.00,Credit Counselors,18938,"Explain services or policies to clients, such as debt management program rules, the advantages and disadvantages of using services, or creditor concession policies.",Core,33.0,07/2013,Occupational Expert,13,Business and Financial Operations Occupations
13-2071.00,Credit Counselors,18940,"Maintain or update records of client account activity, including financial transactions, counseling session notes, correspondence, document images, or client inquiries.",Core,33.0,07/2013,Occupational Expert,13,Business and Financial Operations Occupations
13-2071.00,Credit Counselors,18933,"Advise clients or respond to inquiries about financial matters in person or via phone, email, Web site, or Internet chat.",Core,33.0,07/2013,Occupational Expert,13,Business and Financial Operations Occupations
13-2071.00,Credit Counselors,18946,Refer clients to social service or community resources for needs beyond those of credit or debt counseling.,Core,33.0,07/2013,Occupational Expert,13,Business and Financial Operations Occupations
13-2071.00,Credit Counselors,18937,"Estimate time for debt repayment given amount of debt, interest rates, and available funds.",Core,33.0,07/2013,Occupational Expert,13,Business and Financial Operations Occupations
13-2071.00,Credit Counselors,18941,"Negotiate with creditors on behalf of clients to arrange for payment adjustments, interest rate reductions, time extensions, or to set up payment plans.",Core,33.0,07/2013,Occupational Expert,13,Business and Financial Operations Occupations
13-2071.00,Credit Counselors,18944,"Recommend educational materials or resources to clients on matters such as financial planning, budgeting, or credit.",Core,33.0,07/2013,Occupational Expert,13,Business and Financial Operations Occupations
13-2071.00,Credit Counselors,18947,"Review changes to financial, family, or employment situations to determine whether changes to existing debt management plans, spending plans, or budgets are needed.",Core,33.0,07/2013,Occupational Expert,13,Business and Financial Operations Occupations
13-2071.00,Credit Counselors,18950,Create action plans to assist clients in obtaining permanent housing via rent or mortgage programs.,Core,33.0,07/2013,Occupational Expert,13,Business and Financial Operations Occupations
13-2071.00,Credit Counselors,18955,"Teach courses or seminars on topics such as budgeting, managing personal finances, or financial literacy.",Core,33.0,07/2013,Occupational Expert,13,Business and Financial Operations Occupations
13-2071.00,Credit Counselors,18953,"Explain loan information to clients, such as available loan types, eligibility requirements, or loan restrictions.",Core,33.0,07/2013,Occupational Expert,13,Business and Financial Operations Occupations
13-2071.00,Credit Counselors,18949,Conduct research to help clients avoid repossessions or foreclosures or remove levies or wage garnishments.,Core,33.0,07/2013,Occupational Expert,13,Business and Financial Operations Occupations
13-2071.00,Credit Counselors,18954,"Investigate missing checks, payment histories, held funds, returned checks, or other related issues to resolve client or creditor problems.",Core,33.0,07/2013,Occupational Expert,13,Business and Financial Operations Occupations
13-2071.01,Loan Counselors,7330,"Check loan agreements to ensure that they are complete and accurate, according to policies.",Core,64.0,12/2005,Incumbent,13,Business and Financial Operations Occupations
13-2071.01,Loan Counselors,7331,Refer loans to loan committees for approval.,Core,62.0,12/2005,Incumbent,13,Business and Financial Operations Occupations
13-2071.01,Loan Counselors,7332,Approve loans within specified limits.,Core,64.0,12/2005,Incumbent,13,Business and Financial Operations Occupations
13-2071.01,Loan Counselors,7333,Submit applications to credit analysts for verification and recommendation.,Core,64.0,12/2005,Incumbent,13,Business and Financial Operations Occupations
13-2071.01,Loan Counselors,7334,"Analyze applicants' financial status, credit, and property evaluations to determine feasibility of granting loans.",Core,64.0,12/2005,Incumbent,13,Business and Financial Operations Occupations
13-2071.01,Loan Counselors,7335,Interview applicants and request specified information for loan applications.,Core,64.0,12/2005,Incumbent,13,Business and Financial Operations Occupations
13-2071.01,Loan Counselors,7336,Establish payment priorities according to credit terms and interest rates to reduce clients' overall costs.,Core,64.0,12/2005,Incumbent,13,Business and Financial Operations Occupations
13-2071.01,Loan Counselors,7337,Contact applicants or creditors to resolve questions about applications or to assist with completion of paperwork.,Core,64.0,12/2005,Incumbent,13,Business and Financial Operations Occupations
13-2071.01,Loan Counselors,7338,Maintain current knowledge of credit regulations.,Core,62.0,12/2005,Incumbent,13,Business and Financial Operations Occupations
13-2071.01,Loan Counselors,7339,Calculate amount of debt and funds available to plan methods of payoff and to estimate time for debt liquidation.,Core,64.0,12/2005,Incumbent,13,Business and Financial Operations Occupations
13-2071.01,Loan Counselors,7340,Analyze potential loan markets to find opportunities to promote loans and financial services.,Core,64.0,12/2005,Incumbent,13,Business and Financial Operations Occupations
13-2071.01,Loan Counselors,7341,Review billing for accuracy.,Core,63.0,12/2005,Incumbent,13,Business and Financial Operations Occupations
13-2071.01,Loan Counselors,7342,Supervise loan personnel.,Core,64.0,12/2005,Incumbent,13,Business and Financial Operations Occupations
13-2071.01,Loan Counselors,7343,"Maintain and review account records, updating and recategorizing them according to status changes.",Core,64.0,12/2005,Incumbent,13,Business and Financial Operations Occupations
13-2071.01,Loan Counselors,7344,Assist in selection of financial award candidates using electronic databases to certify loan eligibility.,Core,63.0,12/2005,Incumbent,13,Business and Financial Operations Occupations
13-2072.00,Loan Officers,3409,"Analyze applicants' financial status, credit, and property evaluations to determine feasibility of granting loans.",Core,108.0,07/2011,Incumbent,13,Business and Financial Operations Occupations
13-2072.00,Loan Officers,3411,"Obtain and compile copies of loan applicants' credit histories, corporate financial statements, and other financial information.",Core,108.0,07/2011,Incumbent,13,Business and Financial Operations Occupations
13-2072.00,Loan Officers,3408,Meet with applicants to obtain information for loan applications and to answer questions about the process.,Core,108.0,07/2011,Incumbent,13,Business and Financial Operations Occupations
13-2072.00,Loan Officers,3410,"Explain to customers the different types of loans and credit options that are available, as well as the terms of those services.",Core,107.0,07/2011,Incumbent,13,Business and Financial Operations Occupations
13-2072.00,Loan Officers,3413,Review loan agreements to ensure that they are complete and accurate according to policy.,Core,108.0,07/2011,Incumbent,13,Business and Financial Operations Occupations
13-2072.00,Loan Officers,3407,"Approve loans within specified limits, and refer loan applications outside those limits to management for approval.",Core,106.0,07/2011,Incumbent,13,Business and Financial Operations Occupations
13-2072.00,Loan Officers,3417,Handle customer complaints and take appropriate action to resolve them.,Core,108.0,07/2011,Incumbent,13,Business and Financial Operations Occupations
13-2072.00,Loan Officers,3415,Stay abreast of new types of loans and other financial services and products to better meet customers' needs.,Core,107.0,07/2011,Incumbent,13,Business and Financial Operations Occupations
13-2072.00,Loan Officers,3412,Review and update credit and loan files.,Core,107.0,07/2011,Incumbent,13,Business and Financial Operations Occupations
13-2072.00,Loan Officers,3416,Submit applications to credit analysts for verification and recommendation.,Core,106.0,07/2011,Incumbent,13,Business and Financial Operations Occupations
13-2072.00,Loan Officers,3414,Compute payment schedules.,Core,108.0,07/2011,Incumbent,13,Business and Financial Operations Occupations
13-2072.00,Loan Officers,3425,Analyze potential loan markets and develop referral networks to locate prospects for loans.,Core,107.0,07/2011,Incumbent,13,Business and Financial Operations Occupations
13-2081.00,"Tax Examiners and Collectors, and Revenue Agents",5288,Collect taxes from individuals or businesses according to prescribed laws and regulations.,Core,110.0,07/2011,Incumbent,13,Business and Financial Operations Occupations
13-2081.00,"Tax Examiners and Collectors, and Revenue Agents",5289,"Maintain knowledge of tax code changes, and of accounting procedures and theory to properly evaluate financial information.",Core,110.0,07/2011,Incumbent,13,Business and Financial Operations Occupations
13-2081.00,"Tax Examiners and Collectors, and Revenue Agents",5290,"Maintain records for each case, including contacts, telephone numbers, and actions taken.",Core,110.0,07/2011,Incumbent,13,Business and Financial Operations Occupations
13-2081.00,"Tax Examiners and Collectors, and Revenue Agents",5292,Contact taxpayers by mail or telephone to address discrepancies and to request supporting documentation.,Core,110.0,07/2011,Incumbent,13,Business and Financial Operations Occupations
13-2081.00,"Tax Examiners and Collectors, and Revenue Agents",5293,Send notices to taxpayers when accounts are delinquent.,Core,109.0,07/2011,Incumbent,13,Business and Financial Operations Occupations
13-2081.00,"Tax Examiners and Collectors, and Revenue Agents",5302,"Check tax forms to verify that names and taxpayer identification numbers are correct, that computations have been performed correctly, or that amounts match those on supporting documentation.",Core,110.0,07/2011,Incumbent,13,Business and Financial Operations Occupations
13-2081.00,"Tax Examiners and Collectors, and Revenue Agents",20016,Answer questions from taxpayers and assist them in completing tax forms.,Core,108.0,07/2011,Incumbent,13,Business and Financial Operations Occupations
13-2081.00,"Tax Examiners and Collectors, and Revenue Agents",5301,Impose payment deadlines on delinquent taxpayers and monitor payments to ensure that deadlines are met.,Core,108.0,07/2011,Incumbent,13,Business and Financial Operations Occupations
13-2081.00,"Tax Examiners and Collectors, and Revenue Agents",5294,"Notify taxpayers of any overpayment or underpayment, and either issue a refund or request further payment.",Core,108.0,07/2011,Incumbent,13,Business and Financial Operations Occupations
13-2082.00,Tax Preparers,7361,Interview clients to obtain additional information on taxable income and deductible expenses and allowances.,Core,20.0,07/2013,Occupational Expert,13,Business and Financial Operations Occupations
13-2082.00,Tax Preparers,7360,"Use all appropriate adjustments, deductions, and credits to keep clients' taxes to a minimum.",Core,20.0,07/2013,Occupational Expert,13,Business and Financial Operations Occupations
13-2082.00,Tax Preparers,7359,Prepare or assist in preparing simple to complex tax returns for individuals or small businesses.,Core,20.0,07/2013,Occupational Expert,13,Business and Financial Operations Occupations
13-2082.00,Tax Preparers,7358,"Compute taxes owed or overpaid, using adding machines or personal computers, and complete entries on forms, following tax form instructions and tax tables.",Core,20.0,07/2013,Occupational Expert,13,Business and Financial Operations Occupations
13-2082.00,Tax Preparers,7363,Furnish taxpayers with sufficient information and advice to ensure correct tax form completion.,Core,20.0,07/2013,Occupational Expert,13,Business and Financial Operations Occupations
13-2082.00,Tax Preparers,7366,"Check data input or verify totals on forms prepared by others to detect errors in arithmetic, data entry, or procedures.",Core,20.0,07/2013,Occupational Expert,13,Business and Financial Operations Occupations
13-2082.00,Tax Preparers,7364,Consult tax law handbooks or bulletins to determine procedures for preparation of atypical returns.,Core,20.0,07/2013,Occupational Expert,13,Business and Financial Operations Occupations
13-2082.00,Tax Preparers,7365,Calculate form preparation fees according to return complexity and processing time required.,Core,20.0,07/2013,Occupational Expert,13,Business and Financial Operations Occupations
13-2082.00,Tax Preparers,20363,Answer questions and provide future tax planning to clients.,Core,20.0,07/2013,Occupational Expert,13,Business and Financial Operations Occupations
13-2082.00,Tax Preparers,7362,Review financial records such as income statements and documentation of expenditures to determine forms needed to prepare tax returns.,Core,20.0,07/2013,Occupational Expert,13,Business and Financial Operations Occupations
13-2082.00,Tax Preparers,20364,Explain federal and state tax laws to individuals and companies.,Core,20.0,07/2013,Occupational Expert,13,Business and Financial Operations Occupations
13-2099.02,Risk Management Specialists,16012,"Document, and ensure communication of, key risks.",Core,46.0,07/2011,Occupational Expert,13,Business and Financial Operations Occupations
13-2099.02,Risk Management Specialists,16001,Maintain input or data quality of risk management systems.,Core,46.0,07/2011,Occupational Expert,13,Business and Financial Operations Occupations
13-2099.02,Risk Management Specialists,16007,Recommend ways to control or reduce risk.,Core,47.0,07/2011,Occupational Expert,13,Business and Financial Operations Occupations
13-2099.02,Risk Management Specialists,16015,"Identify key risks and mitigating factors of potential investments, such as asset types and values, legal and ownership structures, professional reputations, customer bases, or industry segments.",Core,47.0,07/2011,Occupational Expert,13,Business and Financial Operations Occupations
13-2099.02,Risk Management Specialists,16013,Devise systems and processes to monitor validity of risk modeling outputs.,Core,46.0,07/2011,Occupational Expert,13,Business and Financial Operations Occupations
13-2099.02,Risk Management Specialists,16010,Gather risk-related data from internal or external resources.,Core,47.0,07/2011,Occupational Expert,13,Business and Financial Operations Occupations
13-2099.02,Risk Management Specialists,16016,"Identify and analyze areas of potential risk to the assets, earning capacity, or success of organizations.",Core,47.0,07/2011,Occupational Expert,13,Business and Financial Operations Occupations
13-2099.02,Risk Management Specialists,16011,Develop or implement risk-assessment models or methodologies.,Core,46.0,07/2011,Occupational Expert,13,Business and Financial Operations Occupations
13-2099.02,Risk Management Specialists,16008,"Produce reports or presentations that outline findings, explain risk positions, or recommend changes.",Core,47.0,07/2011,Occupational Expert,13,Business and Financial Operations Occupations
13-2099.02,Risk Management Specialists,16009,"Plan, and contribute to development of, risk management systems.",Core,46.0,07/2011,Occupational Expert,13,Business and Financial Operations Occupations
13-2099.02,Risk Management Specialists,16014,Conduct statistical analyses to quantify risk using statistical analysis software or econometric models.,Core,47.0,07/2011,Occupational Expert,13,Business and Financial Operations Occupations
13-2099.02,Risk Management Specialists,16000,"Meet with clients to answer queries on subjects such as risk exposure, market scenarios, or values-at-risk calculations.",Core,45.0,07/2011,Occupational Expert,13,Business and Financial Operations Occupations
13-2099.02,Risk Management Specialists,16003,Devise scenario analyses reflecting possible severe market events.,Core,47.0,07/2011,Occupational Expert,13,Business and Financial Operations Occupations
13-2099.02,Risk Management Specialists,16002,Develop contingency plans to deal with emergencies.,Core,47.0,07/2011,Occupational Expert,13,Business and Financial Operations Occupations
13-2099.02,Risk Management Specialists,16017,Confer with traders to identify and communicate risks associated with specific trading strategies or positions.,Core,47.0,07/2011,Occupational Expert,13,Business and Financial Operations Occupations
13-2099.02,Risk Management Specialists,16006,Analyze new legislation to determine impact on risk exposure.,Core,46.0,07/2011,Occupational Expert,13,Business and Financial Operations Occupations
13-2099.04,"Fraud Examiners, Investigators and Analysts",16053,Document all investigative activities.,Core,32.0,06/2010,Occupational Expert,13,Business and Financial Operations Occupations
13-2099.04,"Fraud Examiners, Investigators and Analysts",16046,Prepare written reports of investigation findings.,Core,32.0,06/2010,Occupational Expert,13,Business and Financial Operations Occupations
13-2099.04,"Fraud Examiners, Investigators and Analysts",16038,Prepare evidence for presentation in court.,Core,32.0,06/2010,Occupational Expert,13,Business and Financial Operations Occupations
13-2099.04,"Fraud Examiners, Investigators and Analysts",16043,Testify in court regarding investigation findings.,Core,32.0,06/2010,Occupational Expert,13,Business and Financial Operations Occupations
13-2099.04,"Fraud Examiners, Investigators and Analysts",16049,Interview witnesses or suspects and take statements.,Core,32.0,06/2010,Occupational Expert,13,Business and Financial Operations Occupations
13-2099.04,"Fraud Examiners, Investigators and Analysts",16055,Coordinate investigative efforts with law enforcement officers and attorneys.,Core,32.0,06/2010,Occupational Expert,13,Business and Financial Operations Occupations
13-2099.04,"Fraud Examiners, Investigators and Analysts",16044,Advise businesses or agencies on ways to improve fraud detection.,Core,32.0,06/2010,Occupational Expert,13,Business and Financial Operations Occupations
13-2099.04,"Fraud Examiners, Investigators and Analysts",16051,Gather financial documents related to investigations.,Core,32.0,06/2010,Occupational Expert,13,Business and Financial Operations Occupations
13-2099.04,"Fraud Examiners, Investigators and Analysts",16056,"Conduct in-depth investigations of suspicious financial activity, such as suspected money-laundering efforts.",Core,32.0,06/2010,Occupational Expert,13,Business and Financial Operations Occupations
13-2099.04,"Fraud Examiners, Investigators and Analysts",16054,"Create and maintain logs, records, or databases of information about fraudulent activity.",Core,31.0,06/2010,Occupational Expert,13,Business and Financial Operations Occupations
13-2099.04,"Fraud Examiners, Investigators and Analysts",16057,"Analyze financial data to detect irregularities in areas such as billing trends, financial relationships, and regulatory compliance procedures.",Core,32.0,06/2010,Occupational Expert,13,Business and Financial Operations Occupations
13-2099.04,"Fraud Examiners, Investigators and Analysts",16050,"Design, implement, or maintain fraud detection tools or procedures.",Core,32.0,06/2010,Occupational Expert,13,Business and Financial Operations Occupations
13-2099.04,"Fraud Examiners, Investigators and Analysts",16048,"Lead, or participate in, fraud investigation teams.",Core,32.0,06/2010,Occupational Expert,13,Business and Financial Operations Occupations
13-2099.04,"Fraud Examiners, Investigators and Analysts",16045,Review reports of suspected fraud to determine need for further investigation.,Core,32.0,06/2010,Occupational Expert,13,Business and Financial Operations Occupations
13-2099.04,"Fraud Examiners, Investigators and Analysts",16036,Train others in fraud detection and prevention techniques.,Core,32.0,06/2010,Occupational Expert,13,Business and Financial Operations Occupations
13-2099.04,"Fraud Examiners, Investigators and Analysts",16035,Maintain knowledge of current events and trends in such areas as money laundering and criminal tools and techniques.,Core,32.0,06/2010,Occupational Expert,13,Business and Financial Operations Occupations
13-2099.04,"Fraud Examiners, Investigators and Analysts",16052,Evaluate business operations to identify risk areas for fraud.,Core,32.0,06/2010,Occupational Expert,13,Business and Financial Operations Occupations
13-2099.04,"Fraud Examiners, Investigators and Analysts",16047,Recommend actions in fraud cases.,Core,32.0,06/2010,Occupational Expert,13,Business and Financial Operations Occupations
13-2099.04,"Fraud Examiners, Investigators and Analysts",16040,Negotiate with responsible parties to arrange for recovery of losses due to fraud.,Core,32.0,06/2010,Occupational Expert,13,Business and Financial Operations Occupations
13-2099.04,"Fraud Examiners, Investigators and Analysts",16041,Conduct field surveillance to gather case-related information.,Core,32.0,06/2010,Occupational Expert,13,Business and Financial Operations Occupations
13-2099.04,"Fraud Examiners, Investigators and Analysts",16037,Research or evaluate new technologies for use in fraud detection systems.,Core,32.0,06/2010,Occupational Expert,13,Business and Financial Operations Occupations
