,soc_code,title,task_id,task,task_type,Incumbents Responding,Date,Domain Source,SOC-2digit,SOC Title
1293,13-1011.00,"Agents and Business Managers of Artists, Performers, and Athletes",12865,"Collect fees, commissions, or other payments, according to contract terms.",Core,135.0,06/2007,Incumbent,13,Business and Financial Operations Occupations
1294,13-1011.00,"Agents and Business Managers of Artists, Performers, and Athletes",12866,"Confer with clients to develop strategies for their careers, and to explain actions taken on their behalf.",Core,134.0,06/2007,Incumbent,13,Business and Financial Operations Occupations
1295,13-1011.00,"Agents and Business Managers of Artists, Performers, and Athletes",12867,"Develop contacts with individuals and organizations, and apply effective strategies and techniques to ensure their clients' success.",Core,133.0,06/2007,Incumbent,13,Business and Financial Operations Occupations
1296,13-1011.00,"Agents and Business Managers of Artists, Performers, and Athletes",12868,Schedule promotional or performance engagements for clients.,Core,133.0,06/2007,Incumbent,13,Business and Financial Operations Occupations
1297,13-1011.00,"Agents and Business Managers of Artists, Performers, and Athletes",12869,"Negotiate with managers, promoters, union officials, and other persons regarding clients' contractual rights and obligations.",Core,133.0,06/2007,Incumbent,13,Business and Financial Operations Occupations
1298,13-1011.00,"Agents and Business Managers of Artists, Performers, and Athletes",12870,Keep informed of industry trends and deals.,Core,134.0,06/2007,Incumbent,13,Business and Financial Operations Occupations
1299,13-1011.00,"Agents and Business Managers of Artists, Performers, and Athletes",12871,"Manage business and financial affairs for clients, such as arranging travel and lodging, selling tickets, and directing marketing and advertising activities.",Core,133.0,06/2007,Incumbent,13,Business and Financial Operations Occupations
1300,13-1011.00,"Agents and Business Managers of Artists, Performers, and Athletes",12872,Conduct auditions or interviews to evaluate potential clients.,Core,133.0,06/2007,Incumbent,13,Business and Financial Operations Occupations
1301,13-1011.00,"Agents and Business Managers of Artists, Performers, and Athletes",12873,Arrange meetings concerning issues involving their clients.,Core,134.0,06/2007,Incumbent,13,Business and Financial Operations Occupations
1302,13-1011.00,"Agents and Business Managers of Artists, Performers, and Athletes",12874,Prepare periodic accounting statements for clients.,Supplemental,133.0,06/2007,Incumbent,13,Business and Financial Operations Occupations
1303,13-1011.00,"Agents and Business Managers of Artists, Performers, and Athletes",12875,Advise clients on financial and legal matters such as investments and taxes.,Supplemental,133.0,06/2007,Incumbent,13,Business and Financial Operations Occupations
1304,13-1011.00,"Agents and Business Managers of Artists, Performers, and Athletes",12876,"Obtain information about or inspect performance facilities, equipment, and accommodations to ensure that they meet specifications.",Supplemental,133.0,06/2007,Incumbent,13,Business and Financial Operations Occupations
1305,13-1011.00,"Agents and Business Managers of Artists, Performers, and Athletes",12877,Hire trainers or coaches to advise clients on performance matters such as training techniques or performance presentations.,Supplemental,133.0,06/2007,Incumbent,13,Business and Financial Operations Occupations
1306,13-1021.00,"Buyers and Purchasing Agents, Farm Products",12878,"Purchase, for further processing or for resale, farm products such as milk, grains, or Christmas trees.",Core,71.0,07/2013,Incumbent,13,Business and Financial Operations Occupations
1307,13-1021.00,"Buyers and Purchasing Agents, Farm Products",12880,Arrange for processing or resale of purchased products.,Core,71.0,07/2013,Incumbent,13,Business and Financial Operations Occupations
1308,13-1021.00,"Buyers and Purchasing Agents, Farm Products",12879,Negotiate contracts with farmers for the production or purchase of farm products.,Core,71.0,07/2013,Incumbent,13,Business and Financial Operations Occupations
1309,13-1021.00,"Buyers and Purchasing Agents, Farm Products",12881,Arrange for transportation or storage of purchased products.,Core,71.0,07/2013,Incumbent,13,Business and Financial Operations Occupations
1310,13-1021.00,"Buyers and Purchasing Agents, Farm Products",12883,"Maintain records of business transactions and product inventories, reporting data to companies or government agencies as necessary.",Core,71.0,07/2013,Incumbent,13,Business and Financial Operations Occupations
1311,13-1021.00,"Buyers and Purchasing Agents, Farm Products",12882,Review orders to determine product types and quantities required to meet demand.,Core,70.0,07/2013,Incumbent,13,Business and Financial Operations Occupations
1312,13-1021.00,"Buyers and Purchasing Agents, Farm Products",12884,"Examine or test crops or products to estimate their value, determine their grade, or locate any evidence of disease or insect damage.",Supplemental,71.0,07/2013,Incumbent,13,Business and Financial Operations Occupations
1313,13-1021.00,"Buyers and Purchasing Agents, Farm Products",12885,"Coordinate or direct activities of workers engaged in cutting, transporting, storing, or milling products and maintaining records.",Supplemental,71.0,07/2013,Incumbent,13,Business and Financial Operations Occupations
1314,13-1021.00,"Buyers and Purchasing Agents, Farm Products",12887,"Sell supplies, such as seed, feed, fertilizers, or insecticides, arranging for loans or financing as necessary.",Supplemental,71.0,07/2013,Incumbent,13,Business and Financial Operations Occupations
1315,13-1021.00,"Buyers and Purchasing Agents, Farm Products",12889,Advise farm groups or growers on land preparation or livestock care techniques that will maximize the quantity and quality of production.,Supplemental,70.0,07/2013,Incumbent,13,Business and Financial Operations Occupations
1316,13-1021.00,"Buyers and Purchasing Agents, Farm Products",12886,Calculate applicable government grain quotas.,Supplemental,71.0,07/2013,Incumbent,13,Business and Financial Operations Occupations
1317,13-1021.00,"Buyers and Purchasing Agents, Farm Products",12888,"Estimate land production possibilities, surveying property and studying factors such as crop rotation history, soil fertility, or irrigation facilities.",Supplemental,70.0,07/2013,Incumbent,13,Business and Financial Operations Occupations
1318,13-1022.00,"Wholesale and Retail Buyers, Except Farm Products",20710,Buy merchandise or commodities for resale to wholesale or retail consumers.,Core,81.0,07/2015,Incumbent,13,Business and Financial Operations Occupations
1319,13-1022.00,"Wholesale and Retail Buyers, Except Farm Products",20711,"Negotiate prices, discount terms, or transportation arrangements with suppliers.",Core,81.0,07/2015,Incumbent,13,Business and Financial Operations Occupations
1320,13-1022.00,"Wholesale and Retail Buyers, Except Farm Products",20712,"Examine, select, order, or purchase merchandise consistent with quality, quantity, specification requirements, or other factors, such as environmental soundness.",Core,81.0,07/2015,Incumbent,13,Business and Financial Operations Occupations
1321,13-1022.00,"Wholesale and Retail Buyers, Except Farm Products",20713,"Recommend mark-up rates, markdown rates, or merchandise selling prices.",Core,81.0,07/2015,Incumbent,13,Business and Financial Operations Occupations
1322,13-1022.00,"Wholesale and Retail Buyers, Except Farm Products",20714,Obtain information about customer needs or preferences by conferring with sales or purchasing personnel.,Core,81.0,07/2015,Incumbent,13,Business and Financial Operations Occupations
1323,13-1022.00,"Wholesale and Retail Buyers, Except Farm Products",68,Authorize payment of invoices or return of merchandise.,Core,82.0,07/2015,Incumbent,13,Business and Financial Operations Occupations
1324,13-1022.00,"Wholesale and Retail Buyers, Except Farm Products",66,"Monitor and analyze sales records, trends, or economic conditions to anticipate consumer buying patterns and determine what the company will sell and how much inventory is needed.",Core,81.0,07/2015,Incumbent,13,Business and Financial Operations Occupations
1325,13-1022.00,"Wholesale and Retail Buyers, Except Farm Products",20715,Collaborate with vendors to obtain or develop desired products.,Core,81.0,07/2015,Incumbent,13,Business and Financial Operations Occupations
1326,13-1022.00,"Wholesale and Retail Buyers, Except Farm Products",20716,"Inspect merchandise or products to determine quality, value, or yield.",Core,82.0,07/2015,Incumbent,13,Business and Financial Operations Occupations
1327,13-1022.00,"Wholesale and Retail Buyers, Except Farm Products",20717,Conduct sales meetings to introduce new merchandise.,Core,81.0,07/2015,Incumbent,13,Business and Financial Operations Occupations
1328,13-1022.00,"Wholesale and Retail Buyers, Except Farm Products",72,Consult with store or merchandise managers about budgets or goods to be purchased.,Supplemental,82.0,07/2015,Incumbent,13,Business and Financial Operations Occupations
1329,13-1022.00,"Wholesale and Retail Buyers, Except Farm Products",77,"Provide clerks with information to print on price tags, such as price, mark-ups or mark-downs, manufacturer number, season code, or style number.",Supplemental,81.0,07/2015,Incumbent,13,Business and Financial Operations Occupations
1330,13-1022.00,"Wholesale and Retail Buyers, Except Farm Products",76,Train or supervise sales or clerical staff.,Supplemental,81.0,07/2015,Incumbent,13,Business and Financial Operations Occupations
1331,13-1022.00,"Wholesale and Retail Buyers, Except Farm Products",78,"Determine which products should be featured in advertising, the advertising medium to be used, or when the ads should be run.",Supplemental,81.0,07/2015,Incumbent,13,Business and Financial Operations Occupations
1332,13-1022.00,"Wholesale and Retail Buyers, Except Farm Products",79,Monitor competitors' sales activities by following their advertisements in newspapers or other media.,Supplemental,81.0,07/2015,Incumbent,13,Business and Financial Operations Occupations
1333,13-1022.00,"Wholesale and Retail Buyers, Except Farm Products",19547,Analyze environmental aspects of competing merchandise when making buying decisions.,Supplemental,82.0,07/2015,Incumbent,13,Business and Financial Operations Occupations
1334,13-1022.00,"Wholesale and Retail Buyers, Except Farm Products",19548,Compare transportation options to determine the most energy efficient options.,Supplemental,81.0,07/2015,Incumbent,13,Business and Financial Operations Occupations
1335,13-1022.00,"Wholesale and Retail Buyers, Except Farm Products",19549,Develop strategies to advertise green products or merchandise to consumers.,Supplemental,81.0,07/2015,Incumbent,13,Business and Financial Operations Occupations
1336,13-1022.00,"Wholesale and Retail Buyers, Except Farm Products",19550,"Identify opportunities to buy green commodities, such as alternative energy, water, or carbon-neutral products for resale to consumers.",Supplemental,82.0,07/2015,Incumbent,13,Business and Financial Operations Occupations
1337,13-1022.00,"Wholesale and Retail Buyers, Except Farm Products",19551,Monitor consumer preferences or environmental trends to determine the best way to introduce new green products.,Supplemental,81.0,07/2015,Incumbent,13,Business and Financial Operations Occupations
1338,13-1023.00,"Purchasing Agents, Except Wholesale, Retail, and Farm Products",1143,"Prepare purchase orders, solicit bid proposals, and review requisitions for goods and services.",Core,21.0,07/2011,Occupational Expert,13,Business and Financial Operations Occupations
1339,13-1023.00,"Purchasing Agents, Except Wholesale, Retail, and Farm Products",1142,Purchase the highest quality merchandise at the lowest possible price and in correct amounts.,Core,21.0,07/2011,Occupational Expert,13,Business and Financial Operations Occupations
1340,13-1023.00,"Purchasing Agents, Except Wholesale, Retail, and Farm Products",1146,Monitor and follow applicable laws and regulations.,Core,21.0,07/2011,Occupational Expert,13,Business and Financial Operations Occupations
1341,13-1023.00,"Purchasing Agents, Except Wholesale, Retail, and Farm Products",1144,"Research and evaluate suppliers based on price, quality, selection, service, support, availability, reliability, production and distribution capabilities, and the supplier's reputation and history.",Core,21.0,07/2011,Occupational Expert,13,Business and Financial Operations Occupations
1342,13-1023.00,"Purchasing Agents, Except Wholesale, Retail, and Farm Products",1147,"Negotiate, renegotiate, and administer contracts with suppliers, vendors, and other representatives.",Core,21.0,07/2011,Occupational Expert,13,Business and Financial Operations Occupations
1343,13-1023.00,"Purchasing Agents, Except Wholesale, Retail, and Farm Products",1145,"Analyze price proposals, financial reports, and other data and information to determine reasonable prices.",Core,21.0,07/2011,Occupational Expert,13,Business and Financial Operations Occupations
1344,13-1023.00,"Purchasing Agents, Except Wholesale, Retail, and Farm Products",1151,"Maintain and review computerized or manual records of items purchased, costs, deliveries, product performance, and inventories.",Core,21.0,07/2011,Occupational Expert,13,Business and Financial Operations Occupations
1345,13-1023.00,"Purchasing Agents, Except Wholesale, Retail, and Farm Products",1157,"Write and review product specifications, maintaining a working technical knowledge of the goods or services to be purchased.",Core,21.0,07/2011,Occupational Expert,13,Business and Financial Operations Occupations
1346,13-1023.00,"Purchasing Agents, Except Wholesale, Retail, and Farm Products",1159,Formulate policies and procedures for bid proposals and procurement of goods and services.,Core,21.0,07/2011,Occupational Expert,13,Business and Financial Operations Occupations
1347,13-1023.00,"Purchasing Agents, Except Wholesale, Retail, and Farm Products",1150,Evaluate and monitor contract performance to ensure compliance with contractual obligations and to determine need for changes.,Core,21.0,07/2011,Occupational Expert,13,Business and Financial Operations Occupations
1348,13-1023.00,"Purchasing Agents, Except Wholesale, Retail, and Farm Products",1148,Monitor shipments to ensure that goods come in on time and resolve problems related to undelivered goods.,Core,21.0,07/2011,Occupational Expert,13,Business and Financial Operations Occupations
1349,13-1023.00,"Purchasing Agents, Except Wholesale, Retail, and Farm Products",1156,"Hire, train, or supervise purchasing clerks, buyers, and expediters.",Core,21.0,07/2011,Occupational Expert,13,Business and Financial Operations Occupations
1350,13-1023.00,"Purchasing Agents, Except Wholesale, Retail, and Farm Products",1152,"Review catalogs, industry periodicals, directories, trade journals, and Internet sites and consult with other department personnel to locate necessary goods and services.",Core,21.0,07/2011,Occupational Expert,13,Business and Financial Operations Occupations
1351,13-1023.00,"Purchasing Agents, Except Wholesale, Retail, and Farm Products",1158,"Monitor changes affecting supply and demand, tracking market conditions, price trends, or futures markets.",Core,21.0,07/2011,Occupational Expert,13,Business and Financial Operations Occupations
1352,13-1023.00,"Purchasing Agents, Except Wholesale, Retail, and Farm Products",1149,"Confer with staff, users, and vendors to discuss defective or unacceptable goods or services and determine corrective action.",Core,21.0,07/2011,Occupational Expert,13,Business and Financial Operations Occupations
1353,13-1023.00,"Purchasing Agents, Except Wholesale, Retail, and Farm Products",1153,Study sales records and inventory levels of current stock to develop strategic purchasing programs that facilitate employee access to supplies.,Core,21.0,07/2011,Occupational Expert,13,Business and Financial Operations Occupations
1354,13-1023.00,"Purchasing Agents, Except Wholesale, Retail, and Farm Products",1154,"Interview vendors and visit suppliers' plants and distribution centers to examine and learn about products, services, and prices.",Core,21.0,07/2011,Occupational Expert,13,Business and Financial Operations Occupations
1355,13-1023.00,"Purchasing Agents, Except Wholesale, Retail, and Farm Products",1155,Arrange the payment of duty and freight charges.,Core,21.0,07/2011,Occupational Expert,13,Business and Financial Operations Occupations
1356,13-1023.00,"Purchasing Agents, Except Wholesale, Retail, and Farm Products",1160,"Attend meetings, trade shows, conferences, conventions, and seminars to network with people in other purchasing departments.",Supplemental,21.0,07/2011,Occupational Expert,13,Business and Financial Operations Occupations
1357,13-1031.01,"Claims Examiners, Property and Casualty Insurance",5272,"Investigate, evaluate, and settle claims, applying technical knowledge and human relations skills to effect fair and prompt disposal of cases and to contribute to a reduced loss ratio.",Core,64.0,06/2010,Incumbent,13,Business and Financial Operations Occupations
1358,13-1031.01,"Claims Examiners, Property and Casualty Insurance",5274,Adjust reserves or provide reserve recommendations to ensure that reserve activities are consistent with corporate policies.,Core,64.0,06/2010,Incumbent,13,Business and Financial Operations Occupations
1359,13-1031.01,"Claims Examiners, Property and Casualty Insurance",5276,"Resolve complex, severe exposure claims, using high service oriented file handling.",Core,64.0,06/2010,Incumbent,13,Business and Financial Operations Occupations
1360,13-1031.01,"Claims Examiners, Property and Casualty Insurance",5273,Pay and process claims within designated authority level.,Core,64.0,06/2010,Incumbent,13,Business and Financial Operations Occupations
1361,13-1031.01,"Claims Examiners, Property and Casualty Insurance",5279,"Examine claims investigated by insurance adjusters, further investigating questionable claims to determine whether to authorize payments.",Core,64.0,06/2010,Incumbent,13,Business and Financial Operations Occupations
1362,13-1031.01,"Claims Examiners, Property and Casualty Insurance",5278,Verify and analyze data used in settling claims to ensure that claims are valid and that settlements are made according to company practices and procedures.,Core,63.0,06/2010,Incumbent,13,Business and Financial Operations Occupations
1363,13-1031.01,"Claims Examiners, Property and Casualty Insurance",5275,"Enter claim payments, reserves and new claims on computer system, inputting concise yet sufficient file documentation.",Core,64.0,06/2010,Incumbent,13,Business and Financial Operations Occupations
1364,13-1031.01,"Claims Examiners, Property and Casualty Insurance",5282,Confer with legal counsel on claims requiring litigation.,Core,64.0,06/2010,Incumbent,13,Business and Financial Operations Occupations
1365,13-1031.01,"Claims Examiners, Property and Casualty Insurance",5281,"Contact or interview claimants, doctors, medical specialists, or employers to get additional information.",Core,64.0,06/2010,Incumbent,13,Business and Financial Operations Occupations
1366,13-1031.01,"Claims Examiners, Property and Casualty Insurance",5277,"Maintain claim files, such as records of settled claims and an inventory of claims requiring detailed analysis.",Core,62.0,06/2010,Incumbent,13,Business and Financial Operations Occupations
1367,13-1031.01,"Claims Examiners, Property and Casualty Insurance",5280,Present cases and participate in their discussion at claim committee meetings.,Core,64.0,06/2010,Incumbent,13,Business and Financial Operations Occupations
1368,13-1031.01,"Claims Examiners, Property and Casualty Insurance",5285,Supervise claims adjusters to ensure that adjusters have followed proper methods.,Supplemental,64.0,06/2010,Incumbent,13,Business and Financial Operations Occupations
1369,13-1031.01,"Claims Examiners, Property and Casualty Insurance",5286,Conduct detailed bill reviews to implement sound litigation management and expense control.,Supplemental,64.0,06/2010,Incumbent,13,Business and Financial Operations Occupations
1370,13-1031.01,"Claims Examiners, Property and Casualty Insurance",5283,"Report overpayments, underpayments, and other irregularities.",Supplemental,62.0,06/2010,Incumbent,13,Business and Financial Operations Occupations
1371,13-1031.01,"Claims Examiners, Property and Casualty Insurance",5284,Communicate with reinsurance brokers to obtain information necessary for processing claims.,Supplemental,63.0,06/2010,Incumbent,13,Business and Financial Operations Occupations
1372,13-1031.01,"Claims Examiners, Property and Casualty Insurance",5287,Prepare reports to be submitted to company's data processing department.,Supplemental,64.0,06/2010,Incumbent,13,Business and Financial Operations Occupations
1373,13-1031.02,"Insurance Adjusters, Examiners, and Investigators",1163,Examine claims forms and other records to determine insurance coverage.,Core,99.0,06/2009,Incumbent,13,Business and Financial Operations Occupations
1374,13-1031.02,"Insurance Adjusters, Examiners, and Investigators",18465,Investigate and assess damage to property and create or review property damage estimates.,Core,98.0,06/2009,Incumbent,13,Business and Financial Operations Occupations
1375,13-1031.02,"Insurance Adjusters, Examiners, and Investigators",18466,"Interview or correspond with claimants, witnesses, police, physicians, or other relevant parties to determine claim settlement, denial, or review.",Core,99.0,06/2009,Incumbent,13,Business and Financial Operations Occupations
1376,13-1031.02,"Insurance Adjusters, Examiners, and Investigators",18467,"Review police reports, medical treatment records, medical bills, or physical property damage to determine the extent of liability.",Core,99.0,06/2009,Incumbent,13,Business and Financial Operations Occupations
1377,13-1031.02,"Insurance Adjusters, Examiners, and Investigators",1165,Negotiate claim settlements and recommend litigation when settlement cannot be negotiated.,Core,98.0,06/2009,Incumbent,13,Business and Financial Operations Occupations
1378,13-1031.02,"Insurance Adjusters, Examiners, and Investigators",1164,Analyze information gathered by investigation and report findings and recommendations.,Core,98.0,06/2009,Incumbent,13,Business and Financial Operations Occupations
1379,13-1031.02,"Insurance Adjusters, Examiners, and Investigators",1168,Interview or correspond with agents and claimants to correct errors or omissions and to investigate questionable claims.,Core,97.0,06/2009,Incumbent,13,Business and Financial Operations Occupations
1380,13-1031.02,"Insurance Adjusters, Examiners, and Investigators",1166,Prepare report of findings of investigation.,Core,99.0,06/2009,Incumbent,13,Business and Financial Operations Occupations
1381,13-1031.02,"Insurance Adjusters, Examiners, and Investigators",1169,Refer questionable claims to investigator or claims adjuster for investigation or settlement.,Core,99.0,06/2009,Incumbent,13,Business and Financial Operations Occupations
1382,13-1031.02,"Insurance Adjusters, Examiners, and Investigators",1167,Collect evidence to support contested claims in court.,Core,98.0,06/2009,Incumbent,13,Business and Financial Operations Occupations
1383,13-1031.02,"Insurance Adjusters, Examiners, and Investigators",1171,Obtain credit information from banks and other credit services.,Supplemental,98.0,06/2009,Incumbent,13,Business and Financial Operations Occupations
1384,13-1031.02,"Insurance Adjusters, Examiners, and Investigators",1170,Examine titles to property to determine validity and act as company agent in transactions with property owners.,Supplemental,99.0,06/2009,Incumbent,13,Business and Financial Operations Occupations
1385,13-1031.02,"Insurance Adjusters, Examiners, and Investigators",1172,Communicate with former associates to verify employment record and to obtain background information regarding persons or businesses applying for credit.,Supplemental,98.0,06/2009,Incumbent,13,Business and Financial Operations Occupations
1386,13-1032.00,"Insurance Appraisers, Auto Damage",7246,"Estimate parts and labor to repair damage, using standard automotive labor and parts cost manuals and knowledge of automotive repair.",Core,112.0,12/2005,Incumbent,13,Business and Financial Operations Occupations
1387,13-1032.00,"Insurance Appraisers, Auto Damage",7247,Review repair cost estimates with automobile repair shop to secure agreement on cost of repairs.,Core,111.0,12/2005,Incumbent,13,Business and Financial Operations Occupations
1388,13-1032.00,"Insurance Appraisers, Auto Damage",7248,"Examine damaged vehicle to determine extent of structural, body, mechanical, electrical, or interior damage.",Core,112.0,12/2005,Incumbent,13,Business and Financial Operations Occupations
1389,13-1032.00,"Insurance Appraisers, Auto Damage",7249,Evaluate practicality of repair as opposed to payment of market value of vehicle before accident.,Core,112.0,12/2005,Incumbent,13,Business and Financial Operations Occupations
1390,13-1032.00,"Insurance Appraisers, Auto Damage",7250,Determine salvage value on total-loss vehicle.,Core,112.0,12/2005,Incumbent,13,Business and Financial Operations Occupations
1391,13-1032.00,"Insurance Appraisers, Auto Damage",7251,Prepare insurance forms to indicate repair cost estimates and recommendations.,Core,111.0,12/2005,Incumbent,13,Business and Financial Operations Occupations
1392,13-1032.00,"Insurance Appraisers, Auto Damage",7252,Arrange to have damage appraised by another appraiser to resolve disagreement with shop on repair cost.,Core,112.0,12/2005,Incumbent,13,Business and Financial Operations Occupations
1393,13-1041.01,Environmental Compliance Inspectors,10830,"Examine permits, licenses, applications, and records to ensure compliance with licensing requirements.",Core,21.0,07/2014,Occupational Expert,13,Business and Financial Operations Occupations
1394,13-1041.01,Environmental Compliance Inspectors,10833,"Prepare written, oral, tabular, and graphic reports summarizing requirements and regulations, including enforcement and chain of custody documentation.",Core,21.0,07/2014,Occupational Expert,13,Business and Financial Operations Occupations
1395,13-1041.01,Environmental Compliance Inspectors,10829,"Determine the nature of code violations and actions to be taken, and issue written notices of violation; participate in enforcement hearings as necessary.",Core,21.0,07/2014,Occupational Expert,13,Business and Financial Operations Occupations
1396,13-1041.01,Environmental Compliance Inspectors,10831,"Prepare, organize, and maintain inspection records.",Core,21.0,07/2014,Occupational Expert,13,Business and Financial Operations Occupations
1397,13-1041.01,Environmental Compliance Inspectors,10839,"Verify that hazardous chemicals are handled, stored, and disposed of in accordance with regulations.",Core,21.0,07/2014,Occupational Expert,13,Business and Financial Operations Occupations
1398,13-1041.01,Environmental Compliance Inspectors,10832,Interview individuals to determine the nature of suspected violations and to obtain evidence of violations.,Core,21.0,07/2014,Occupational Expert,13,Business and Financial Operations Occupations
1399,13-1041.01,Environmental Compliance Inspectors,10840,Research and keep informed of pertinent information and developments in areas such as EPA laws and regulations.,Core,21.0,07/2014,Occupational Expert,13,Business and Financial Operations Occupations
1400,13-1041.01,Environmental Compliance Inspectors,10843,"Learn and observe proper safety precautions, rules, regulations, and practices so that unsafe conditions can be recognized and proper safety protocols implemented.",Core,21.0,07/2014,Occupational Expert,13,Business and Financial Operations Occupations
1401,13-1041.01,Environmental Compliance Inspectors,10834,"Monitor follow-up actions in cases where violations were found, and review compliance monitoring reports.",Core,21.0,07/2014,Occupational Expert,13,Business and Financial Operations Occupations
1402,13-1041.01,Environmental Compliance Inspectors,10836,"Inspect waste pretreatment, treatment, and disposal facilities and systems for conformance to federal, state, or local regulations.",Core,21.0,07/2014,Occupational Expert,13,Business and Financial Operations Occupations
1403,13-1041.01,Environmental Compliance Inspectors,10835,"Investigate complaints and suspected violations regarding illegal dumping, pollution, pesticides, product quality, or labeling laws.",Core,21.0,07/2014,Occupational Expert,13,Business and Financial Operations Occupations
1404,13-1041.01,Environmental Compliance Inspectors,10844,Evaluate label information for accuracy and conformance to regulatory requirements.,Core,21.0,07/2014,Occupational Expert,13,Business and Financial Operations Occupations
1405,13-1041.01,Environmental Compliance Inspectors,10838,"Determine sampling locations and methods, and collect water or wastewater samples for analysis, preserving samples with appropriate containers and preservation methods.",Core,21.0,07/2014,Occupational Expert,13,Business and Financial Operations Occupations
1406,13-1041.01,Environmental Compliance Inspectors,10837,"Inform individuals and groups of pollution control regulations and inspection findings, and explain how problems can be corrected.",Core,21.0,07/2014,Occupational Expert,13,Business and Financial Operations Occupations
1407,13-1041.01,Environmental Compliance Inspectors,10848,"Review and evaluate applications for registration of products containing dangerous materials, or for pollution control discharge permits.",Core,21.0,07/2014,Occupational Expert,13,Business and Financial Operations Occupations
1408,13-1041.01,Environmental Compliance Inspectors,10842,"Observe and record field conditions, gathering, interpreting, and reporting data such as flow meter readings and chemical levels.",Core,21.0,07/2014,Occupational Expert,13,Business and Financial Operations Occupations
1409,13-1041.01,Environmental Compliance Inspectors,10841,"Determine which sites and violation reports to investigate, and coordinate compliance and enforcement activities with other government agencies.",Core,21.0,07/2014,Occupational Expert,13,Business and Financial Operations Occupations
1410,13-1041.01,Environmental Compliance Inspectors,10845,"Inform health professionals, property owners, and the public about harmful properties and related problems of water pollution and contaminated wastewater.",Core,21.0,07/2014,Occupational Expert,13,Business and Financial Operations Occupations
1411,13-1041.01,Environmental Compliance Inspectors,10850,"Participate in the development of spill prevention programs and hazardous waste rules and regulations, and recommend corrective actions for hazardous waste problems.",Core,21.0,07/2014,Occupational Expert,13,Business and Financial Operations Occupations
1412,13-1041.01,Environmental Compliance Inspectors,10846,"Analyze and implement state, federal or local requirements as necessary to maintain approved pretreatment, pollution prevention, and storm water runoff programs.",Supplemental,21.0,07/2014,Occupational Expert,13,Business and Financial Operations Occupations
1413,13-1041.01,Environmental Compliance Inspectors,20473,Prepare data to calculate sewer service charges and capacity fees.,Supplemental,21.0,07/2014,Occupational Expert,13,Business and Financial Operations Occupations
1414,13-1041.01,Environmental Compliance Inspectors,10847,"Perform laboratory tests on samples collected, such as analyzing the content of contaminated wastewater.",Supplemental,21.0,07/2014,Occupational Expert,13,Business and Financial Operations Occupations
1415,13-1041.01,Environmental Compliance Inspectors,10851,"Maintain and repair materials, worksites, and equipment.",Supplemental,21.0,07/2014,Occupational Expert,13,Business and Financial Operations Occupations
1416,13-1041.01,Environmental Compliance Inspectors,10849,"Research and perform calculations related to landscape allowances, discharge volumes, production-based and alternative limits, and wastewater strength classifications, then make recommendations and complete documentation.",Supplemental,21.0,07/2014,Occupational Expert,13,Business and Financial Operations Occupations
1417,13-1041.01,Environmental Compliance Inspectors,10852,"Conduct research on hazardous waste management projects in order to determine the magnitude of problems, and treatment or disposal alternatives and costs.",Supplemental,21.0,07/2014,Occupational Expert,13,Business and Financial Operations Occupations
1418,13-1041.01,Environmental Compliance Inspectors,10853,"Respond to questions and inquiries, such as those concerning service charges and capacity fees, or refer them to supervisors.",Supplemental,21.0,07/2014,Occupational Expert,13,Business and Financial Operations Occupations
1419,13-1041.02,Licensing Examiners and Inspectors,10859,Warn violators of infractions or penalties.,Core,76.0,07/2015,Incumbent,13,Business and Financial Operations Occupations
1420,13-1041.02,Licensing Examiners and Inspectors,10855,"Evaluate applications, records, or documents to gather information about eligibility or liability issues.",Core,78.0,07/2015,Incumbent,13,Business and Financial Operations Occupations
1421,13-1041.02,Licensing Examiners and Inspectors,10858,"Advise licensees or other individuals or groups concerning licensing, permit, or passport regulations.",Core,78.0,07/2015,Incumbent,13,Business and Financial Operations Occupations
1422,13-1041.02,Licensing Examiners and Inspectors,10860,"Prepare reports of activities, evaluations, recommendations, or decisions.",Core,77.0,07/2015,Incumbent,13,Business and Financial Operations Occupations
1423,13-1041.02,Licensing Examiners and Inspectors,10863,Report law or regulation violations to appropriate boards or agencies.,Core,78.0,07/2015,Incumbent,13,Business and Financial Operations Occupations
1424,13-1041.02,Licensing Examiners and Inspectors,10862,"Confer with or interview officials, technical or professional specialists, or applicants to obtain information or to clarify facts relevant to licensing decisions.",Core,77.0,07/2015,Incumbent,13,Business and Financial Operations Occupations
1425,13-1041.02,Licensing Examiners and Inspectors,10854,Issue licenses to individuals meeting standards.,Supplemental,79.0,07/2015,Incumbent,13,Business and Financial Operations Occupations
1426,13-1041.02,Licensing Examiners and Inspectors,20718,Collect fees for licenses.,Supplemental,79.0,07/2015,Incumbent,13,Business and Financial Operations Occupations
1427,13-1041.02,Licensing Examiners and Inspectors,10856,"Administer oral, written, road, or flight tests to license applicants.",Supplemental,79.0,07/2015,Incumbent,13,Business and Financial Operations Occupations
1428,13-1041.02,Licensing Examiners and Inspectors,10864,Visit establishments to verify that valid licenses or permits are displayed and that licensing standards are being upheld.,Supplemental,78.0,07/2015,Incumbent,13,Business and Financial Operations Occupations
1429,13-1041.02,Licensing Examiners and Inspectors,10857,Score tests and observe equipment operation and control to rate ability of applicants.,Supplemental,79.0,07/2015,Incumbent,13,Business and Financial Operations Occupations
1430,13-1041.02,Licensing Examiners and Inspectors,10861,Prepare correspondence to inform concerned parties of licensing decisions or appeals processes.,Supplemental,76.0,07/2015,Incumbent,13,Business and Financial Operations Occupations
1431,13-1041.03,Equal Opportunity Representatives and Officers,10865,Investigate employment practices or alleged violations of laws to document and correct discriminatory factors.,Core,107.0,07/2015,Incumbent,13,Business and Financial Operations Occupations
1432,13-1041.03,Equal Opportunity Representatives and Officers,20719,Prepare reports related to investigations of equal opportunity complaints.,Core,106.0,07/2015,Incumbent,13,Business and Financial Operations Occupations
1433,13-1041.03,Equal Opportunity Representatives and Officers,20720,Interview persons involved in equal opportunity complaints to verify case information.,Core,108.0,07/2015,Incumbent,13,Business and Financial Operations Occupations
1434,13-1041.03,Equal Opportunity Representatives and Officers,10867,Study equal opportunity complaints to clarify issues.,Core,107.0,07/2015,Incumbent,13,Business and Financial Operations Occupations
1435,13-1041.03,Equal Opportunity Representatives and Officers,10866,Interpret civil rights laws and equal opportunity regulations for individuals or employers.,Core,109.0,07/2015,Incumbent,13,Business and Financial Operations Occupations
1436,13-1041.03,Equal Opportunity Representatives and Officers,20721,Meet with persons involved in equal opportunity complaints to arbitrate and settle disputes.,Core,107.0,07/2015,Incumbent,13,Business and Financial Operations Occupations
1437,13-1041.03,Equal Opportunity Representatives and Officers,20722,Develop guidelines for nondiscriminatory employment practices.,Core,107.0,07/2015,Incumbent,13,Business and Financial Operations Occupations
1438,13-1041.03,Equal Opportunity Representatives and Officers,20723,Monitor the implementation and impact of guidelines for nondiscriminatory employment practices.,Core,106.0,07/2015,Incumbent,13,Business and Financial Operations Occupations
1439,13-1041.03,Equal Opportunity Representatives and Officers,10869,"Coordinate, monitor, or revise complaint procedures to ensure timely processing and review of complaints.",Core,105.0,07/2015,Incumbent,13,Business and Financial Operations Occupations
1440,13-1041.03,Equal Opportunity Representatives and Officers,10875,"Provide information, technical assistance, or training to supervisors, managers, or employees on topics such as employee supervision, hiring, grievance procedures, or staff development.",Core,104.0,07/2015,Incumbent,13,Business and Financial Operations Occupations
1441,13-1041.03,Equal Opportunity Representatives and Officers,10871,Conduct surveys and evaluate findings to determine if systematic discrimination exists.,Core,108.0,07/2015,Incumbent,13,Business and Financial Operations Occupations
1442,13-1041.03,Equal Opportunity Representatives and Officers,10870,"Prepare reports of selection, survey, or other statistics and recommendations for corrective action.",Supplemental,105.0,07/2015,Incumbent,13,Business and Financial Operations Occupations
1443,13-1041.03,Equal Opportunity Representatives and Officers,10879,"Meet with job search committees or coordinators to explain the role of the equal opportunity coordinator, to provide resources for advertising, or to explain expectations for future contacts.",Supplemental,106.0,07/2015,Incumbent,13,Business and Financial Operations Occupations
1444,13-1041.03,Equal Opportunity Representatives and Officers,10877,Act as liaisons between minority placement agencies and employers or between job search committees and other equal opportunity administrators.,Supplemental,106.0,07/2015,Incumbent,13,Business and Financial Operations Occupations
1445,13-1041.03,Equal Opportunity Representatives and Officers,10874,"Counsel newly hired members of minority or disadvantaged groups, informing them about details of civil rights laws.",Supplemental,109.0,07/2015,Incumbent,13,Business and Financial Operations Occupations
1446,13-1041.03,Equal Opportunity Representatives and Officers,10873,Review company contracts to determine actions required to meet governmental equal opportunity provisions.,Supplemental,108.0,07/2015,Incumbent,13,Business and Financial Operations Occupations
1447,13-1041.03,Equal Opportunity Representatives and Officers,10876,Verify that all job descriptions are submitted for review and approval and that descriptions meet regulatory standards.,Supplemental,105.0,07/2015,Incumbent,13,Business and Financial Operations Occupations
1448,13-1041.03,Equal Opportunity Representatives and Officers,10878,Consult with community representatives to develop technical assistance agreements in accordance with governmental regulations.,Supplemental,107.0,07/2015,Incumbent,13,Business and Financial Operations Occupations
1449,13-1041.03,Equal Opportunity Representatives and Officers,10880,"Participate in the recruitment of employees through job fairs, career days, or advertising plans.",Supplemental,106.0,07/2015,Incumbent,13,Business and Financial Operations Occupations
1450,13-1041.04,Government Property Inspectors and Investigators,12890,"Prepare correspondence, reports of inspections or investigations or recommendations for action.",Core,74.0,06/2007,Incumbent,13,Business and Financial Operations Occupations
1451,13-1041.04,Government Property Inspectors and Investigators,12891,"Examine records, reports, or other documents to establish facts or detect discrepancies.",Core,75.0,06/2007,Incumbent,13,Business and Financial Operations Occupations
1452,13-1041.04,Government Property Inspectors and Investigators,12892,Monitor investigations of suspected offenders to ensure that they are conducted in accordance with constitutional requirements.,Supplemental,75.0,06/2007,Incumbent,13,Business and Financial Operations Occupations
1453,13-1041.04,Government Property Inspectors and Investigators,12893,"Collect, identify, evaluate, or preserve case evidence.",Supplemental,75.0,06/2007,Incumbent,13,Business and Financial Operations Occupations
1454,13-1041.04,Government Property Inspectors and Investigators,12894,Inspect manufactured or processed products to ensure compliance with contract specifications or legal requirements.,Supplemental,75.0,06/2007,Incumbent,13,Business and Financial Operations Occupations
1455,13-1041.04,Government Property Inspectors and Investigators,12895,Coordinate with or assist law enforcement agencies in matters of mutual concern.,Supplemental,75.0,06/2007,Incumbent,13,Business and Financial Operations Occupations
1456,13-1041.04,Government Property Inspectors and Investigators,12896,Testify in court or at administrative proceedings concerning investigation findings.,Supplemental,74.0,06/2007,Incumbent,13,Business and Financial Operations Occupations
1457,13-1041.04,Government Property Inspectors and Investigators,12897,"Investigate applications for special licenses or permits, as well as alleged license or permit violations.",Supplemental,75.0,06/2007,Incumbent,13,Business and Financial Operations Occupations
1458,13-1041.04,Government Property Inspectors and Investigators,12898,Inspect government-owned equipment or materials in the possession of private contractors to ensure compliance with contracts or regulations or to prevent misuse.,Supplemental,75.0,06/2007,Incumbent,13,Business and Financial Operations Occupations
1459,13-1041.04,Government Property Inspectors and Investigators,12899,Recommend legal or administrative action to protect government property.,Supplemental,74.0,06/2007,Incumbent,13,Business and Financial Operations Occupations
1460,13-1041.04,Government Property Inspectors and Investigators,12900,"Submit samples of products to government laboratories for testing, as required.",Supplemental,75.0,06/2007,Incumbent,13,Business and Financial Operations Occupations
1461,13-1041.04,Government Property Inspectors and Investigators,12901,"Locate and interview plaintiffs, witnesses, or representatives of business or government to gather facts relevant to inspections or alleged violations.",Supplemental,75.0,06/2007,Incumbent,13,Business and Financial Operations Occupations
1462,13-1041.06,Coroners,8912,"Perform medicolegal examinations and autopsies, conducting preliminary examinations of the body to identify victims, locate signs of trauma, and identify factors that would indicate time of death.",Core,31.0,07/2012,Occupational Expert,13,Business and Financial Operations Occupations
1463,13-1041.06,Coroners,8913,"Inquire into the cause, manner, and circumstances of human deaths and establish the identities of deceased persons.",Core,31.0,07/2012,Occupational Expert,13,Business and Financial Operations Occupations
1464,13-1041.06,Coroners,8915,"Complete death certificates, including the assignment of cause and manner of death.",Core,31.0,07/2012,Occupational Expert,13,Business and Financial Operations Occupations
1465,13-1041.06,Coroners,8916,Observe and record the positions and conditions of bodies and related evidence.,Core,31.0,07/2012,Occupational Expert,13,Business and Financial Operations Occupations
1466,13-1041.06,Coroners,8918,"Observe, record, and preserve any objects or personal property related to deaths, including objects such as medication containers and suicide notes.",Core,31.0,07/2012,Occupational Expert,13,Business and Financial Operations Occupations
1467,13-1041.06,Coroners,8921,Interview persons present at death scenes to obtain information useful in determining the manner of death.,Core,31.0,07/2012,Occupational Expert,13,Business and Financial Operations Occupations
1468,13-1041.06,Coroners,8928,Arrange for the next of kin to be notified of deaths.,Core,31.0,07/2012,Occupational Expert,13,Business and Financial Operations Occupations
1469,13-1041.06,Coroners,8919,Complete reports and forms required to finalize cases.,Core,31.0,07/2012,Occupational Expert,13,Business and Financial Operations Occupations
1470,13-1041.06,Coroners,8917,Collect and document any pertinent medical history information.,Core,31.0,07/2012,Occupational Expert,13,Business and Financial Operations Occupations
1471,13-1041.06,Coroners,20181,"Direct activities of workers conducting autopsies, performing pathological and toxicological analyses, and preparing documents for permanent records.",Core,31.0,07/2012,Occupational Expert,13,Business and Financial Operations Occupations
1472,13-1041.06,Coroners,8925,Confer with officials of public health and law enforcement agencies to coordinate interdepartmental activities.,Core,31.0,07/2012,Occupational Expert,13,Business and Financial Operations Occupations
1473,13-1041.06,Coroners,8923,Provide information concerning the circumstances of death to relatives of the deceased.,Core,31.0,07/2012,Occupational Expert,13,Business and Financial Operations Occupations
1474,13-1041.06,Coroners,8924,"Locate and document information regarding the next of kin, including their relationship to the deceased and the status of notification attempts.",Core,31.0,07/2012,Occupational Expert,13,Business and Financial Operations Occupations
1475,13-1041.06,Coroners,8926,"Inventory personal effects recovered from bodies, such as jewelry or wallets.",Core,31.0,07/2012,Occupational Expert,13,Business and Financial Operations Occupations
1476,13-1041.06,Coroners,8927,Coordinate the release of personal effects to authorized persons and facilitate the disposition of unclaimed corpses and personal effects.,Core,31.0,07/2012,Occupational Expert,13,Business and Financial Operations Occupations
1477,13-1041.06,Coroners,8920,"Remove or supervise removal of bodies from death scenes, using the proper equipment and supplies, and arrange for transportation to morgues.",Core,31.0,07/2012,Occupational Expert,13,Business and Financial Operations Occupations
1478,13-1041.06,Coroners,8922,"Testify at inquests, hearings, and court trials.",Core,31.0,07/2012,Occupational Expert,13,Business and Financial Operations Occupations
1479,13-1041.06,Coroners,8930,"Collect wills, burial instructions, and other documentation needed for investigations and for handling of the remains.",Core,31.0,07/2012,Occupational Expert,13,Business and Financial Operations Occupations
1480,13-1041.06,Coroners,8929,"Record the disposition of minor children, as well as details of arrangements made for their care.",Supplemental,31.0,07/2012,Occupational Expert,13,Business and Financial Operations Occupations
1481,13-1041.06,Coroners,8931,Witness and certify deaths that are the result of a judicial order.,Supplemental,31.0,07/2012,Occupational Expert,13,Business and Financial Operations Occupations
1482,13-1041.07,Regulatory Affairs Specialists,18048,"Coordinate, prepare, or review regulatory submissions for domestic or international projects.",Core,33.0,06/2009,Occupational Expert,13,Business and Financial Operations Occupations
1483,13-1041.07,Regulatory Affairs Specialists,18050,"Provide technical review of data or reports that will be incorporated into regulatory submissions to assure scientific rigor, accuracy, and clarity of presentation.",Core,33.0,06/2009,Occupational Expert,13,Business and Financial Operations Occupations
1484,13-1041.07,Regulatory Affairs Specialists,18051,"Review product promotional materials, labeling, batch records, specification sheets, or test methods for compliance with applicable regulations and policies.",Core,33.0,06/2009,Occupational Expert,13,Business and Financial Operations Occupations
1485,13-1041.07,Regulatory Affairs Specialists,18058,"Maintain current knowledge base of existing and emerging regulations, standards, or guidance documents.",Core,33.0,06/2009,Occupational Expert,13,Business and Financial Operations Occupations
1486,13-1041.07,Regulatory Affairs Specialists,18049,Interpret regulatory rules or rule changes and ensure that they are communicated through corporate policies and procedures.,Core,33.0,06/2009,Occupational Expert,13,Business and Financial Operations Occupations
1487,13-1041.07,Regulatory Affairs Specialists,18055,Determine the types of regulatory submissions or internal documentation that are required in situations such as proposed device changes or labeling changes.,Core,33.0,06/2009,Occupational Expert,13,Business and Financial Operations Occupations
1488,13-1041.07,Regulatory Affairs Specialists,18052,"Advise project teams on subjects such as premarket regulatory requirements, export and labeling requirements, or clinical study compliance issues.",Core,33.0,06/2009,Occupational Expert,13,Business and Financial Operations Occupations
1489,13-1041.07,Regulatory Affairs Specialists,18062,Prepare or maintain technical files as necessary to obtain and sustain product approval.,Core,33.0,06/2009,Occupational Expert,13,Business and Financial Operations Occupations
1490,13-1041.07,Regulatory Affairs Specialists,18054,Coordinate efforts associated with the preparation of regulatory documents or submissions.,Core,33.0,06/2009,Occupational Expert,13,Business and Financial Operations Occupations
1491,13-1041.07,Regulatory Affairs Specialists,18061,Prepare or direct the preparation of additional information or responses as requested by regulatory agencies.,Core,33.0,06/2009,Occupational Expert,13,Business and Financial Operations Occupations
1492,13-1041.07,Regulatory Affairs Specialists,18047,Analyze product complaints and make recommendations regarding their reportability.,Core,33.0,06/2009,Occupational Expert,13,Business and Financial Operations Occupations
1493,13-1041.07,Regulatory Affairs Specialists,18046,Escort government inspectors during inspections and provide post-inspection follow-up information as requested.,Core,33.0,06/2009,Occupational Expert,13,Business and Financial Operations Occupations
1494,13-1041.07,Regulatory Affairs Specialists,18045,"Communicate with regulatory agencies regarding pre-submission strategies, potential regulatory pathways, compliance test requirements, or clarification and follow-up of submissions under review.",Core,32.0,06/2009,Occupational Expert,13,Business and Financial Operations Occupations
1495,13-1041.07,Regulatory Affairs Specialists,18057,"Identify relevant guidance documents, international standards, or consensus standards and provide interpretive assistance.",Core,33.0,06/2009,Occupational Expert,13,Business and Financial Operations Occupations
1496,13-1041.07,Regulatory Affairs Specialists,18065,Review clinical protocols to ensure collection of data needed for regulatory submissions.,Core,33.0,06/2009,Occupational Expert,13,Business and Financial Operations Occupations
1497,13-1041.07,Regulatory Affairs Specialists,18053,Compile and maintain regulatory documentation databases or systems.,Core,33.0,06/2009,Occupational Expert,13,Business and Financial Operations Occupations
1498,13-1041.07,Regulatory Affairs Specialists,18063,Recommend changes to company procedures in response to changes in regulations or standards.,Core,33.0,06/2009,Occupational Expert,13,Business and Financial Operations Occupations
1499,13-1041.07,Regulatory Affairs Specialists,18059,"Obtain and distribute updated information regarding domestic or international laws, guidelines, or standards.",Core,33.0,06/2009,Occupational Expert,13,Business and Financial Operations Occupations
1500,13-1041.07,Regulatory Affairs Specialists,18066,"Write or update standard operating procedures, work instructions, or policies.",Core,33.0,06/2009,Occupational Expert,13,Business and Financial Operations Occupations
1501,13-1041.07,Regulatory Affairs Specialists,18060,Participate in internal or external audits.,Core,33.0,06/2009,Occupational Expert,13,Business and Financial Operations Occupations
1502,13-1041.07,Regulatory Affairs Specialists,18056,Develop or conduct employee regulatory training.,Core,33.0,06/2009,Occupational Expert,13,Business and Financial Operations Occupations
1503,13-1041.07,Regulatory Affairs Specialists,18064,"Prepare responses to customer requests for information, such as product data, written regulatory affairs statements, surveys, or questionnaires.",Core,33.0,06/2009,Occupational Expert,13,Business and Financial Operations Occupations
1504,13-1041.07,Regulatory Affairs Specialists,18070,Review adverse drug reactions and file all related reports in accordance with regulatory agency guidelines.,Supplemental,33.0,06/2009,Occupational Expert,13,Business and Financial Operations Occupations
1505,13-1041.07,Regulatory Affairs Specialists,18067,Coordinate recall or market withdrawal activities as necessary.,Supplemental,33.0,06/2009,Occupational Expert,13,Business and Financial Operations Occupations
1506,13-1041.07,Regulatory Affairs Specialists,18069,Direct the collection and preparation of laboratory samples as requested by regulatory agencies.,Supplemental,33.0,06/2009,Occupational Expert,13,Business and Financial Operations Occupations
1507,13-1041.07,Regulatory Affairs Specialists,18068,Develop or track quality metrics.,Supplemental,32.0,06/2009,Occupational Expert,13,Business and Financial Operations Occupations
1508,13-1041.07,Regulatory Affairs Specialists,19552,"Determine regulations or procedures related to the management, collection, reuse, recovery, or recycling of packaging waste.",,,07/2011,Analyst,13,Business and Financial Operations Occupations
1509,13-1041.07,Regulatory Affairs Specialists,19553,"Determine requirements applying to treatment, storage, shipment, or disposal of potentially hazardous production-related waste.",,,07/2011,Analyst,13,Business and Financial Operations Occupations
1510,13-1041.07,Regulatory Affairs Specialists,19554,"Determine the effects of legal requirements related to the production, supply, or use of ozone-depleting substances or equipment containing such substances.",,,07/2011,Analyst,13,Business and Financial Operations Occupations
1511,13-1041.07,Regulatory Affairs Specialists,19555,Monitor national or international legislation on ozone-depleting substances or global warming.,,,07/2011,Analyst,13,Business and Financial Operations Occupations
1512,13-1041.07,Regulatory Affairs Specialists,19556,Obtain clearances for the use of recycled plastics in product packaging.,,,07/2011,Analyst,13,Business and Financial Operations Occupations
1513,13-1041.07,Regulatory Affairs Specialists,19557,"Specialize in regulatory issues related to agriculture, such as the cultivation of green biotechnology crops or the post-market regulation of genetically altered crops.",,,07/2011,Analyst,13,Business and Financial Operations Occupations
1514,13-1051.00,Cost Estimators,82,"Consult with clients, vendors, personnel in other departments or construction foremen to discuss and formulate estimates and resolve issues.",Core,28.0,06/2008,Occupational Expert,13,Business and Financial Operations Occupations
1515,13-1051.00,Cost Estimators,80,"Analyze blueprints and other documentation to prepare time, cost, materials, and labor estimates.",Core,28.0,06/2008,Occupational Expert,13,Business and Financial Operations Occupations
1516,13-1051.00,Cost Estimators,85,Prepare estimates for use in selecting vendors or subcontractors.,Core,28.0,06/2008,Occupational Expert,13,Business and Financial Operations Occupations
1517,13-1051.00,Cost Estimators,83,"Confer with engineers, architects, owners, contractors and subcontractors on changes and adjustments to cost estimates.",Core,28.0,06/2008,Occupational Expert,13,Business and Financial Operations Occupations
1518,13-1051.00,Cost Estimators,84,"Prepare estimates used by management for purposes such as planning, organizing, and scheduling work.",Core,28.0,06/2008,Occupational Expert,13,Business and Financial Operations Occupations
1519,13-1051.00,Cost Estimators,87,Prepare cost and expenditure statements and other necessary documentation at regular intervals for the duration of the project.,Core,28.0,06/2008,Occupational Expert,13,Business and Financial Operations Occupations
1520,13-1051.00,Cost Estimators,81,"Assess cost effectiveness of products, projects or services, tracking actual costs relative to bids as the project develops.",Core,28.0,06/2008,Occupational Expert,13,Business and Financial Operations Occupations
1521,13-1051.00,Cost Estimators,89,Set up cost monitoring and reporting systems and procedures.,Core,28.0,06/2008,Occupational Expert,13,Business and Financial Operations Occupations
1522,13-1051.00,Cost Estimators,91,Conduct special studies to develop and establish standard hour and related cost data or to effect cost reduction.,Core,28.0,06/2008,Occupational Expert,13,Business and Financial Operations Occupations
1523,13-1051.00,Cost Estimators,86,Review material and labor requirements to decide whether it is more cost-effective to produce or purchase components.,Core,28.0,06/2008,Occupational Expert,13,Business and Financial Operations Occupations
1524,13-1051.00,Cost Estimators,88,"Prepare and maintain a directory of suppliers, contractors and subcontractors.",Core,28.0,06/2008,Occupational Expert,13,Business and Financial Operations Occupations
1525,13-1051.00,Cost Estimators,90,"Establish and maintain tendering process, and conduct negotiations.",Core,28.0,06/2008,Occupational Expert,13,Business and Financial Operations Occupations
1526,13-1051.00,Cost Estimators,92,"Visit site and record information about access, drainage and topography, and availability of services such as water and electricity.",Supplemental,28.0,06/2008,Occupational Expert,13,Business and Financial Operations Occupations
1527,13-1071.00,Human Resources Specialists,18866,"Prepare or maintain employment records related to events such as hiring, termination, leaves, transfers, or promotions, using human resources management system software.",Core,124.0,07/2012,Incumbent,13,Business and Financial Operations Occupations
1528,13-1071.00,Human Resources Specialists,18861,"Interpret and explain human resources policies, procedures, laws, standards, or regulations.",Core,124.0,07/2012,Incumbent,13,Business and Financial Operations Occupations
1529,13-1071.00,Human Resources Specialists,18859,Hire employees and process hiring-related paperwork.,Core,123.0,07/2012,Incumbent,13,Business and Financial Operations Occupations
1530,13-1071.00,Human Resources Specialists,18860,"Inform job applicants of details such as duties and responsibilities, compensation, benefits, schedules, working conditions, or promotion opportunities.",Core,123.0,07/2012,Incumbent,13,Business and Financial Operations Occupations
1531,13-1071.00,Human Resources Specialists,18852,"Address employee relations issues, such as harassment allegations, work complaints, or other employee concerns.",Core,123.0,07/2012,Incumbent,13,Business and Financial Operations Occupations
1532,13-1071.00,Human Resources Specialists,18864,"Maintain current knowledge of Equal Employment Opportunity (EEO) and affirmative action guidelines and laws, such as the Americans with Disabilities Act (ADA).",Core,124.0,07/2012,Incumbent,13,Business and Financial Operations Occupations
1533,13-1071.00,Human Resources Specialists,18870,Schedule or conduct new employee orientations.,Core,123.0,07/2012,Incumbent,13,Business and Financial Operations Occupations
1534,13-1071.00,Human Resources Specialists,18863,"Maintain and update human resources documents, such as organizational charts, employee handbooks or directories, or performance evaluation forms.",Core,124.0,07/2012,Incumbent,13,Business and Financial Operations Occupations
1535,13-1071.00,Human Resources Specialists,18856,Confer with management to develop or implement personnel policies or procedures.,Core,123.0,07/2012,Incumbent,13,Business and Financial Operations Occupations
1536,13-1071.00,Human Resources Specialists,18871,"Select qualified job applicants or refer them to managers, making hiring recommendations when appropriate.",Core,122.0,07/2012,Incumbent,13,Business and Financial Operations Occupations
1537,13-1071.00,Human Resources Specialists,18868,Review employment applications and job orders to match applicants with job requirements.,Core,123.0,07/2012,Incumbent,13,Business and Financial Operations Occupations
1538,13-1071.00,Human Resources Specialists,18855,Conduct reference or background checks on job applicants.,Core,123.0,07/2012,Incumbent,13,Business and Financial Operations Occupations
1539,13-1071.00,Human Resources Specialists,18854,Conduct exit interviews and ensure that necessary employment termination paperwork is completed.,Core,123.0,07/2012,Incumbent,13,Business and Financial Operations Occupations
1540,13-1071.00,Human Resources Specialists,18865,"Perform searches for qualified job candidates, using sources such as computer databases, networking, Internet recruiting resources, media advertisements, job fairs, recruiting firms, or employee referrals.",Core,123.0,07/2012,Incumbent,13,Business and Financial Operations Occupations
1541,13-1071.00,Human Resources Specialists,18867,"Provide management with information or training related to interviewing, performance appraisals, counseling techniques, or documentation of performance issues.",Core,123.0,07/2012,Incumbent,13,Business and Financial Operations Occupations
1542,13-1071.00,Human Resources Specialists,18857,Contact job applicants to inform them of the status of their applications.,Core,124.0,07/2012,Incumbent,13,Business and Financial Operations Occupations
1543,13-1071.00,Human Resources Specialists,18862,"Interview job applicants to obtain information on work history, training, education, or job skills.",Core,123.0,07/2012,Incumbent,13,Business and Financial Operations Occupations
1544,13-1071.00,Human Resources Specialists,18858,Develop or implement recruiting strategies to meet current or anticipated staffing needs.,Core,123.0,07/2012,Incumbent,13,Business and Financial Operations Occupations
1545,13-1071.00,Human Resources Specialists,18853,Analyze employment-related data and prepare required reports.,Core,124.0,07/2012,Incumbent,13,Business and Financial Operations Occupations
1546,13-1071.00,Human Resources Specialists,18872,"Advise management on organizing, preparing, or implementing recruiting or retention programs.",Core,121.0,07/2012,Incumbent,13,Business and Financial Operations Occupations
1547,13-1071.00,Human Resources Specialists,18869,"Schedule or administer skill, intelligence, psychological, or drug tests for current or prospective employees.",Supplemental,123.0,07/2012,Incumbent,13,Business and Financial Operations Occupations
1548,13-1071.00,Human Resources Specialists,18874,"Evaluate recruitment or selection criteria to ensure conformance to professional, statistical, or testing standards, recommending revisions, as needed.",Supplemental,121.0,07/2012,Incumbent,13,Business and Financial Operations Occupations
1549,13-1071.00,Human Resources Specialists,18876,"Review and evaluate applicant qualifications or eligibility for specified licensing, according to established guidelines and designated licensing codes.",Supplemental,122.0,07/2012,Incumbent,13,Business and Financial Operations Occupations
1550,13-1071.00,Human Resources Specialists,18875,Evaluate selection or testing techniques by conducting research or follow-up activities and conferring with management or supervisory personnel.,Supplemental,120.0,07/2012,Incumbent,13,Business and Financial Operations Occupations
1551,13-1071.00,Human Resources Specialists,18873,"Coordinate with outside staffing agencies to secure temporary employees, based on departmental needs.",Supplemental,122.0,07/2012,Incumbent,13,Business and Financial Operations Occupations
1552,13-1074.00,Farm Labor Contractors,14838,Pay wages of contracted farm laborers.,Core,57.0,06/2008,Incumbent,13,Business and Financial Operations Occupations
1553,13-1074.00,Farm Labor Contractors,14839,"Provide food, drinking water, and field sanitation facilities to contracted workers.",Core,57.0,06/2008,Incumbent,13,Business and Financial Operations Occupations
1554,13-1074.00,Farm Labor Contractors,14840,Recruit and hire agricultural workers.,Core,57.0,06/2008,Incumbent,13,Business and Financial Operations Occupations
1555,13-1074.00,Farm Labor Contractors,14841,"Employ foremen to deal directly with workers when recruiting, hiring, instructing, assigning tasks, and enforcing work rules.",Core,56.0,06/2008,Incumbent,13,Business and Financial Operations Occupations
1556,13-1074.00,Farm Labor Contractors,14842,Supervise the work of contracted employees.,Core,57.0,06/2008,Incumbent,13,Business and Financial Operations Occupations
1557,13-1074.00,Farm Labor Contractors,14843,Furnish tools for employee use.,Core,57.0,06/2008,Incumbent,13,Business and Financial Operations Occupations
1558,13-1074.00,Farm Labor Contractors,14844,Direct and transport workers to appropriate work sites.,Supplemental,57.0,06/2008,Incumbent,13,Business and Financial Operations Occupations
1559,13-1074.00,Farm Labor Contractors,14845,Provide check-cashing services to employees.,Supplemental,57.0,06/2008,Incumbent,13,Business and Financial Operations Occupations
1560,13-1075.00,Labor Relations Specialists,18886,Negotiate collective bargaining agreements.,Core,20.0,07/2015,Occupational Expert,13,Business and Financial Operations Occupations
1561,13-1075.00,Labor Relations Specialists,18885,Monitor company or workforce adherence to labor agreements.,Core,20.0,07/2015,Occupational Expert,13,Business and Financial Operations Occupations
1562,13-1075.00,Labor Relations Specialists,18889,Present the position of the company or of labor during arbitration or other labor negotiations.,Core,20.0,07/2015,Occupational Expert,13,Business and Financial Operations Occupations
1563,13-1075.00,Labor Relations Specialists,18895,"Write letters related to labor relations activities, such as letters to amend collective bargaining agreements, letters of dispute or conciliation, or letters to seek clarification of contract terms.",Core,20.0,07/2015,Occupational Expert,13,Business and Financial Operations Occupations
1564,13-1075.00,Labor Relations Specialists,18879,Draft contract proposals or counter-proposals for collective bargaining or other labor negotiations.,Core,20.0,07/2015,Occupational Expert,13,Business and Financial Operations Occupations
1565,13-1075.00,Labor Relations Specialists,18878,"Call or meet with union, company, government, or other interested parties to discuss labor relations matters, such as contract negotiations or grievances.",Core,20.0,07/2015,Occupational Expert,13,Business and Financial Operations Occupations
1566,13-1075.00,Labor Relations Specialists,18882,Interpret contractual agreements for employers and employees engaged in collective bargaining or other labor relations processes.,Core,20.0,07/2015,Occupational Expert,13,Business and Financial Operations Occupations
1567,13-1075.00,Labor Relations Specialists,18897,Assess the impact of union proposals on company or government operations.,Core,20.0,07/2015,Occupational Expert,13,Business and Financial Operations Occupations
1568,13-1075.00,Labor Relations Specialists,18883,Investigate and evaluate union complaints or arguments to determine viability.,Core,20.0,07/2015,Occupational Expert,13,Business and Financial Operations Occupations
1569,13-1075.00,Labor Relations Specialists,18891,"Recommend collective bargaining strategies, goals, or objectives.",Core,20.0,07/2015,Occupational Expert,13,Business and Financial Operations Occupations
1570,13-1075.00,Labor Relations Specialists,18900,"Prepare evidence for disciplinary hearings, including preparing witnesses to testify.",Core,20.0,07/2015,Occupational Expert,13,Business and Financial Operations Occupations
1571,13-1075.00,Labor Relations Specialists,18890,Propose resolutions for collective bargaining or other labor or contract negotiations.,Core,20.0,07/2015,Occupational Expert,13,Business and Financial Operations Occupations
1572,13-1075.00,Labor Relations Specialists,18884,Mediate discussions between employer and employee representatives in attempt to reconcile differences.,Core,20.0,07/2015,Occupational Expert,13,Business and Financial Operations Occupations
1573,13-1075.00,Labor Relations Specialists,18892,"Review and approve employee disciplinary actions, such as written reprimands, suspensions, or terminations.",Core,20.0,07/2015,Occupational Expert,13,Business and Financial Operations Occupations
1574,13-1075.00,Labor Relations Specialists,18896,Assess risk levels associated with collective bargaining strategies.,Core,20.0,07/2015,Occupational Expert,13,Business and Financial Operations Occupations
1575,13-1075.00,Labor Relations Specialists,18877,Advise management on matters related to the administration of contracts or employee discipline or grievance procedures.,Core,20.0,07/2015,Occupational Expert,13,Business and Financial Operations Occupations
1576,13-1075.00,Labor Relations Specialists,18903,Select mediators or arbitrators for labor disputes or contract negotiations.,Core,20.0,07/2015,Occupational Expert,13,Business and Financial Operations Occupations
1577,13-1075.00,Labor Relations Specialists,18893,"Review employer practices or employee data to ensure compliance with contracts on matters such as wages, hours, or conditions of employment.",Core,20.0,07/2015,Occupational Expert,13,Business and Financial Operations Occupations
1578,13-1075.00,Labor Relations Specialists,18880,"Draft rules or regulations to govern collective bargaining activities in collaboration with company, government, or employee representatives.",Core,20.0,07/2015,Occupational Expert,13,Business and Financial Operations Occupations
1579,13-1075.00,Labor Relations Specialists,18904,"Train managers or supervisors on topics related to labor relations, such as working conditions, safety, or equal opportunity practices.",Core,20.0,07/2015,Occupational Expert,13,Business and Financial Operations Occupations
1580,13-1075.00,Labor Relations Specialists,18901,Provide expert testimony in legal proceedings related to labor relations or labor contracts.,Core,19.0,07/2015,Occupational Expert,13,Business and Financial Operations Occupations
1581,13-1075.00,Labor Relations Specialists,18881,"Identify alternatives to proposals of unions, employees, companies, or government agencies.",Core,20.0,07/2015,Occupational Expert,13,Business and Financial Operations Occupations
1582,13-1075.00,Labor Relations Specialists,18899,"Develop methods to monitor employee satisfaction with policies or working conditions, including grievance or complaint procedures.",Core,20.0,07/2015,Occupational Expert,13,Business and Financial Operations Occupations
1583,13-1075.00,Labor Relations Specialists,18902,Research case law or outcomes of previous case hearings.,Core,20.0,07/2015,Occupational Expert,13,Business and Financial Operations Occupations
1584,13-1075.00,Labor Relations Specialists,18894,Schedule or coordinate the details of grievance hearings or other meetings.,Core,19.0,07/2015,Occupational Expert,13,Business and Financial Operations Occupations
1585,13-1075.00,Labor Relations Specialists,18887,"Prepare and submit required governmental reports or forms related to labor relations matters, such as equal employment opportunity (EEO) forms, new hire forms, or minority compensation reports.",Supplemental,20.0,07/2015,Occupational Expert,13,Business and Financial Operations Occupations
1586,13-1075.00,Labor Relations Specialists,18888,Prepare reports or presentations to communicate employee satisfaction or related data to management.,Supplemental,20.0,07/2015,Occupational Expert,13,Business and Financial Operations Occupations
1587,13-1075.00,Labor Relations Specialists,18898,Develop employee health and safety policies.,Supplemental,20.0,07/2015,Occupational Expert,13,Business and Financial Operations Occupations
1588,13-1081.00,Logisticians,8932,"Maintain and develop positive business relationships with a customer's key personnel involved in, or directly relevant to, a logistics activity.",Core,82.0,06/2006,Incumbent,13,Business and Financial Operations Occupations
1589,13-1081.00,Logisticians,8933,Develop an understanding of customers' needs and take actions to ensure that such needs are met.,Core,82.0,06/2006,Incumbent,13,Business and Financial Operations Occupations
1590,13-1081.00,Logisticians,8934,"Direct availability and allocation of materials, supplies, and finished products.",Core,81.0,06/2006,Incumbent,13,Business and Financial Operations Occupations
1591,13-1081.00,Logisticians,8935,"Collaborate with other departments as necessary to meet customer requirements, to take advantage of sales opportunities or, in the case of shortages, to minimize negative impacts on a business.",Core,82.0,06/2006,Incumbent,13,Business and Financial Operations Occupations
1592,13-1081.00,Logisticians,8936,Protect and control proprietary materials.,Core,82.0,06/2006,Incumbent,13,Business and Financial Operations Occupations
1593,13-1081.00,Logisticians,8937,"Review logistics performance with customers against targets, benchmarks, and service agreements.",Core,82.0,06/2006,Incumbent,13,Business and Financial Operations Occupations
1594,13-1081.00,Logisticians,8938,"Develop and implement technical project management tools, such as plans, schedules, and responsibility and compliance matrices.",Core,82.0,06/2006,Incumbent,13,Business and Financial Operations Occupations
1595,13-1081.00,Logisticians,8939,"Direct team activities, establishing task priorities, scheduling and tracking work assignments, providing guidance, and ensuring the availability of resources.",Core,81.0,06/2006,Incumbent,13,Business and Financial Operations Occupations
1596,13-1081.00,Logisticians,8940,"Report project plans, progress, and results.",Core,82.0,06/2006,Incumbent,13,Business and Financial Operations Occupations
1597,13-1081.00,Logisticians,8941,Direct and support the compilation and analysis of technical source data necessary for product development.,Core,81.0,06/2006,Incumbent,13,Business and Financial Operations Occupations
1598,13-1081.00,Logisticians,8942,"Explain proposed solutions to customers, management, or other interested parties through written proposals and oral presentations.",Core,82.0,06/2006,Incumbent,13,Business and Financial Operations Occupations
1599,13-1081.00,Logisticians,8943,Develop proposals that include documentation for estimates.,Core,81.0,06/2006,Incumbent,13,Business and Financial Operations Occupations
1600,13-1081.00,Logisticians,8944,"Plan, organize, and execute logistics support activities such as maintenance planning, repair analysis, and test equipment recommendations.",Core,82.0,06/2006,Incumbent,13,Business and Financial Operations Occupations
1601,13-1081.00,Logisticians,8945,"Provide project management services, including the provision and analysis of technical data.",Core,82.0,06/2006,Incumbent,13,Business and Financial Operations Occupations
1602,13-1081.00,Logisticians,8946,Participate in the assessment and review of design alternatives and design change proposal impacts.,Core,82.0,06/2006,Incumbent,13,Business and Financial Operations Occupations
1603,13-1081.00,Logisticians,8947,Support the development of training materials and technical manuals.,Core,81.0,06/2006,Incumbent,13,Business and Financial Operations Occupations
1604,13-1081.00,Logisticians,8948,Stay informed of logistics technology advances and apply appropriate technology to improve logistics processes.,Core,82.0,06/2006,Incumbent,13,Business and Financial Operations Occupations
1605,13-1081.00,Logisticians,8949,Redesign the movement of goods to maximize value and minimize costs.,Core,82.0,06/2006,Incumbent,13,Business and Financial Operations Occupations
1606,13-1081.00,Logisticians,8950,"Manage subcontractor activities, reviewing proposals, developing performance specifications, and serving as liaisons between subcontractors and organizations.",Supplemental,82.0,06/2006,Incumbent,13,Business and Financial Operations Occupations
1607,13-1081.00,Logisticians,8951,"Manage the logistical aspects of product life cycles, including coordination or provisioning of samples, and the minimization of obsolescence.",Supplemental,82.0,06/2006,Incumbent,13,Business and Financial Operations Occupations
1608,13-1081.00,Logisticians,8952,Perform system lifecycle cost analysis and develop component studies.,Supplemental,81.0,06/2006,Incumbent,13,Business and Financial Operations Occupations
1609,13-1081.01,Logistics Engineers,15867,"Review contractual commitments, customer specifications, or related information to determine logistics or support requirements.",Core,22.0,07/2011,Occupational Expert,13,Business and Financial Operations Occupations
1610,13-1081.01,Logistics Engineers,15874,"Determine logistics support requirements, such as facility details, staffing needs, or safety or maintenance plans.",Core,22.0,07/2011,Occupational Expert,13,Business and Financial Operations Occupations
1611,13-1081.01,Logistics Engineers,15861,Propose logistics solutions for customers.,Core,22.0,07/2011,Occupational Expert,13,Business and Financial Operations Occupations
1612,13-1081.01,Logistics Engineers,15864,Direct the work of logistics analysts.,Core,20.0,07/2011,Occupational Expert,13,Business and Financial Operations Occupations
1613,13-1081.01,Logistics Engineers,15879,Evaluate effectiveness of current or future logistical processes.,Core,22.0,07/2011,Occupational Expert,13,Business and Financial Operations Occupations
1614,13-1081.01,Logistics Engineers,15877,"Provide logistics technology or information for effective and efficient support of product, equipment, or system manufacturing or service.",Core,22.0,07/2011,Occupational Expert,13,Business and Financial Operations Occupations
1615,13-1081.01,Logistics Engineers,19995,"Evaluate the use of inventory tracking technology, Web-based warehousing software, or intelligent conveyor systems to maximize plant or distribution center efficiency.",Core,22.0,07/2011,Occupational Expert,13,Business and Financial Operations Occupations
1616,13-1081.01,Logistics Engineers,19996,"Develop logistic metrics, internal analysis tools, or key performance indicators for business units.",Core,22.0,07/2011,Occupational Expert,13,Business and Financial Operations Occupations
1617,13-1081.01,Logistics Engineers,15876,"Analyze or interpret logistics data involving customer service, forecasting, procurement, manufacturing, inventory, transportation, or warehousing.",Core,22.0,07/2011,Occupational Expert,13,Business and Financial Operations Occupations
1618,13-1081.01,Logistics Engineers,15868,Prepare or validate documentation on automated logistics or maintenance-data reporting or management information systems.,Core,22.0,07/2011,Occupational Expert,13,Business and Financial Operations Occupations
1619,13-1081.01,Logistics Engineers,19997,Identify cost-reduction or process-improvement logistic opportunities.,Core,22.0,07/2011,Occupational Expert,13,Business and Financial Operations Occupations
1620,13-1081.01,Logistics Engineers,19998,"Evaluate the use of technologies, such as global positioning systems (GPS), radio-frequency identification (RFID), route navigation software, or satellite linkup systems, to improve transportation efficiency.",Core,22.0,07/2011,Occupational Expert,13,Business and Financial Operations Occupations
1621,13-1081.01,Logistics Engineers,15872,"Develop or maintain cost estimates, forecasts, or cost models.",Core,22.0,07/2011,Occupational Expert,13,Business and Financial Operations Occupations
1622,13-1081.01,Logistics Engineers,15866,"Develop specifications for equipment, tools, facility layouts, or material-handling systems.",Core,22.0,07/2011,Occupational Expert,13,Business and Financial Operations Occupations
1623,13-1081.01,Logistics Engineers,15875,"Conduct logistics studies or analyses, such as time studies, zero-base analyses, rate analyses, network analyses, flow-path analyses, or supply chain analyses.",Core,22.0,07/2011,Occupational Expert,13,Business and Financial Operations Occupations
1624,13-1081.01,Logistics Engineers,15880,Apply logistics modeling techniques to address issues such as operational process improvement or facility design or layout.,Core,22.0,07/2011,Occupational Expert,13,Business and Financial Operations Occupations
1625,13-1081.01,Logistics Engineers,19999,Prepare logistic strategies or conceptual designs for production facilities.,Core,22.0,07/2011,Occupational Expert,13,Business and Financial Operations Occupations
1626,13-1081.01,Logistics Engineers,15870,Identify or develop business rules or standard operating procedures to streamline operating processes.,Core,22.0,07/2011,Occupational Expert,13,Business and Financial Operations Occupations
1627,13-1081.01,Logistics Engineers,20000,Design comprehensive supply chains that minimize environmental impacts or costs.,Core,22.0,07/2011,Occupational Expert,13,Business and Financial Operations Occupations
1628,13-1081.01,Logistics Engineers,15863,"Interview key staff or tour facilities to identify efficiency-improvement, cost-reduction, or service-delivery opportunities.",Core,22.0,07/2011,Occupational Expert,13,Business and Financial Operations Occupations
1629,13-1081.01,Logistics Engineers,20001,"Develop or document reverse logistics management processes to ensure maximal efficiency of product recycling, reuse, or final disposal.",Supplemental,22.0,07/2011,Occupational Expert,13,Business and Financial Operations Occupations
1630,13-1081.01,Logistics Engineers,15873,"Determine feasibility of designing new facilities or modifying existing facilities, based on factors such as cost, available space, schedule, technical requirements, or ergonomics.",Supplemental,22.0,07/2011,Occupational Expert,13,Business and Financial Operations Occupations
1631,13-1081.01,Logistics Engineers,20002,"Conduct environmental audits for logistics activities, such as storage, distribution, or transportation.",Supplemental,22.0,07/2011,Occupational Expert,13,Business and Financial Operations Occupations
1632,13-1081.01,Logistics Engineers,20003,"Create models or scenarios to predict the impact of changing circumstances, such as fuel costs, road pricing, energy taxes, or carbon emissions legislation.",Supplemental,22.0,07/2011,Occupational Expert,13,Business and Financial Operations Occupations
1633,13-1081.01,Logistics Engineers,20004,"Review global, national, or regional transportation or logistics reports for ways to improve efficiency or minimize the environmental impact of logistics activities.",Supplemental,22.0,07/2011,Occupational Expert,13,Business and Financial Operations Occupations
1634,13-1081.01,Logistics Engineers,20005,Determine requirements for compliance with environmental certification standards.,Supplemental,22.0,07/2011,Occupational Expert,13,Business and Financial Operations Occupations
1635,13-1081.01,Logistics Engineers,20006,Provide logistical facility or capacity planning analyses for distribution or transportation functions.,Supplemental,22.0,07/2011,Occupational Expert,13,Business and Financial Operations Occupations
1636,13-1081.01,Logistics Engineers,15865,Design plant distribution centers.,Supplemental,22.0,07/2011,Occupational Expert,13,Business and Financial Operations Occupations
1637,13-1081.01,Logistics Engineers,20007,Develop or document procedures to minimize or mitigate carbon output resulting from the movement of materials or products.,Supplemental,22.0,07/2011,Occupational Expert,13,Business and Financial Operations Occupations
1638,13-1081.01,Logistics Engineers,20008,"Assess the environmental impact or energy efficiency of logistics activities, using carbon mitigation software.",Supplemental,22.0,07/2011,Occupational Expert,13,Business and Financial Operations Occupations
1639,13-1081.02,Logistics Analysts,15898,Maintain databases of logistics information.,Core,26.0,07/2011,Occupational Expert,13,Business and Financial Operations Occupations
1640,13-1081.02,Logistics Analysts,15903,"Interpret data on logistics elements, such as availability, maintainability, reliability, supply chain management, strategic sourcing or distribution, supplier management, or transportation.",Core,26.0,07/2011,Occupational Expert,13,Business and Financial Operations Occupations
1641,13-1081.02,Logistics Analysts,15894,"Provide ongoing analyses in areas such as transportation costs, parts procurement, back orders, or delivery processes.",Core,26.0,07/2011,Occupational Expert,13,Business and Financial Operations Occupations
1642,13-1081.02,Logistics Analysts,15895,Prepare reports on logistics performance measures.,Core,26.0,07/2011,Occupational Expert,13,Business and Financial Operations Occupations
1643,13-1081.02,Logistics Analysts,15901,"Confer with logistics management teams to determine ways to optimize service levels, maintain supply-chain efficiency, or minimize cost.",Core,25.0,07/2011,Occupational Expert,13,Business and Financial Operations Occupations
1644,13-1081.02,Logistics Analysts,20009,"Remotely monitor the flow of vehicles or inventory, using Web-based logistics information systems to track vehicles or containers.",Core,26.0,07/2011,Occupational Expert,13,Business and Financial Operations Occupations
1645,13-1081.02,Logistics Analysts,15890,Track product flow from origin to final delivery.,Core,26.0,07/2011,Occupational Expert,13,Business and Financial Operations Occupations
1646,13-1081.02,Logistics Analysts,15893,Recommend improvements to existing or planned logistics processes.,Core,26.0,07/2011,Occupational Expert,13,Business and Financial Operations Occupations
1647,13-1081.02,Logistics Analysts,15883,Enter logistics-related data into databases.,Core,25.0,07/2011,Occupational Expert,13,Business and Financial Operations Occupations
1648,13-1081.02,Logistics Analysts,15900,"Develop or maintain models for logistics uses, such as cost estimating or demand forecasting.",Core,26.0,07/2011,Occupational Expert,13,Business and Financial Operations Occupations
1649,13-1081.02,Logistics Analysts,15892,"Review procedures, such as distribution or inventory management, to ensure maximum efficiency or minimum cost.",Core,26.0,07/2011,Occupational Expert,13,Business and Financial Operations Occupations
1650,13-1081.02,Logistics Analysts,15904,"Apply analytic methods or tools to understand, predict, or control logistics operations or processes.",Core,26.0,07/2011,Occupational Expert,13,Business and Financial Operations Occupations
1651,13-1081.02,Logistics Analysts,15897,"Monitor inventory transactions at warehouse facilities to assess receiving, storage, shipping, or inventory integrity.",Core,26.0,07/2011,Occupational Expert,13,Business and Financial Operations Occupations
1652,13-1081.02,Logistics Analysts,15905,"Analyze logistics data, using methods such as data mining, data modeling, or cost or benefit analysis.",Core,26.0,07/2011,Occupational Expert,13,Business and Financial Operations Occupations
1653,13-1081.02,Logistics Analysts,15899,Maintain logistics records in accordance with corporate policies.,Core,26.0,07/2011,Occupational Expert,13,Business and Financial Operations Occupations
1654,13-1081.02,Logistics Analysts,15902,"Compute reporting metrics, such as on-time delivery rates, order fulfillment rates, or inventory turns.",Core,26.0,07/2011,Occupational Expert,13,Business and Financial Operations Occupations
1655,13-1081.02,Logistics Analysts,15891,Write or revise standard operating procedures for logistics processes.,Core,26.0,07/2011,Occupational Expert,13,Business and Financial Operations Occupations
1656,13-1081.02,Logistics Analysts,15882,"Monitor industry standards, trends, or practices to identify developments in logistics planning or execution.",Core,26.0,07/2011,Occupational Expert,13,Business and Financial Operations Occupations
1657,13-1081.02,Logistics Analysts,15881,Identify opportunities for inventory reductions.,Core,26.0,07/2011,Occupational Expert,13,Business and Financial Operations Occupations
1658,13-1081.02,Logistics Analysts,15884,Develop or maintain payment systems to ensure accuracy of vendor payments.,Supplemental,26.0,07/2011,Occupational Expert,13,Business and Financial Operations Occupations
1659,13-1081.02,Logistics Analysts,15886,Develop or maintain freight rate databases for use by supply chain departments to determine the most economical modes of transportation.,Supplemental,26.0,07/2011,Occupational Expert,13,Business and Financial Operations Occupations
1660,13-1081.02,Logistics Analysts,15896,Manage systems to ensure that pricing structures adequately reflect logistics costing.,Supplemental,26.0,07/2011,Occupational Expert,13,Business and Financial Operations Occupations
1661,13-1081.02,Logistics Analysts,15889,"Communicate with or monitor service providers, such as ocean carriers, air freight forwarders, global consolidators, customs brokers, or trucking companies.",Supplemental,26.0,07/2011,Occupational Expert,13,Business and Financial Operations Occupations
1662,13-1081.02,Logistics Analysts,20010,"Reorganize shipping schedules to consolidate loads, maximize vehicle usage, or limit the movement of empty vehicles or containers.",Supplemental,26.0,07/2011,Occupational Expert,13,Business and Financial Operations Occupations
1663,13-1081.02,Logistics Analysts,15885,Determine packaging requirements.,Supplemental,25.0,07/2011,Occupational Expert,13,Business and Financial Operations Occupations
1664,13-1081.02,Logistics Analysts,15887,Contact potential vendors to determine material availability.,Supplemental,26.0,07/2011,Occupational Expert,13,Business and Financial Operations Occupations
1665,13-1081.02,Logistics Analysts,20011,"Route or reroute drivers in real time with remote route navigation software, satellite linkup systems, or global positioning systems (GPS) to improve operational efficiencies.",Supplemental,26.0,07/2011,Occupational Expert,13,Business and Financial Operations Occupations
1666,13-1081.02,Logistics Analysts,20012,Arrange for sale or lease of excess storage or transport capacity to minimize losses or inefficiencies associated with empty space.,Supplemental,26.0,07/2011,Occupational Expert,13,Business and Financial Operations Occupations
1667,13-1081.02,Logistics Analysts,15888,Contact carriers for rates or schedules.,Supplemental,26.0,07/2011,Occupational Expert,13,Business and Financial Operations Occupations
1668,13-1081.02,Logistics Analysts,20013,Compare locations or environmental policies of carriers or suppliers to make transportation decisions with lower environmental impact.,Supplemental,26.0,07/2011,Occupational Expert,13,Business and Financial Operations Occupations
1669,13-1081.02,Logistics Analysts,20014,Enter carbon-output or environmental-impact data into spreadsheets or environmental management or auditing software programs.,Supplemental,26.0,07/2011,Occupational Expert,13,Business and Financial Operations Occupations
1670,13-1111.00,Management Analysts,7276,Gather and organize information on problems or procedures.,Core,79.0,12/2005,Incumbent,13,Business and Financial Operations Occupations
1671,13-1111.00,Management Analysts,7277,Analyze data gathered and develop solutions or alternative methods of proceeding.,Core,79.0,12/2005,Incumbent,13,Business and Financial Operations Occupations
1672,13-1111.00,Management Analysts,7278,Confer with personnel concerned to ensure successful functioning of newly implemented systems or procedures.,Core,79.0,12/2005,Incumbent,13,Business and Financial Operations Occupations
1673,13-1111.00,Management Analysts,7279,"Develop and implement records management program for filing, protection, and retrieval of records, and assure compliance with program.",Core,80.0,12/2005,Incumbent,13,Business and Financial Operations Occupations
1674,13-1111.00,Management Analysts,7280,"Review forms and reports and confer with management and users about format, distribution, and purpose, and to identify problems and improvements.",Core,80.0,12/2005,Incumbent,13,Business and Financial Operations Occupations
1675,13-1111.00,Management Analysts,7281,"Interview personnel and conduct on-site observation to ascertain unit functions, work performed, and methods, equipment, and personnel used.",Core,80.0,12/2005,Incumbent,13,Business and Financial Operations Occupations
1676,13-1111.00,Management Analysts,7282,"Document findings of study and prepare recommendations for implementation of new systems, procedures, or organizational changes.",Core,79.0,12/2005,Incumbent,13,Business and Financial Operations Occupations
1677,13-1111.00,Management Analysts,7283,"Prepare manuals and train workers in use of new forms, reports, procedures or equipment, according to organizational policy.",Core,80.0,12/2005,Incumbent,13,Business and Financial Operations Occupations
1678,13-1111.00,Management Analysts,7284,"Design, evaluate, recommend, and approve changes of forms and reports.",Core,80.0,12/2005,Incumbent,13,Business and Financial Operations Occupations
1679,13-1111.00,Management Analysts,7285,"Plan study of work problems and procedures, such as organizational change, communications, information flow, integrated production methods, inventory control, or cost analysis.",Core,78.0,12/2005,Incumbent,13,Business and Financial Operations Occupations
1680,13-1111.00,Management Analysts,7286,Recommend purchase of storage equipment and design area layout to locate equipment in space available.,Supplemental,80.0,12/2005,Incumbent,13,Business and Financial Operations Occupations
1681,13-1121.00,"Meeting, Convention, and Event Planners",1210,"Monitor event activities to ensure compliance with applicable regulations and laws, satisfaction of participants, and resolution of any problems that arise.",Core,72.0,06/2008,Incumbent,13,Business and Financial Operations Occupations
1682,13-1121.00,"Meeting, Convention, and Event Planners",1211,Confer with staff at a chosen event site to coordinate details.,Core,72.0,06/2008,Incumbent,13,Business and Financial Operations Occupations
1683,13-1121.00,"Meeting, Convention, and Event Planners",1216,Inspect event facilities to ensure that they conform to customer requirements.,Core,71.0,06/2008,Incumbent,13,Business and Financial Operations Occupations
1684,13-1121.00,"Meeting, Convention, and Event Planners",1214,"Coordinate services for events, such as accommodation and transportation for participants, facilities, catering, signage, displays, special needs requirements, printing and event security.",Core,71.0,06/2008,Incumbent,13,Business and Financial Operations Occupations
1685,13-1121.00,"Meeting, Convention, and Event Planners",1209,"Consult with customers to determine objectives and requirements for events such as meetings, conferences, and conventions.",Core,71.0,06/2008,Incumbent,13,Business and Financial Operations Occupations
1686,13-1121.00,"Meeting, Convention, and Event Planners",1220,"Meet with sponsors and organizing committees to plan scope and format of events, to establish and monitor budgets, or to review administrative procedures and event progress.",Core,71.0,06/2008,Incumbent,13,Business and Financial Operations Occupations
1687,13-1121.00,"Meeting, Convention, and Event Planners",1212,"Review event bills for accuracy, and approve payment.",Core,71.0,06/2008,Incumbent,13,Business and Financial Operations Occupations
1688,13-1121.00,"Meeting, Convention, and Event Planners",1222,Evaluate and select providers of services according to customer requirements.,Core,72.0,06/2008,Incumbent,13,Business and Financial Operations Occupations
1689,13-1121.00,"Meeting, Convention, and Event Planners",1215,"Arrange the availability of audio-visual equipment, transportation, displays, and other event needs.",Core,71.0,06/2008,Incumbent,13,Business and Financial Operations Occupations
1690,13-1121.00,"Meeting, Convention, and Event Planners",1213,"Plan and develop programs, agendas, budgets, and services according to customer requirements.",Core,72.0,06/2008,Incumbent,13,Business and Financial Operations Occupations
1691,13-1121.00,"Meeting, Convention, and Event Planners",1219,"Negotiate contracts with such service providers and suppliers as hotels, convention centers, and speakers.",Core,71.0,06/2008,Incumbent,13,Business and Financial Operations Occupations
1692,13-1121.00,"Meeting, Convention, and Event Planners",1217,"Maintain records of event aspects, including financial details.",Core,72.0,06/2008,Incumbent,13,Business and Financial Operations Occupations
1693,13-1121.00,"Meeting, Convention, and Event Planners",1218,Conduct post-event evaluations to determine how future events could be improved.,Core,71.0,06/2008,Incumbent,13,Business and Financial Operations Occupations
1694,13-1121.00,"Meeting, Convention, and Event Planners",1224,Organize registration of event participants.,Supplemental,70.0,06/2008,Incumbent,13,Business and Financial Operations Occupations
1695,13-1121.00,"Meeting, Convention, and Event Planners",1226,"Hire, train, and supervise volunteers and support staff required for events.",Supplemental,70.0,06/2008,Incumbent,13,Business and Financial Operations Occupations
1696,13-1121.00,"Meeting, Convention, and Event Planners",1223,"Read trade publications, attend seminars, and consult with other meeting professionals to keep abreast of meeting management standards and trends.",Supplemental,72.0,06/2008,Incumbent,13,Business and Financial Operations Occupations
1697,13-1121.00,"Meeting, Convention, and Event Planners",1221,"Direct administrative details such as financial operations, dissemination of promotional materials, and responses to inquiries.",Supplemental,72.0,06/2008,Incumbent,13,Business and Financial Operations Occupations
1698,13-1121.00,"Meeting, Convention, and Event Planners",1228,"Promote conference, convention and trades show services by performing tasks such as meeting with professional and trade associations, and producing brochures and other publications.",Supplemental,71.0,06/2008,Incumbent,13,Business and Financial Operations Occupations
1699,13-1121.00,"Meeting, Convention, and Event Planners",1229,Develop event topics and choose featured speakers.,Supplemental,71.0,06/2008,Incumbent,13,Business and Financial Operations Occupations
1700,13-1121.00,"Meeting, Convention, and Event Planners",1227,Obtain permits from fire and health departments to erect displays and exhibits and serve food at events.,Supplemental,71.0,06/2008,Incumbent,13,Business and Financial Operations Occupations
1701,13-1121.00,"Meeting, Convention, and Event Planners",1225,Design and implement efforts to publicize events and promote sponsorships.,Supplemental,71.0,06/2008,Incumbent,13,Business and Financial Operations Occupations
1702,13-1131.00,Fundraisers,18917,Identify and build relationships with potential donors.,Core,32.0,07/2014,Occupational Expert,13,Business and Financial Operations Occupations
1703,13-1131.00,Fundraisers,18931,Write and send letters of thanks to donors.,Core,32.0,07/2014,Occupational Expert,13,Business and Financial Operations Occupations
1704,13-1131.00,Fundraisers,18922,Secure commitments of participation or donation from individuals or corporate donors.,Core,32.0,07/2014,Occupational Expert,13,Business and Financial Operations Occupations
1705,13-1131.00,Fundraisers,18910,Develop fundraising activity plans that maximize participation or contributions and minimize costs.,Core,32.0,07/2014,Occupational Expert,13,Business and Financial Operations Occupations
1706,13-1131.00,Fundraisers,18912,Develop strategies to encourage new or increased contributions.,Core,32.0,07/2014,Occupational Expert,13,Business and Financial Operations Occupations
1707,13-1131.00,Fundraisers,18907,Create or update donor databases.,Core,32.0,07/2014,Occupational Expert,13,Business and Financial Operations Occupations
1708,13-1131.00,Fundraisers,18914,"Direct or supervise fundraising staff, including volunteer staff members.",Core,32.0,07/2014,Occupational Expert,13,Business and Financial Operations Occupations
1709,13-1131.00,Fundraisers,18911,"Develop or implement fundraising activities, such as annual giving campaigns or direct mail programs.",Core,32.0,07/2014,Occupational Expert,13,Business and Financial Operations Occupations
1710,13-1131.00,Fundraisers,18923,"Solicit cash or in-kind donations or sponsorships from individual, business, or government donors.",Core,32.0,07/2014,Occupational Expert,13,Business and Financial Operations Occupations
1711,13-1131.00,Fundraisers,18919,Monitor progress of fundraising drives.,Core,32.0,07/2014,Occupational Expert,13,Business and Financial Operations Occupations
1712,13-1131.00,Fundraisers,18926,"Conduct research to identify the goals, net worth, history of charitable donations, or other data related to potential donors, potential investors, or general donor markets.",Core,32.0,07/2014,Occupational Expert,13,Business and Financial Operations Occupations
1713,13-1131.00,Fundraisers,18925,Compile or develop materials to submit to granting or other funding organizations.,Core,32.0,07/2014,Occupational Expert,13,Business and Financial Operations Occupations
1714,13-1131.00,Fundraisers,18915,Establish fundraising or participation goals for special events or specified time periods.,Core,32.0,07/2014,Occupational Expert,13,Business and Financial Operations Occupations
1715,13-1131.00,Fundraisers,18918,"Monitor budgets, expense reports, or other financial data for fundraising organizations.",Core,32.0,07/2014,Occupational Expert,13,Business and Financial Operations Occupations
1716,13-1131.00,Fundraisers,18906,"Contact corporate representatives, government officials, or community leaders to increase awareness of organizational causes, activities, or needs.",Core,32.0,07/2014,Occupational Expert,13,Business and Financial Operations Occupations
1717,13-1131.00,Fundraisers,18921,"Recruit sponsors, participants, or volunteers for fundraising events.",Core,32.0,07/2014,Occupational Expert,13,Business and Financial Operations Occupations
1718,13-1131.00,Fundraisers,18932,Write reports or prepare presentations to communicate fundraising program data.,Core,32.0,07/2014,Occupational Expert,13,Business and Financial Operations Occupations
1719,13-1131.00,Fundraisers,18908,"Design or produce materials such as posters, Web sites, or newsletters to promote, market, or advertise fundraising events.",Core,32.0,07/2014,Occupational Expert,13,Business and Financial Operations Occupations
1720,13-1131.00,Fundraisers,18924,"Write speeches, press releases, or other promotional materials to increase awareness of the causes, missions, or goals of organizations seeking funds.",Core,32.0,07/2014,Occupational Expert,13,Business and Financial Operations Occupations
1721,13-1131.00,Fundraisers,18916,Explain the tax advantages of contributions to potential donors.,Core,32.0,07/2014,Occupational Expert,13,Business and Financial Operations Occupations
1722,13-1131.00,Fundraisers,18920,"Plan and direct special events for fundraising, such as silent auctions, dances, golf events, or walks.",Core,32.0,07/2014,Occupational Expert,13,Business and Financial Operations Occupations
1723,13-1131.00,Fundraisers,18905,"Attend community events, meetings, or conferences to promote organizational goals or solicit donations or sponsorships.",Core,32.0,07/2014,Occupational Expert,13,Business and Financial Operations Occupations
1724,13-1131.00,Fundraisers,18913,"Direct or coordinate web-based fundraising activities, such as online auctions or donation Web sites.",Core,32.0,07/2014,Occupational Expert,13,Business and Financial Operations Occupations
1725,13-1131.00,Fundraisers,18909,"Develop corporate fundraising programs, such as employer gift-matching.",Supplemental,32.0,07/2014,Occupational Expert,13,Business and Financial Operations Occupations
1726,13-1131.00,Fundraisers,18930,"Secure speakers for charitable events, community meetings, or conferences to increase awareness of charitable, nonprofit, or political causes.",Supplemental,32.0,07/2014,Occupational Expert,13,Business and Financial Operations Occupations
1727,13-1131.00,Fundraisers,18929,"Prepare materials for charitable events, such as fundraising envelopes, bid sheets, or gift bags.",Supplemental,32.0,07/2014,Occupational Expert,13,Business and Financial Operations Occupations
1728,13-1131.00,Fundraisers,18928,Develop and maintain media contact lists.,Supplemental,32.0,07/2014,Occupational Expert,13,Business and Financial Operations Occupations
1729,13-1131.00,Fundraisers,18927,"Coordinate transportation or delivery of materials, supplies, or donations for fundraising events.",Supplemental,32.0,07/2014,Occupational Expert,13,Business and Financial Operations Occupations
1730,13-1141.00,"Compensation, Benefits, and Job Analysis Specialists",3352,"Ensure company compliance with federal and state laws, including reporting requirements.",Core,20.0,06/2009,Occupational Expert,13,Business and Financial Operations Occupations
1731,13-1141.00,"Compensation, Benefits, and Job Analysis Specialists",3351,"Evaluate job positions, determining classification, exempt or non-exempt status, and salary.",Core,20.0,06/2009,Occupational Expert,13,Business and Financial Operations Occupations
1732,13-1141.00,"Compensation, Benefits, and Job Analysis Specialists",3354,"Plan, develop, evaluate, improve, and communicate methods and techniques for selecting, promoting, compensating, evaluating, and training workers.",Core,20.0,06/2009,Occupational Expert,13,Business and Financial Operations Occupations
1733,13-1141.00,"Compensation, Benefits, and Job Analysis Specialists",3356,"Prepare occupational classifications, job descriptions and salary scales.",Core,20.0,06/2009,Occupational Expert,13,Business and Financial Operations Occupations
1734,13-1141.00,"Compensation, Benefits, and Job Analysis Specialists",3355,Provide advice on the resolution of classification and salary complaints.,Core,20.0,06/2009,Occupational Expert,13,Business and Financial Operations Occupations
1735,13-1141.00,"Compensation, Benefits, and Job Analysis Specialists",3353,"Advise managers and employees on state and federal employment regulations, collective agreements, benefit and compensation policies, personnel procedures and classification programs.",Core,20.0,06/2009,Occupational Expert,13,Business and Financial Operations Occupations
1736,13-1141.00,"Compensation, Benefits, and Job Analysis Specialists",3358,"Prepare reports, such as organization and flow charts, and career path reports, to summarize job analysis and evaluation and compensation analysis information.",Core,20.0,06/2009,Occupational Expert,13,Business and Financial Operations Occupations
1737,13-1141.00,"Compensation, Benefits, and Job Analysis Specialists",3362,Perform multifactor data and cost analyses that may be used in areas such as support of collective bargaining agreements.,Core,20.0,06/2009,Occupational Expert,13,Business and Financial Operations Occupations
1738,13-1141.00,"Compensation, Benefits, and Job Analysis Specialists",3366,Assess need for and develop job analysis instruments and materials.,Core,20.0,06/2009,Occupational Expert,13,Business and Financial Operations Occupations
1739,13-1141.00,"Compensation, Benefits, and Job Analysis Specialists",3370,"Observe, interview, and survey employees and conduct focus group meetings to collect job, organizational, and occupational information.",Core,20.0,06/2009,Occupational Expert,13,Business and Financial Operations Occupations
1740,13-1141.00,"Compensation, Benefits, and Job Analysis Specialists",3357,Assist in preparing and maintaining personnel records and handbooks.,Core,20.0,06/2009,Occupational Expert,13,Business and Financial Operations Occupations
1741,13-1141.00,"Compensation, Benefits, and Job Analysis Specialists",3368,"Research job and worker requirements, structural and functional relationships among jobs and occupations, and occupational trends.",Core,20.0,06/2009,Occupational Expert,13,Business and Financial Operations Occupations
1742,13-1141.00,"Compensation, Benefits, and Job Analysis Specialists",3359,"Administer employee insurance, pension and savings plans, working with insurance brokers and plan carriers.",Supplemental,20.0,06/2009,Occupational Expert,13,Business and Financial Operations Occupations
1743,13-1141.00,"Compensation, Benefits, and Job Analysis Specialists",3360,"Negotiate collective agreements on behalf of employers or workers, and mediate labor disputes and grievances.",Supplemental,20.0,06/2009,Occupational Expert,13,Business and Financial Operations Occupations
1744,13-1141.00,"Compensation, Benefits, and Job Analysis Specialists",3363,Research employee benefit and health and safety practices and recommend changes or modifications to existing policies.,Supplemental,19.0,06/2009,Occupational Expert,13,Business and Financial Operations Occupations
1745,13-1141.00,"Compensation, Benefits, and Job Analysis Specialists",3364,"Analyze organizational, occupational, and industrial data to facilitate organizational functions and provide technical information to business, industry, and government.",Supplemental,19.0,06/2009,Occupational Expert,13,Business and Financial Operations Occupations
1746,13-1141.00,"Compensation, Benefits, and Job Analysis Specialists",3365,Advise staff of individuals' qualifications.,Supplemental,20.0,06/2009,Occupational Expert,13,Business and Financial Operations Occupations
1747,13-1141.00,"Compensation, Benefits, and Job Analysis Specialists",3361,"Develop, implement, administer and evaluate personnel and labor relations programs, including performance appraisal, affirmative action and employment equity programs.",Supplemental,20.0,06/2009,Occupational Expert,13,Business and Financial Operations Occupations
1748,13-1141.00,"Compensation, Benefits, and Job Analysis Specialists",3369,Plan and develop curricula and materials for training programs and conduct training.,Supplemental,20.0,06/2009,Occupational Expert,13,Business and Financial Operations Occupations
1749,13-1141.00,"Compensation, Benefits, and Job Analysis Specialists",3371,"Consult with or serve as a technical liaison between business, industry, government, and union officials.",Supplemental,20.0,06/2009,Occupational Expert,13,Business and Financial Operations Occupations
1750,13-1141.00,"Compensation, Benefits, and Job Analysis Specialists",3373,Work with the Department of Labor and promote its use with employers.,Supplemental,20.0,06/2009,Occupational Expert,13,Business and Financial Operations Occupations
1751,13-1141.00,"Compensation, Benefits, and Job Analysis Specialists",3372,"Prepare research results for publication in form of journals, books, manuals, and film.",Supplemental,20.0,06/2009,Occupational Expert,13,Business and Financial Operations Occupations
1752,13-1141.00,"Compensation, Benefits, and Job Analysis Specialists",3367,"Review occupational data on Alien Employment Certification Applications to determine the appropriate occupational title and code, and provide local offices with information about immigration and occupations.",Supplemental,20.0,06/2009,Occupational Expert,13,Business and Financial Operations Occupations
1753,13-1141.00,"Compensation, Benefits, and Job Analysis Specialists",3374,Speak at conferences and events to promote apprenticeships and related training programs.,Supplemental,20.0,06/2009,Occupational Expert,13,Business and Financial Operations Occupations
1754,13-1151.00,Training and Development Specialists,103,"Assess training needs through surveys, interviews with employees, focus groups, or consultation with managers, instructors, or customer representatives.",Core,36.0,07/2014,Occupational Expert,13,Business and Financial Operations Occupations
1755,13-1151.00,Training and Development Specialists,20474,"Design, plan, organize, or direct orientation and training programs for employees or customers.",Core,36.0,07/2014,Occupational Expert,13,Business and Financial Operations Occupations
1756,13-1151.00,Training and Development Specialists,97,Offer specific training programs to help workers maintain or improve job skills.,Core,36.0,07/2014,Occupational Expert,13,Business and Financial Operations Occupations
1757,13-1151.00,Training and Development Specialists,94,"Present information using a variety of instructional techniques or formats, such as role playing, simulations, team exercises, group discussions, videos, or lectures.",Core,36.0,07/2014,Occupational Expert,13,Business and Financial Operations Occupations
1758,13-1151.00,Training and Development Specialists,20475,"Obtain, organize, or develop training procedure manuals, guides, or course materials, such as handouts or visual materials.",Core,36.0,07/2014,Occupational Expert,13,Business and Financial Operations Occupations
1759,13-1151.00,Training and Development Specialists,98,"Monitor, evaluate, or record training activities or program effectiveness.",Core,36.0,07/2014,Occupational Expert,13,Business and Financial Operations Occupations
1760,13-1151.00,Training and Development Specialists,102,Develop alternative training methods if expected improvements are not seen.,Core,36.0,07/2014,Occupational Expert,13,Business and Financial Operations Occupations
1761,13-1151.00,Training and Development Specialists,101,"Evaluate training materials prepared by instructors, such as outlines, text, or handouts.",Core,36.0,07/2014,Occupational Expert,13,Business and Financial Operations Occupations
1762,13-1151.00,Training and Development Specialists,19559,"Evaluate modes of training delivery, such as in-person or virtual to optimize training effectiveness, training costs, or environmental impacts.",Core,36.0,07/2014,Occupational Expert,13,Business and Financial Operations Occupations
1763,13-1151.00,Training and Development Specialists,93,"Keep up with developments in area of expertise by reading current journals, books, or magazine articles.",Core,36.0,07/2014,Occupational Expert,13,Business and Financial Operations Occupations
1764,13-1151.00,Training and Development Specialists,108,"Negotiate contracts with clients including desired training outcomes, fees, or expenses.",Core,36.0,07/2014,Occupational Expert,13,Business and Financial Operations Occupations
1765,13-1151.00,Training and Development Specialists,99,Attend meetings or seminars to obtain information for use in training programs or to inform management of training program status.,Core,36.0,07/2014,Occupational Expert,13,Business and Financial Operations Occupations
1766,13-1151.00,Training and Development Specialists,20476,Monitor training costs and prepare budget reports to justify expenditures.,Core,36.0,07/2014,Occupational Expert,13,Business and Financial Operations Occupations
1767,13-1151.00,Training and Development Specialists,105,Select and assign instructors to conduct training.,Core,36.0,07/2014,Occupational Expert,13,Business and Financial Operations Occupations
1768,13-1151.00,Training and Development Specialists,95,"Schedule classes based on availability of classrooms, equipment, or instructors.",Core,36.0,07/2014,Occupational Expert,13,Business and Financial Operations Occupations
1769,13-1151.00,Training and Development Specialists,20477,"Supervise, evaluate, or refer instructors to skill development classes.",Core,36.0,07/2014,Occupational Expert,13,Business and Financial Operations Occupations
1770,13-1151.00,Training and Development Specialists,106,Devise programs to develop executive potential among employees in lower-level positions.,Core,36.0,07/2014,Occupational Expert,13,Business and Financial Operations Occupations
1771,13-1151.00,Training and Development Specialists,100,Coordinate recruitment and placement of training program participants.,Supplemental,36.0,07/2014,Occupational Expert,13,Business and Financial Operations Occupations
1772,13-1151.00,Training and Development Specialists,19558,"Develop or implement training programs related to efficiency, recycling, or other issues with environmental impacts.",Supplemental,36.0,07/2014,Occupational Expert,13,Business and Financial Operations Occupations
1773,13-1151.00,Training and Development Specialists,111,"Refer trainees to employer relations representatives, to locations offering job placement assistance, or to appropriate social services agencies if warranted.",Supplemental,36.0,07/2014,Occupational Expert,13,Business and Financial Operations Occupations
1774,13-1161.00,Market Research Analysts and Marketing Specialists,5434,"Prepare reports of findings, illustrating data graphically and translating complex findings into written text.",Core,24.0,06/2009,Occupational Expert,13,Business and Financial Operations Occupations
1775,13-1161.00,Market Research Analysts and Marketing Specialists,5437,Seek and provide information to help companies determine their position in the marketplace.,Core,24.0,06/2009,Occupational Expert,13,Business and Financial Operations Occupations
1776,13-1161.00,Market Research Analysts and Marketing Specialists,5441,"Gather data on competitors and analyze their prices, sales, and method of marketing and distribution.",Core,24.0,06/2009,Occupational Expert,13,Business and Financial Operations Occupations
1777,13-1161.00,Market Research Analysts and Marketing Specialists,5433,"Collect and analyze data on customer demographics, preferences, needs, and buying habits to identify potential markets and factors affecting product demand.",Core,24.0,06/2009,Occupational Expert,13,Business and Financial Operations Occupations
1778,13-1161.00,Market Research Analysts and Marketing Specialists,5443,"Devise and evaluate methods and procedures for collecting data, such as surveys, opinion polls, or questionnaires, or arrange to obtain existing data.",Core,24.0,06/2009,Occupational Expert,13,Business and Financial Operations Occupations
1779,13-1161.00,Market Research Analysts and Marketing Specialists,5442,Monitor industry statistics and follow trends in trade literature.,Core,24.0,06/2009,Occupational Expert,13,Business and Financial Operations Occupations
1780,13-1161.00,Market Research Analysts and Marketing Specialists,5435,Measure and assess customer and employee satisfaction.,Core,24.0,06/2009,Occupational Expert,13,Business and Financial Operations Occupations
1781,13-1161.00,Market Research Analysts and Marketing Specialists,5438,"Measure the effectiveness of marketing, advertising, and communications programs and strategies.",Core,24.0,06/2009,Occupational Expert,13,Business and Financial Operations Occupations
1782,13-1161.00,Market Research Analysts and Marketing Specialists,5436,"Forecast and track marketing and sales trends, analyzing collected data.",Core,24.0,06/2009,Occupational Expert,13,Business and Financial Operations Occupations
1783,13-1161.00,Market Research Analysts and Marketing Specialists,5440,"Attend staff conferences to provide management with information and proposals concerning the promotion, distribution, design, and pricing of company products or services.",Core,24.0,06/2009,Occupational Expert,13,Business and Financial Operations Occupations
1784,13-1161.00,Market Research Analysts and Marketing Specialists,5439,"Conduct research on consumer opinions and marketing strategies, collaborating with marketing professionals, statisticians, pollsters, and other professionals.",Core,24.0,06/2009,Occupational Expert,13,Business and Financial Operations Occupations
1785,13-1161.00,Market Research Analysts and Marketing Specialists,5444,Develop and implement procedures for identifying advertising needs.,Core,24.0,06/2009,Occupational Expert,13,Business and Financial Operations Occupations
1786,13-1161.00,Market Research Analysts and Marketing Specialists,5445,Direct trained survey interviewers.,Core,24.0,06/2009,Occupational Expert,13,Business and Financial Operations Occupations
1787,13-1199.01,Energy Auditors,18082,Identify and prioritize energy saving measures.,Core,25.0,06/2009,Occupational Expert,13,Business and Financial Operations Occupations
1788,13-1199.01,Energy Auditors,18074,Prepare audit reports containing energy analysis results or recommendations for energy cost savings.,Core,25.0,06/2009,Occupational Expert,13,Business and Financial Operations Occupations
1789,13-1199.01,Energy Auditors,18078,Collect and analyze field data related to energy usage.,Core,25.0,06/2009,Occupational Expert,13,Business and Financial Operations Occupations
1790,13-1199.01,Energy Auditors,18073,"Inspect or evaluate building envelopes, mechanical systems, electrical systems, or process systems to determine the energy consumption of each system.",Core,25.0,06/2009,Occupational Expert,13,Business and Financial Operations Occupations
1791,13-1199.01,Energy Auditors,18072,Perform tests such as blower-door tests to locate air leaks.,Core,25.0,06/2009,Occupational Expert,13,Business and Financial Operations Occupations
1792,13-1199.01,Energy Auditors,18081,Educate customers on energy efficiency or answer questions on topics such as the costs of running household appliances or the selection of energy efficient appliances.,Core,25.0,06/2009,Occupational Expert,13,Business and Financial Operations Occupations
1793,13-1199.01,Energy Auditors,18077,Calculate potential for energy savings.,Core,25.0,06/2009,Occupational Expert,13,Business and Financial Operations Occupations
1794,13-1199.01,Energy Auditors,18086,"Prepare job specification sheets for home energy improvements, such as attic insulation, window retrofits, or heating system upgrades.",Core,25.0,06/2009,Occupational Expert,13,Business and Financial Operations Occupations
1795,13-1199.01,Energy Auditors,18087,Recommend energy efficient technologies or alternate energy sources.,Core,25.0,06/2009,Occupational Expert,13,Business and Financial Operations Occupations
1796,13-1199.01,Energy Auditors,18084,Quantify energy consumption to establish baselines for energy use or need.,Core,25.0,06/2009,Occupational Expert,13,Business and Financial Operations Occupations
1797,13-1199.01,Energy Auditors,18083,"Identify opportunities to improve the operation, maintenance, or energy efficiency of building or process systems.",Core,25.0,06/2009,Occupational Expert,13,Business and Financial Operations Occupations
1798,13-1199.01,Energy Auditors,18076,"Analyze technical feasibility of energy saving measures using knowledge of engineering, energy production, energy use, construction, maintenance, system operation, or process systems.",Core,25.0,06/2009,Occupational Expert,13,Business and Financial Operations Occupations
1799,13-1199.01,Energy Auditors,18075,Analyze energy bills including utility rates or tariffs to gather historical energy usage data.,Core,25.0,06/2009,Occupational Expert,13,Business and Financial Operations Occupations
1800,13-1199.01,Energy Auditors,18071,"Measure energy usage with devices such as data loggers, universal data recorders, light meters, sling psychrometers, psychrometric charts, flue gas analyzers, amp probes, watt meters, volt meters, thermometers, or utility meters.",Core,24.0,06/2009,Occupational Expert,13,Business and Financial Operations Occupations
1801,13-1199.01,Energy Auditors,18080,"Determine patterns of building use to show annual or monthly needs for heating, cooling, lighting, or other energy needs.",Core,25.0,06/2009,Occupational Expert,13,Business and Financial Operations Occupations
1802,13-1199.01,Energy Auditors,18079,Compare existing energy consumption levels to normative data.,Core,25.0,06/2009,Occupational Expert,13,Business and Financial Operations Occupations
1803,13-1199.01,Energy Auditors,18085,"Oversee installation of equipment such as water heater wraps, pipe insulation, weatherstripping, door sweeps, or low flow showerheads to improve energy efficiency.",Core,25.0,06/2009,Occupational Expert,13,Business and Financial Operations Occupations
1804,13-1199.01,Energy Auditors,19560,Examine commercial sites to determine the feasibility of installing equipment that allows building management systems to reduce electricity consumption during peak demand periods.,,,07/2011,Analyst,13,Business and Financial Operations Occupations
1805,13-1199.01,Energy Auditors,19561,Identify any health or safety issues related to planned weatherization projects.,,,07/2011,Analyst,13,Business and Financial Operations Occupations
1806,13-1199.01,Energy Auditors,19562,Inspect newly installed energy-efficient equipment to ensure that it was installed properly and is performing according to specifications.,,,07/2011,Analyst,13,Business and Financial Operations Occupations
1807,13-1199.01,Energy Auditors,19563,Verify income eligibility of participants in publicly financed weatherization programs.,,,07/2011,Analyst,13,Business and Financial Operations Occupations
1808,13-1199.02,Security Management Specialists,15918,"Engineer, install, maintain, or repair security systems, programmable logic controls, or other security-related electronic systems.",Core,26.0,07/2013,Occupational Expert,13,Business and Financial Operations Occupations
1809,13-1199.02,Security Management Specialists,15919,Recommend improvements in security systems or procedures.,Core,26.0,07/2013,Occupational Expert,13,Business and Financial Operations Occupations
1810,13-1199.02,Security Management Specialists,20355,Perform risk analyses so that appropriate countermeasures can be developed.,Core,26.0,07/2013,Occupational Expert,13,Business and Financial Operations Occupations
1811,13-1199.02,Security Management Specialists,20356,"Conduct security audits to identify potential vulnerabilities related to physical security, staff safety, or asset protection.",Core,26.0,07/2013,Occupational Expert,13,Business and Financial Operations Occupations
1812,13-1199.02,Security Management Specialists,20357,Provide system design and integration recommendations.,Core,26.0,07/2013,Occupational Expert,13,Business and Financial Operations Occupations
1813,13-1199.02,Security Management Specialists,15921,"Design security policies, programs, or practices to ensure adequate security relating to issues such as protection of assets, alarm response, and access card use.",Core,26.0,07/2013,Occupational Expert,13,Business and Financial Operations Occupations
1814,13-1199.02,Security Management Specialists,20358,Assess the nature and level of threats so that the scope of the problem can be determined.,Core,26.0,07/2013,Occupational Expert,13,Business and Financial Operations Occupations
1815,13-1199.02,Security Management Specialists,20359,"Design or implement or establish requirements for security systems, video surveillance, motion detection, or closed-circuit television systems to ensure proper installation and operation.",Core,26.0,07/2013,Occupational Expert,13,Business and Financial Operations Occupations
1816,13-1199.02,Security Management Specialists,15912,Respond to emergency situations on an on-call basis.,Core,26.0,07/2013,Occupational Expert,13,Business and Financial Operations Occupations
1817,13-1199.02,Security Management Specialists,20360,Determine the value loss impact and criticality of assets.,Core,26.0,07/2013,Occupational Expert,13,Business and Financial Operations Occupations
1818,13-1199.02,Security Management Specialists,15914,"Prepare, maintain, or update security procedures, security system drawings, or related documentation.",Core,26.0,07/2013,Occupational Expert,13,Business and Financial Operations Occupations
1819,13-1199.02,Security Management Specialists,15920,Develop or review specifications for design or construction of security systems.,Core,26.0,07/2013,Occupational Expert,13,Business and Financial Operations Occupations
1820,13-1199.02,Security Management Specialists,20361,Outline system security criteria for pre-bid meetings with clients and companies to ensure comprehensiveness and appropriateness for implementation.,Core,26.0,07/2013,Occupational Expert,13,Business and Financial Operations Occupations
1821,13-1199.02,Security Management Specialists,15911,Develop conceptual designs of security systems.,Core,26.0,07/2013,Occupational Expert,13,Business and Financial Operations Occupations
1822,13-1199.02,Security Management Specialists,15915,"Monitor the work of contractors in the design, construction, and startup phases of security systems.",Core,26.0,07/2013,Occupational Expert,13,Business and Financial Operations Occupations
1823,13-1199.02,Security Management Specialists,15913,Train personnel in security procedures or use of security equipment.,Core,26.0,07/2013,Occupational Expert,13,Business and Financial Operations Occupations
1824,13-1199.02,Security Management Specialists,15907,"Review design drawings or technical documents for completeness, correctness, or appropriateness.",Core,26.0,07/2013,Occupational Expert,13,Business and Financial Operations Occupations
1825,13-1199.02,Security Management Specialists,15916,"Inspect security design features, installations, or programs to ensure compliance with applicable standards or regulations.",Core,26.0,07/2013,Occupational Expert,13,Business and Financial Operations Occupations
1826,13-1199.02,Security Management Specialists,20362,Test security measures for final acceptance and implement or provide procedures for ongoing monitoring and evaluation of the measures.,Core,26.0,07/2013,Occupational Expert,13,Business and Financial Operations Occupations
1827,13-1199.02,Security Management Specialists,15910,Budget and schedule security design work.,Core,26.0,07/2013,Occupational Expert,13,Business and Financial Operations Occupations
1828,13-1199.02,Security Management Specialists,15917,"Inspect fire, intruder detection, or other security systems.",Core,26.0,07/2013,Occupational Expert,13,Business and Financial Operations Occupations
1829,13-1199.02,Security Management Specialists,15906,Prepare documentation for case reports or court proceedings.,Core,26.0,07/2013,Occupational Expert,13,Business and Financial Operations Occupations
1830,13-1199.02,Security Management Specialists,15909,"Interview witnesses or suspects to identify persons responsible for security breaches, establish losses, pursue prosecutions, or obtain restitution.",Supplemental,26.0,07/2013,Occupational Expert,13,Business and Financial Operations Occupations
1831,13-1199.02,Security Management Specialists,15908,Monitor tapes or digital recordings to identify the source of losses.,Supplemental,26.0,07/2013,Occupational Expert,13,Business and Financial Operations Occupations
1832,13-1199.03,Customs Brokers,15941,Classify goods according to tariff coding system.,Core,28.0,07/2011,Occupational Expert,13,Business and Financial Operations Occupations
1833,13-1199.03,Customs Brokers,15945,"Prepare and process import and export documentation according to customs regulations, laws, or procedures.",Core,28.0,07/2011,Occupational Expert,13,Business and Financial Operations Occupations
1834,13-1199.03,Customs Brokers,15936,"Pay, or arrange for payment of, taxes and duties on shipments.",Core,28.0,07/2011,Occupational Expert,13,Business and Financial Operations Occupations
1835,13-1199.03,Customs Brokers,15924,"Sign documents on behalf of clients, using powers of attorney.",Core,28.0,07/2011,Occupational Expert,13,Business and Financial Operations Occupations
1836,13-1199.03,Customs Brokers,15946,Clear goods through customs and to their destinations for clients.,Core,28.0,07/2011,Occupational Expert,13,Business and Financial Operations Occupations
1837,13-1199.03,Customs Brokers,15942,Calculate duty and tariff payments owed on shipments.,Core,28.0,07/2011,Occupational Expert,13,Business and Financial Operations Occupations
1838,13-1199.03,Customs Brokers,15933,"Stay abreast of changes in import or export laws or regulations by reading current literature, attending meetings or conferences, or conferring with colleagues.",Core,28.0,07/2011,Occupational Expert,13,Business and Financial Operations Occupations
1839,13-1199.03,Customs Brokers,15932,"Request or compile necessary import documentation, such as customs invoices, certificates of origin, and cargo-control documents.",Core,28.0,07/2011,Occupational Expert,13,Business and Financial Operations Occupations
1840,13-1199.03,Customs Brokers,15944,"Advise customers on import and export restrictions, tariff systems, insurance requirements, quotas, or other customs-related matters.",Core,28.0,07/2011,Occupational Expert,13,Business and Financial Operations Occupations
1841,13-1199.03,Customs Brokers,15937,Monitor or trace the location of goods.,Core,28.0,07/2011,Occupational Expert,13,Business and Financial Operations Occupations
1842,13-1199.03,Customs Brokers,15940,Confer with officials in various agencies to facilitate clearance of goods through customs and quarantine.,Core,28.0,07/2011,Occupational Expert,13,Business and Financial Operations Occupations
1843,13-1199.03,Customs Brokers,15926,Post bonds for the products being imported or assist clients in obtaining bonds.,Core,28.0,07/2011,Occupational Expert,13,Business and Financial Operations Occupations
1844,13-1199.03,Customs Brokers,15934,"Quote duty and tax rates on goods to be imported, based on federal tariffs and excise taxes.",Core,28.0,07/2011,Occupational Expert,13,Business and Financial Operations Occupations
1845,13-1199.03,Customs Brokers,15928,"Obtain line releases for frequent shippers of low-risk commodities, high-volume entries, or multiple-container loads.",Core,28.0,07/2011,Occupational Expert,13,Business and Financial Operations Occupations
1846,13-1199.03,Customs Brokers,15930,"Arrange for transportation, warehousing, or product distribution of imported or exported products.",Core,28.0,07/2011,Occupational Expert,13,Business and Financial Operations Occupations
1847,13-1199.03,Customs Brokers,15939,Inform importers and exporters of steps to reduce duties and taxes.,Core,28.0,07/2011,Occupational Expert,13,Business and Financial Operations Occupations
1848,13-1199.03,Customs Brokers,15929,Contract with freight forwarders for destination services.,Core,28.0,07/2011,Occupational Expert,13,Business and Financial Operations Occupations
1849,13-1199.03,Customs Brokers,15938,Maintain relationships with customs brokers in other ports to expedite clearing of cargo.,Core,28.0,07/2011,Occupational Expert,13,Business and Financial Operations Occupations
1850,13-1199.03,Customs Brokers,15943,Apply for tariff concessions or for duty drawbacks and other refunds.,Core,28.0,07/2011,Occupational Expert,13,Business and Financial Operations Occupations
1851,13-1199.03,Customs Brokers,15925,"Provide advice on transportation options, types of carriers, or shipping routes.",Core,28.0,07/2011,Occupational Expert,13,Business and Financial Operations Occupations
1852,13-1199.03,Customs Brokers,15935,Prepare papers for shippers to appeal duty charges.,Core,28.0,07/2011,Occupational Expert,13,Business and Financial Operations Occupations
1853,13-1199.03,Customs Brokers,15931,Suggest best methods of packaging or labeling products.,Core,28.0,07/2011,Occupational Expert,13,Business and Financial Operations Occupations
1854,13-1199.03,Customs Brokers,15927,"Insure cargo against loss, damage, or pilferage.",Core,28.0,07/2011,Occupational Expert,13,Business and Financial Operations Occupations
1855,13-1199.04,Business Continuity Planners,15962,Develop disaster recovery plans for physical locations with critical assets such as data centers.,Core,30.0,07/2011,Occupational Expert,13,Business and Financial Operations Occupations
1856,13-1199.04,Business Continuity Planners,15956,Test documented disaster recovery strategies and plans.,Core,30.0,07/2011,Occupational Expert,13,Business and Financial Operations Occupations
1857,13-1199.04,Business Continuity Planners,15960,"Analyze impact on, and risk to, essential business functions or information systems to identify acceptable recovery time periods and resource requirements.",Core,29.0,07/2011,Occupational Expert,13,Business and Financial Operations Occupations
1858,13-1199.04,Business Continuity Planners,15965,"Develop emergency management plans for recovery decision making and communications, continuity of critical departmental processes, or temporary shut-down of non-critical departments to ensure continuity of operation and governance.",Core,30.0,07/2011,Occupational Expert,13,Business and Financial Operations Occupations
1859,13-1199.04,Business Continuity Planners,15957,"Review existing disaster recovery, crisis management, or business continuity plans.",Core,30.0,07/2011,Occupational Expert,13,Business and Financial Operations Occupations
1860,13-1199.04,Business Continuity Planners,15951,"Establish, maintain, or test call trees to ensure appropriate communication during disaster.",Core,30.0,07/2011,Occupational Expert,13,Business and Financial Operations Occupations
1861,13-1199.04,Business Continuity Planners,15949,Interpret government regulations and applicable codes to ensure compliance.,Core,30.0,07/2011,Occupational Expert,13,Business and Financial Operations Occupations
1862,13-1199.04,Business Continuity Planners,15964,Conduct or oversee contingency plan integration and operation.,Core,30.0,07/2011,Occupational Expert,13,Business and Financial Operations Occupations
1863,13-1199.04,Business Continuity Planners,15947,"Write reports to summarize testing activities, including descriptions of goals, planning, scheduling, execution, results, analysis, conclusions, and recommendations.",Core,30.0,07/2011,Occupational Expert,13,Business and Financial Operations Occupations
1864,13-1199.04,Business Continuity Planners,15961,"Identify opportunities for strategic improvement or mitigation of business interruption and other risks caused by business, regulatory, or industry-specific change initiatives.",Core,29.0,07/2011,Occupational Expert,13,Business and Financial Operations Occupations
1865,13-1199.04,Business Continuity Planners,15953,Create business continuity and disaster recovery budgets.,Core,30.0,07/2011,Occupational Expert,13,Business and Financial Operations Occupations
1866,13-1199.04,Business Continuity Planners,15954,Create or administer training and awareness presentations or materials.,Core,30.0,07/2011,Occupational Expert,13,Business and Financial Operations Occupations
1867,13-1199.04,Business Continuity Planners,15948,Maintain and update organization information technology applications and network systems blueprints.,Core,30.0,07/2011,Occupational Expert,13,Business and Financial Operations Occupations
1868,13-1199.04,Business Continuity Planners,15966,"Conduct or oversee collection of corporate intelligence to avoid fraud, financial crime, cyber-attack, terrorism, and infrastructure failure.",Core,30.0,07/2011,Occupational Expert,13,Business and Financial Operations Occupations
1869,13-1199.04,Business Continuity Planners,15958,"Recommend or implement methods to monitor, evaluate, or enable resolution of safety, operations, or compliance interruptions.",Core,30.0,07/2011,Occupational Expert,13,Business and Financial Operations Occupations
1870,13-1199.04,Business Continuity Planners,15967,"Analyze corporate intelligence data to identify trends, patterns, or warnings indicating threats to security of people, assets, information, or infrastructure.",Core,30.0,07/2011,Occupational Expert,13,Business and Financial Operations Occupations
1871,13-1199.04,Business Continuity Planners,15952,Design or implement products and services to mitigate risk or facilitate use of technology-based tools and methods.,Core,30.0,07/2011,Occupational Expert,13,Business and Financial Operations Occupations
1872,13-1199.04,Business Continuity Planners,15959,"Prepare reports summarizing operational results, financial performance, or accomplishments of specified objectives, goals, or plans.",Core,30.0,07/2011,Occupational Expert,13,Business and Financial Operations Occupations
1873,13-1199.04,Business Continuity Planners,15963,Create scenarios to re-establish operations from various types of business disruptions.,Core,29.0,07/2011,Occupational Expert,13,Business and Financial Operations Occupations
1874,13-1199.04,Business Continuity Planners,15955,"Attend professional meetings, read literature, and participate in training or other educational offerings to keep abreast of new developments and technologies related to disaster recovery and business continuity.",Core,30.0,07/2011,Occupational Expert,13,Business and Financial Operations Occupations
1875,13-1199.04,Business Continuity Planners,15950,Identify individual or transaction targets to direct intelligence collection.,Core,30.0,07/2011,Occupational Expert,13,Business and Financial Operations Occupations
1876,13-1199.05,Sustainability Specialists,15975,Create or maintain plans or other documents related to sustainability projects.,Core,28.0,07/2013,Occupational Expert,13,Business and Financial Operations Occupations
1877,13-1199.05,Sustainability Specialists,15981,"Develop sustainability project goals, objectives, initiatives, or strategies in collaboration with other sustainability professionals.",Core,28.0,07/2013,Occupational Expert,13,Business and Financial Operations Occupations
1878,13-1199.05,Sustainability Specialists,15979,"Assess or propose sustainability initiatives, considering factors such as cost effectiveness, technical feasibility, and acceptance.",Core,28.0,07/2013,Occupational Expert,13,Business and Financial Operations Occupations
1879,13-1199.05,Sustainability Specialists,15973,Provide technical or administrative support for sustainability programs or issues.,Core,28.0,07/2013,Occupational Expert,13,Business and Financial Operations Occupations
1880,13-1199.05,Sustainability Specialists,15980,"Monitor or track sustainability indicators, such as energy usage, natural resource usage, waste generation, and recycling.",Core,28.0,07/2013,Occupational Expert,13,Business and Financial Operations Occupations
1881,13-1199.05,Sustainability Specialists,15969,"Research or review regulatory, technical, or market issues related to sustainability.",Core,28.0,07/2013,Occupational Expert,13,Business and Financial Operations Occupations
1882,13-1199.05,Sustainability Specialists,15968,Review and revise sustainability proposals or policies.,Core,28.0,07/2013,Occupational Expert,13,Business and Financial Operations Occupations
1883,13-1199.05,Sustainability Specialists,15978,Collect information about waste stream management or green building practices to inform decision-makers.,Core,28.0,07/2013,Occupational Expert,13,Business and Financial Operations Occupations
1884,13-1199.05,Sustainability Specialists,15976,Develop reports or presentations to communicate the effectiveness of sustainability initiatives.,Core,28.0,07/2013,Occupational Expert,13,Business and Financial Operations Occupations
1885,13-1199.05,Sustainability Specialists,15974,Identify or procure needed resources to implement sustainability programs or projects.,Core,28.0,07/2013,Occupational Expert,13,Business and Financial Operations Occupations
1886,13-1199.05,Sustainability Specialists,15977,"Create marketing or outreach media, such as brochures or web sites, to communicate sustainability issues, procedures, or objectives.",Core,28.0,07/2013,Occupational Expert,13,Business and Financial Operations Occupations
1887,13-1199.05,Sustainability Specialists,15972,"Write grant applications, rebate applications, or project proposals to secure funding for sustainability projects.",Core,28.0,07/2013,Occupational Expert,13,Business and Financial Operations Occupations
1888,13-1199.05,Sustainability Specialists,15971,Identify or create new sustainability indicators.,Core,28.0,07/2013,Occupational Expert,13,Business and Financial Operations Occupations
1889,13-1199.05,Sustainability Specialists,15970,"Identify or investigate violations of natural resources, waste management, recycling, or other environmental policies.",Supplemental,28.0,07/2013,Occupational Expert,13,Business and Financial Operations Occupations
1890,13-1199.06,Online Merchants,15718,Fill customer orders by packaging sold items and documentation for direct shipping or by transferring orders to manufacturers or third-party distributors.,Core,75.0,07/2014,Incumbent,13,Business and Financial Operations Occupations
1891,13-1199.06,Online Merchants,15731,"Receive and process payments from customers, using electronic transaction services.",Core,74.0,07/2014,Incumbent,13,Business and Financial Operations Occupations
1892,13-1199.06,Online Merchants,15710,"Create, manage, or automate orders or invoices, using order management or invoicing software.",Core,75.0,07/2014,Incumbent,13,Business and Financial Operations Occupations
1893,13-1199.06,Online Merchants,15709,Deliver e-mail confirmation of completed transactions and shipment.,Core,75.0,07/2014,Incumbent,13,Business and Financial Operations Occupations
1894,13-1199.06,Online Merchants,15728,"Correspond with online customers via electronic mail, telephone, or other electronic messaging to address questions or complaints about products, policies, or shipping methods.",Core,74.0,07/2014,Incumbent,13,Business and Financial Operations Occupations
1895,13-1199.06,Online Merchants,15733,Purchase new or used items from online or physical sources for resale via retail or auction Web site.,Core,75.0,07/2014,Incumbent,13,Business and Financial Operations Occupations
1896,13-1199.06,Online Merchants,15707,Determine and set product prices.,Core,73.0,07/2014,Incumbent,13,Business and Financial Operations Occupations
1897,13-1199.06,Online Merchants,15730,"Calculate purchase subtotals, taxes, and shipping costs for submission to customers.",Core,75.0,07/2014,Incumbent,13,Business and Financial Operations Occupations
1898,13-1199.06,Online Merchants,15734,"Compose descriptions of merchandise for posting to online storefront, auction sites, or other shopping Web sites.",Core,73.0,07/2014,Incumbent,13,Business and Financial Operations Occupations
1899,13-1199.06,Online Merchants,15729,"Compose images of products, using video or still cameras, lighting equipment, props, or photo or video editing software.",Core,74.0,07/2014,Incumbent,13,Business and Financial Operations Occupations
1900,13-1199.06,Online Merchants,15703,"Upload digital media, such as photos, video, or scanned images to online storefront, auction sites, or other shopping Web sites.",Core,73.0,07/2014,Incumbent,13,Business and Financial Operations Occupations
1901,13-1199.06,Online Merchants,15735,"Calculate revenue, sales, and expenses, using financial accounting or spreadsheet software.",Core,74.0,07/2014,Incumbent,13,Business and Financial Operations Occupations
1902,13-1199.06,Online Merchants,15714,Cancel orders based on customer requests or inventory or delivery problems.,Core,75.0,07/2014,Incumbent,13,Business and Financial Operations Occupations
1903,13-1199.06,Online Merchants,15732,"Prepare or organize online storefront marketing material, including product descriptions or subject lines, optimizing content to search engine criteria.",Core,72.0,07/2014,Incumbent,13,Business and Financial Operations Occupations
1904,13-1199.06,Online Merchants,15704,Order or purchase merchandise to maintain optimal inventory levels.,Core,75.0,07/2014,Incumbent,13,Business and Financial Operations Occupations
1905,13-1199.06,Online Merchants,15726,Determine location for product listings to maximize exposure to online traffic.,Core,73.0,07/2014,Incumbent,13,Business and Financial Operations Occupations
1906,13-1199.06,Online Merchants,15711,Create or maintain database of customer accounts.,Core,74.0,07/2014,Incumbent,13,Business and Financial Operations Occupations
1907,13-1199.06,Online Merchants,15717,"Promote products in online communities through weblog or discussion-forum postings, e-mail marketing programs, or online advertising.",Core,75.0,07/2014,Incumbent,13,Business and Financial Operations Occupations
1908,13-1199.06,Online Merchants,15713,Collaborate with search engine shopping specialists to place marketing content in desired online locations.,Core,74.0,07/2014,Incumbent,13,Business and Financial Operations Occupations
1909,13-1199.06,Online Merchants,15721,"Investigate products or markets to determine areas for opportunity or viability for merchandising specific products, using online or offline sources.",Core,73.0,07/2014,Incumbent,13,Business and Financial Operations Occupations
1910,13-1199.06,Online Merchants,15705,"Maintain inventory of shipping supplies, such as boxes, labels, tape, bubble wrap, loose packing materials, or tape guns.",Core,75.0,07/2014,Incumbent,13,Business and Financial Operations Occupations
1911,13-1199.06,Online Merchants,15719,Measure and analyze Web site usage data to maximize search engine returns or refine customer interfaces.,Core,72.0,07/2014,Incumbent,13,Business and Financial Operations Occupations
1912,13-1199.06,Online Merchants,15725,"Develop or revise business plans for online business, emphasizing factors such as product line, pricing, inventory, or marketing strategy.",Core,73.0,07/2014,Incumbent,13,Business and Financial Operations Occupations
1913,13-1199.06,Online Merchants,15708,Disclose merchant information and terms and policies of transactions in online or offline materials.,Core,73.0,07/2014,Incumbent,13,Business and Financial Operations Occupations
1914,13-1199.06,Online Merchants,15727,"Design customer interface of online storefront, using web programming or e-commerce software.",Supplemental,73.0,07/2014,Incumbent,13,Business and Financial Operations Occupations
1915,13-1199.06,Online Merchants,15716,"Select and purchase technical web services, such as web hosting services, online merchant accounts, shopping cart software, payment gateway software, or spyware.",Supplemental,73.0,07/2014,Incumbent,13,Business and Financial Operations Occupations
1916,13-1199.06,Online Merchants,15715,"Transfer digital media, such as music, video, or software, to customers via the Internet.",Supplemental,73.0,07/2014,Incumbent,13,Business and Financial Operations Occupations
1917,13-1199.06,Online Merchants,15724,"Devise, select, or purchase domain name and web address.",Supplemental,75.0,07/2014,Incumbent,13,Business and Financial Operations Occupations
1918,13-1199.06,Online Merchants,15722,Initiate online auctions through auction hosting sites or auction management software.,Supplemental,75.0,07/2014,Incumbent,13,Business and Financial Operations Occupations
1919,13-1199.06,Online Merchants,15723,"Implement security practices to preserve assets, minimize liabilities, or ensure customer privacy, using parallel servers, hardware redundancy, fail-safe technology, information encryption, or firewalls.",Supplemental,74.0,07/2014,Incumbent,13,Business and Financial Operations Occupations
1920,13-1199.06,Online Merchants,15720,"Investigate sources, such as auctions, estate sales, liquidators, wholesalers, or trade shows for new items, used items, or collectibles.",Supplemental,73.0,07/2014,Incumbent,13,Business and Financial Operations Occupations
1921,13-1199.06,Online Merchants,15702,"Participate in online forums or conferences to stay abreast of online retailing trends, techniques, or security threats.",Supplemental,73.0,07/2014,Incumbent,13,Business and Financial Operations Occupations
1922,13-1199.06,Online Merchants,15706,Integrate online retailing strategy with physical or catalogue retailing operations.,Supplemental,74.0,07/2014,Incumbent,13,Business and Financial Operations Occupations
1923,13-1199.06,Online Merchants,15712,"Create or distribute offline promotional material, such as brochures, pamphlets, business cards, stationary, or signage.",Supplemental,73.0,07/2014,Incumbent,13,Business and Financial Operations Occupations
1924,13-2011.01,Accountants,112,"Prepare, examine, or analyze accounting records, financial statements, or other financial reports to assess accuracy, completeness, and conformance to reporting and procedural standards.",Core,190.0,06/2009,Incumbent,13,Business and Financial Operations Occupations
1925,13-2011.01,Accountants,115,Report to management regarding the finances of establishment.,Core,192.0,06/2009,Incumbent,13,Business and Financial Operations Occupations
1926,13-2011.01,Accountants,116,Establish tables of accounts and assign entries to proper accounts.,Core,192.0,06/2009,Incumbent,13,Business and Financial Operations Occupations
1927,13-2011.01,Accountants,118,"Develop, implement, modify, and document recordkeeping and accounting systems, making use of current computer technology.",Core,192.0,06/2009,Incumbent,13,Business and Financial Operations Occupations
1928,13-2011.01,Accountants,113,"Compute taxes owed and prepare tax returns, ensuring compliance with payment, reporting, or other tax requirements.",Supplemental,192.0,06/2009,Incumbent,13,Business and Financial Operations Occupations
1929,13-2011.01,Accountants,128,Maintain or examine the records of government agencies.,Supplemental,192.0,06/2009,Incumbent,13,Business and Financial Operations Occupations
1930,13-2011.01,Accountants,124,"Advise clients in areas such as compensation, employee health care benefits, the design of accounting or data processing systems, or long-range tax or estate plans.",Supplemental,192.0,06/2009,Incumbent,13,Business and Financial Operations Occupations
1931,13-2011.01,Accountants,117,"Develop, maintain, and analyze budgets, preparing periodic reports that compare budgeted costs to actual costs.",Supplemental,192.0,06/2009,Incumbent,13,Business and Financial Operations Occupations
1932,13-2011.01,Accountants,123,Provide internal and external auditing services for businesses or individuals.,Supplemental,192.0,06/2009,Incumbent,13,Business and Financial Operations Occupations
1933,13-2011.01,Accountants,114,"Analyze business operations, trends, costs, revenues, financial commitments, and obligations to project future revenues and expenses or to provide advice.",Supplemental,192.0,06/2009,Incumbent,13,Business and Financial Operations Occupations
1934,13-2011.01,Accountants,122,"Advise management about issues such as resource utilization, tax strategies, and the assumptions underlying budget forecasts.",Supplemental,192.0,06/2009,Incumbent,13,Business and Financial Operations Occupations
1935,13-2011.01,Accountants,126,Represent clients before taxing authorities and provide support during litigation involving financial issues.,Supplemental,191.0,06/2009,Incumbent,13,Business and Financial Operations Occupations
1936,13-2011.01,Accountants,119,Prepare forms and manuals for accounting and bookkeeping personnel and direct their work activities.,Supplemental,192.0,06/2009,Incumbent,13,Business and Financial Operations Occupations
1937,13-2011.01,Accountants,127,"Appraise, evaluate, and inventory real property and equipment, recording information such as the description, value, and location of property.",Supplemental,191.0,06/2009,Incumbent,13,Business and Financial Operations Occupations
1938,13-2011.01,Accountants,120,"Survey operations to ascertain accounting needs and to recommend, develop, or maintain solutions to business and financial problems.",Supplemental,189.0,06/2009,Incumbent,13,Business and Financial Operations Occupations
1939,13-2011.01,Accountants,129,Serve as bankruptcy trustees or business valuators.,Supplemental,192.0,06/2009,Incumbent,13,Business and Financial Operations Occupations
1940,13-2011.02,Auditors,1230,"Collect and analyze data to detect deficient controls, duplicated effort, extravagance, fraud, or non-compliance with laws, regulations, and management policies.",Core,24.0,06/2008,Occupational Expert,13,Business and Financial Operations Occupations
1941,13-2011.02,Auditors,1232,Prepare detailed reports on audit findings.,Core,24.0,06/2008,Occupational Expert,13,Business and Financial Operations Occupations
1942,13-2011.02,Auditors,1236,"Supervise auditing of establishments, and determine scope of investigation required.",Core,24.0,06/2008,Occupational Expert,13,Business and Financial Operations Occupations
1943,13-2011.02,Auditors,1231,"Report to management about asset utilization and audit results, and recommend changes in operations and financial activities.",Core,24.0,06/2008,Occupational Expert,13,Business and Financial Operations Occupations
1944,13-2011.02,Auditors,1234,"Inspect account books and accounting systems for efficiency, effectiveness, and use of accepted accounting procedures to record transactions.",Core,24.0,06/2008,Occupational Expert,13,Business and Financial Operations Occupations
1945,13-2011.02,Auditors,1242,Examine records and interview workers to ensure recording of transactions and compliance with laws and regulations.,Core,24.0,06/2008,Occupational Expert,13,Business and Financial Operations Occupations
1946,13-2011.02,Auditors,1235,"Examine and evaluate financial and information systems, recommending controls to ensure system reliability and data integrity.",Core,24.0,06/2008,Occupational Expert,13,Business and Financial Operations Occupations
1947,13-2011.02,Auditors,1233,"Review data about material assets, net worth, liabilities, capital stock, surplus, income, and expenditures.",Core,24.0,06/2008,Occupational Expert,13,Business and Financial Operations Occupations
1948,13-2011.02,Auditors,1238,Confer with company officials about financial and regulatory matters.,Core,25.0,06/2008,Occupational Expert,13,Business and Financial Operations Occupations
1949,13-2011.02,Auditors,1241,"Examine whether the organization's objectives are reflected in its management activities, and whether employees understand the objectives.",Core,24.0,06/2008,Occupational Expert,13,Business and Financial Operations Occupations
1950,13-2011.02,Auditors,1237,"Prepare, analyze, and verify annual reports, financial statements, and other records, using accepted accounting and statistical procedures to assess financial condition and facilitate financial planning.",Core,24.0,06/2008,Occupational Expert,13,Business and Financial Operations Occupations
1951,13-2011.02,Auditors,1239,"Inspect cash on hand, notes receivable and payable, negotiable securities, and canceled checks to confirm records are accurate.",Core,25.0,06/2008,Occupational Expert,13,Business and Financial Operations Occupations
1952,13-2011.02,Auditors,1240,Examine inventory to verify journal and ledger entries.,Core,24.0,06/2008,Occupational Expert,13,Business and Financial Operations Occupations
1953,13-2011.02,Auditors,1243,"Direct activities of personnel engaged in filing, recording, compiling and transmitting financial records.",Supplemental,24.0,06/2008,Occupational Expert,13,Business and Financial Operations Occupations
1954,13-2011.02,Auditors,1245,Conduct pre-implementation audits to determine if systems and programs under development will work as planned.,Supplemental,24.0,06/2008,Occupational Expert,13,Business and Financial Operations Occupations
1955,13-2011.02,Auditors,1249,"Audit payroll and personnel records to determine unemployment insurance premiums, workers' compensation coverage, liabilities, and compliance with tax laws.",Supplemental,24.0,06/2008,Occupational Expert,13,Business and Financial Operations Occupations
1956,13-2011.02,Auditors,1247,"Evaluate taxpayer finances to determine tax liability, using knowledge of interest and discount rates, annuities, valuation of stocks and bonds, and amortization valuation of depletable assets.",Supplemental,24.0,06/2008,Occupational Expert,13,Business and Financial Operations Occupations
1957,13-2011.02,Auditors,1246,"Review taxpayer accounts, and conduct audits on-site, by correspondence, or by summoning taxpayer to office.",Supplemental,24.0,06/2008,Occupational Expert,13,Business and Financial Operations Occupations
1958,13-2011.02,Auditors,1244,"Produce up-to-the-minute information, using internal computer systems, to allow management to base decisions on actual, not historical, data.",Supplemental,24.0,06/2008,Occupational Expert,13,Business and Financial Operations Occupations
1959,13-2011.02,Auditors,1248,"Examine records, tax returns, and related documents pertaining to settlement of decedent's estate.",Supplemental,24.0,06/2008,Occupational Expert,13,Business and Financial Operations Occupations
1960,13-2021.01,Assessors,3375,"Determine taxability and value of properties, using methods such as field inspection, structural measurement, calculation, sales analysis, market trend studies, and income and expense analysis.",Core,79.0,07/2011,Incumbent,13,Business and Financial Operations Occupations
1961,13-2021.01,Assessors,3378,"Inspect properties, considering factors such as market value, location, and building or replacement costs to determine appraisal value.",Core,79.0,07/2011,Incumbent,13,Business and Financial Operations Occupations
1962,13-2021.01,Assessors,3377,Explain assessed values to property owners and defend appealed assessments at public hearings.,Core,79.0,07/2011,Incumbent,13,Business and Financial Operations Occupations
1963,13-2021.01,Assessors,3379,"Prepare and maintain current data on each parcel assessed, including maps of boundaries, inventories of land and structures, property characteristics, and any applicable exemptions.",Core,79.0,07/2011,Incumbent,13,Business and Financial Operations Occupations
1964,13-2021.01,Assessors,3388,Establish uniform and equitable systems for assessing all classes and kinds of property.,Core,76.0,07/2011,Incumbent,13,Business and Financial Operations Occupations
1965,13-2021.01,Assessors,3376,Inspect new construction and major improvements to existing structures to determine values.,Core,79.0,07/2011,Incumbent,13,Business and Financial Operations Occupations
1966,13-2021.01,Assessors,3389,Write and submit appraisal and tax reports for public record.,Core,79.0,07/2011,Incumbent,13,Business and Financial Operations Occupations
1967,13-2021.01,Assessors,3382,Complete and maintain assessment rolls that show the assessed values and status of all property in a municipality.,Core,79.0,07/2011,Incumbent,13,Business and Financial Operations Occupations
1968,13-2021.01,Assessors,3386,"Analyze trends in sales prices, construction costs, and rents, to assess property values or determine the accuracy of assessments.",Core,79.0,07/2011,Incumbent,13,Business and Financial Operations Occupations
1969,13-2021.01,Assessors,3384,"Review information about transfers of property to ensure its accuracy, checking basic information on buyers, sellers, and sales prices and making corrections as necessary.",Core,79.0,07/2011,Incumbent,13,Business and Financial Operations Occupations
1970,13-2021.01,Assessors,3381,Conduct regular reviews of property within jurisdictions to determine changes in property due to construction or demolition.,Core,78.0,07/2011,Incumbent,13,Business and Financial Operations Occupations
1971,13-2021.01,Assessors,3385,Maintain familiarity with aspects of local real estate markets.,Core,77.0,07/2011,Incumbent,13,Business and Financial Operations Occupations
1972,13-2021.01,Assessors,3380,Identify the ownership of each piece of taxable property.,Core,78.0,07/2011,Incumbent,13,Business and Financial Operations Occupations
1973,13-2021.01,Assessors,3383,Issue notices of assessments and taxes.,Supplemental,79.0,07/2011,Incumbent,13,Business and Financial Operations Occupations
1974,13-2021.01,Assessors,3387,Approve applications for property tax exemptions or deductions.,Supplemental,78.0,07/2011,Incumbent,13,Business and Financial Operations Occupations
1975,13-2021.01,Assessors,3393,Calculate tax bills for properties by multiplying assessed values by jurisdiction tax rates.,Supplemental,78.0,07/2011,Incumbent,13,Business and Financial Operations Occupations
1976,13-2021.01,Assessors,3392,Provide sales analyses to be used for equalization of school aid.,Supplemental,76.0,07/2011,Incumbent,13,Business and Financial Operations Occupations
1977,13-2021.01,Assessors,20015,Supervise staff members.,Supplemental,78.0,07/2011,Incumbent,13,Business and Financial Operations Occupations
1978,13-2021.01,Assessors,3390,Serve on assessment review boards.,Supplemental,76.0,07/2011,Incumbent,13,Business and Financial Operations Occupations
1979,13-2021.01,Assessors,3391,Hire staff members.,Supplemental,78.0,07/2011,Incumbent,13,Business and Financial Operations Occupations
1980,13-2021.02,"Appraisers, Real Estate",7288,"Compute final estimation of property values, taking into account such factors as depreciation, replacement costs, value comparisons of similar properties, and income potential.",Core,20.0,07/2014,Occupational Expert,13,Business and Financial Operations Occupations
1981,13-2021.02,"Appraisers, Real Estate",7287,"Prepare written reports that estimate property values, outline methods by which the estimations were made, and meet appraisal standards.",Core,20.0,07/2014,Occupational Expert,13,Business and Financial Operations Occupations
1982,13-2021.02,"Appraisers, Real Estate",20478,Collect and analyze relevant data to identify real estate market trends.,Core,20.0,07/2014,Occupational Expert,13,Business and Financial Operations Occupations
1983,13-2021.02,"Appraisers, Real Estate",7290,"Inspect properties to evaluate construction, condition, special features, and functional design, and to take property measurements.",Core,20.0,07/2014,Occupational Expert,13,Business and Financial Operations Occupations
1984,13-2021.02,"Appraisers, Real Estate",7297,Examine income records and operating costs of income properties.,Core,20.0,07/2014,Occupational Expert,13,Business and Financial Operations Occupations
1985,13-2021.02,"Appraisers, Real Estate",7292,"Evaluate land and neighborhoods where properties are situated, considering locations and trends or impending changes that could influence future values.",Core,20.0,07/2014,Occupational Expert,13,Business and Financial Operations Occupations
1986,13-2021.02,"Appraisers, Real Estate",7289,"Search public records for transactions such as sales, leases, and assessments.",Core,20.0,07/2014,Occupational Expert,13,Business and Financial Operations Occupations
1987,13-2021.02,"Appraisers, Real Estate",7295,Check building codes and zoning bylaws to determine any effects on the properties being appraised.,Core,20.0,07/2014,Occupational Expert,13,Business and Financial Operations Occupations
1988,13-2021.02,"Appraisers, Real Estate",7294,Verify legal descriptions of properties by comparing them to county records.,Core,20.0,07/2014,Occupational Expert,13,Business and Financial Operations Occupations
1989,13-2021.02,"Appraisers, Real Estate",7298,"Interview persons familiar with properties and immediate surroundings, such as contractors, home owners, and realtors, to obtain pertinent information.",Core,20.0,07/2014,Occupational Expert,13,Business and Financial Operations Occupations
1990,13-2021.02,"Appraisers, Real Estate",7291,"Photograph interiors and exteriors of properties to assist in estimating property value, substantiate findings, and complete appraisal reports.",Core,20.0,07/2014,Occupational Expert,13,Business and Financial Operations Occupations
1991,13-2021.02,"Appraisers, Real Estate",7293,Obtain county land values and sales information about nearby properties to aid in establishment of property values.,Core,20.0,07/2014,Occupational Expert,13,Business and Financial Operations Occupations
1992,13-2021.02,"Appraisers, Real Estate",7299,"Examine the type and location of nearby services, such as shopping centers, schools, parks, and other neighborhood features, to evaluate their impact on property values.",Core,20.0,07/2014,Occupational Expert,13,Business and Financial Operations Occupations
1993,13-2021.02,"Appraisers, Real Estate",7296,Estimate building replacement costs using building valuation manuals and professional cost estimators.,Core,20.0,07/2014,Occupational Expert,13,Business and Financial Operations Occupations
1994,13-2021.02,"Appraisers, Real Estate",7300,Draw land diagrams that will be used in appraisal reports to support findings.,Core,20.0,07/2014,Occupational Expert,13,Business and Financial Operations Occupations
1995,13-2021.02,"Appraisers, Real Estate",7301,Testify in court as to the value of a piece of real estate property.,Core,20.0,07/2014,Occupational Expert,13,Business and Financial Operations Occupations
1996,13-2031.00,Budget Analysts,3395,Direct the preparation of regular and special budget reports.,Core,114.0,06/2008,Incumbent,13,Business and Financial Operations Occupations
1997,13-2031.00,Budget Analysts,3394,Analyze monthly department budgeting and accounting reports to maintain expenditure controls.,Core,114.0,06/2008,Incumbent,13,Business and Financial Operations Occupations
1998,13-2031.00,Budget Analysts,3398,"Provide advice and technical assistance with cost analysis, fiscal allocation, and budget preparation.",Core,114.0,06/2008,Incumbent,13,Business and Financial Operations Occupations
1999,13-2031.00,Budget Analysts,3402,"Examine budget estimates for completeness, accuracy, and conformance with procedures and regulations.",Core,113.0,06/2008,Incumbent,13,Business and Financial Operations Occupations
2000,13-2031.00,Budget Analysts,3399,Summarize budgets and submit recommendations for the approval or disapproval of funds requests.,Core,113.0,06/2008,Incumbent,13,Business and Financial Operations Occupations
2001,13-2031.00,Budget Analysts,3401,Review operating budgets to analyze trends affecting budget needs.,Core,113.0,06/2008,Incumbent,13,Business and Financial Operations Occupations
2002,13-2031.00,Budget Analysts,3396,Consult with managers to ensure that budget adjustments are made in accordance with program changes.,Core,114.0,06/2008,Incumbent,13,Business and Financial Operations Occupations
2003,13-2031.00,Budget Analysts,3405,Compile and analyze accounting records and other data to determine the financial resources required to implement a program.,Core,113.0,06/2008,Incumbent,13,Business and Financial Operations Occupations
2004,13-2031.00,Budget Analysts,3403,"Perform cost-benefit analyses to compare operating programs, review financial requests, or explore alternative financing methods.",Core,114.0,06/2008,Incumbent,13,Business and Financial Operations Occupations
2005,13-2031.00,Budget Analysts,3404,Interpret budget directives and establish policies for carrying out directives.,Core,114.0,06/2008,Incumbent,13,Business and Financial Operations Occupations
2006,13-2031.00,Budget Analysts,3400,Seek new ways to improve efficiency and increase profits.,Core,113.0,06/2008,Incumbent,13,Business and Financial Operations Occupations
2007,13-2031.00,Budget Analysts,3406,"Testify before examining and fund-granting authorities, clarifying and promoting the proposed budgets.",Supplemental,113.0,06/2008,Incumbent,13,Business and Financial Operations Occupations
2008,13-2031.00,Budget Analysts,3397,"Match appropriations for specific programs with appropriations for broader programs, including items for emergency funds.",Supplemental,114.0,06/2008,Incumbent,13,Business and Financial Operations Occupations
2009,13-2041.00,Credit Analysts,1250,Analyze credit data and financial statements to determine the degree of risk involved in extending credit or lending money.,Core,30.0,06/2009,Occupational Expert,13,Business and Financial Operations Occupations
2010,13-2041.00,Credit Analysts,1255,"Generate financial ratios, using computer programs, to evaluate customers' financial status.",Core,30.0,06/2009,Occupational Expert,13,Business and Financial Operations Occupations
2011,13-2041.00,Credit Analysts,1258,Consult with customers to resolve complaints and verify financial and credit transactions.,Core,30.0,06/2009,Occupational Expert,13,Business and Financial Operations Occupations
2012,13-2041.00,Credit Analysts,1251,Prepare reports that include the degree of risk involved in extending credit or lending money.,Core,30.0,06/2009,Occupational Expert,13,Business and Financial Operations Occupations
2013,13-2041.00,Credit Analysts,1257,"Compare liquidity, profitability, and credit histories of establishments being evaluated with those of similar establishments in the same industries and geographic locations.",Core,30.0,06/2009,Occupational Expert,13,Business and Financial Operations Occupations
2014,13-2041.00,Credit Analysts,1256,Review individual or commercial customer files to identify and select delinquent accounts for collection.,Core,30.0,06/2009,Occupational Expert,13,Business and Financial Operations Occupations
2015,13-2041.00,Credit Analysts,1253,Confer with credit association and other business representatives to exchange credit information.,Core,30.0,06/2009,Occupational Expert,13,Business and Financial Operations Occupations
2016,13-2041.00,Credit Analysts,1254,"Complete loan applications, including credit analyses and summaries of loan requests, and submit to loan committees for approval.",Supplemental,30.0,06/2009,Occupational Expert,13,Business and Financial Operations Occupations
2017,13-2041.00,Credit Analysts,1259,"Analyze financial data such as income growth, quality of management, and market share to determine expected profitability of loans.",Supplemental,29.0,06/2009,Occupational Expert,13,Business and Financial Operations Occupations
2018,13-2041.00,Credit Analysts,1252,"Evaluate customer records and recommend payment plans based on earnings, savings data, payment history, and purchase activity.",Supplemental,29.0,06/2009,Occupational Expert,13,Business and Financial Operations Occupations
2019,13-2051.00,Financial Analysts,7302,"Draw charts and graphs, using computer spreadsheets, to illustrate technical reports.",Core,87.0,12/2005,Incumbent,13,Business and Financial Operations Occupations
2020,13-2051.00,Financial Analysts,7303,"Inform investment decisions by analyzing financial information to forecast business, industry, or economic conditions.",Core,87.0,12/2005,Incumbent,13,Business and Financial Operations Occupations
2021,13-2051.00,Financial Analysts,7304,"Monitor developments in the fields of industrial technology, business, finance, and economic theory.",Core,87.0,12/2005,Incumbent,13,Business and Financial Operations Occupations
2022,13-2051.00,Financial Analysts,7305,"Interpret data on price, yield, stability, future investment-risk trends, economic influences, and other factors affecting investment programs.",Core,87.0,12/2005,Incumbent,13,Business and Financial Operations Occupations
2023,13-2051.00,Financial Analysts,7306,"Monitor fundamental economic, industrial, and corporate developments by analyzing information from financial publications and services, investment banking firms, government agencies, trade publications, company sources, or personal interviews.",Core,86.0,12/2005,Incumbent,13,Business and Financial Operations Occupations
2024,13-2051.00,Financial Analysts,7307,"Recommend investments and investment timing to companies, investment firm staff, or the public.",Supplemental,86.0,12/2005,Incumbent,13,Business and Financial Operations Occupations
2025,13-2051.00,Financial Analysts,7308,Determine the prices at which securities should be syndicated and offered to the public.,Supplemental,87.0,12/2005,Incumbent,13,Business and Financial Operations Occupations
2026,13-2051.00,Financial Analysts,7309,"Prepare plans of action for investment, using financial analyses.",Supplemental,87.0,12/2005,Incumbent,13,Business and Financial Operations Occupations
2027,13-2051.00,Financial Analysts,7310,Evaluate and compare the relative quality of various securities in a given industry.,Supplemental,87.0,12/2005,Incumbent,13,Business and Financial Operations Occupations
2028,13-2051.00,Financial Analysts,7311,"Present oral or written reports on general economic trends, individual corporations, and entire industries.",Supplemental,86.0,12/2005,Incumbent,13,Business and Financial Operations Occupations
2029,13-2051.00,Financial Analysts,7312,"Contact brokers and purchase investments for companies, according to company policy.",Supplemental,87.0,12/2005,Incumbent,13,Business and Financial Operations Occupations
2030,13-2051.00,Financial Analysts,7313,Collaborate with investment bankers to attract new corporate clients to securities firms.,Supplemental,87.0,12/2005,Incumbent,13,Business and Financial Operations Occupations
2031,13-2051.00,Financial Analysts,19564,Conduct financial analyses related to investments in green construction or green retrofitting projects.,,,07/2011,Analyst,13,Business and Financial Operations Occupations
2032,13-2051.00,Financial Analysts,19565,"Determine the financial viability of alternative energy generation or fuel production systems, based on power source or feedstock quality, financing costs, potential revenue, and total project costs.",,,07/2011,Analyst,13,Business and Financial Operations Occupations
2033,13-2051.00,Financial Analysts,19566,Evaluate financial viability and potential environmental benefits of cleantech innovations to secure capital investments from sources such as venture capital firms and government green fund grants.,,,07/2011,Analyst,13,Business and Financial Operations Occupations
2034,13-2051.00,Financial Analysts,19567,"Forecast or analyze financial costs associated with climate change or other environmental factors, such as clean water supply and demand.",,,07/2011,Analyst,13,Business and Financial Operations Occupations
2035,13-2051.00,Financial Analysts,19568,"Identify potential financial investments that are environmentally sound, considering issues such as carbon emissions and biodiversity.",,,07/2011,Analyst,13,Business and Financial Operations Occupations
2036,13-2051.00,Financial Analysts,19569,"Research and recommend environmentally-related financial products, such as energy futures, water rights, carbon credits, government environmental funds, and cleantech industry funds and company stocks.",,,07/2011,Analyst,13,Business and Financial Operations Occupations
2037,13-2052.00,Personal Financial Advisors,12907,"Interview clients to determine their current income, expenses, insurance coverage, tax status, financial objectives, risk tolerance, or other information needed to develop a financial plan.",Core,28.0,07/2012,Occupational Expert,13,Business and Financial Operations Occupations
2038,13-2052.00,Personal Financial Advisors,12905,Answer clients' questions about the purposes and details of financial plans and strategies.,Core,28.0,07/2012,Occupational Expert,13,Business and Financial Operations Occupations
2039,13-2052.00,Personal Financial Advisors,20182,"Recommend to clients strategies in cash management, insurance coverage, investment planning, or other areas to help them achieve their financial goals.",Core,28.0,07/2012,Occupational Expert,13,Business and Financial Operations Occupations
2040,13-2052.00,Personal Financial Advisors,12904,Analyze financial information obtained from clients to determine strategies for meeting clients' financial objectives.,Core,28.0,07/2012,Occupational Expert,13,Business and Financial Operations Occupations
2041,13-2052.00,Personal Financial Advisors,12909,Implement financial planning recommendations or refer clients to someone who can assist them with plan implementation.,Core,28.0,07/2012,Occupational Expert,13,Business and Financial Operations Occupations
2042,13-2052.00,Personal Financial Advisors,20183,"Review clients' accounts and plans regularly to determine whether life changes, economic changes, environmental concerns, or financial performance indicate a need for plan reassessment.",Core,28.0,07/2012,Occupational Expert,13,Business and Financial Operations Occupations
2043,13-2052.00,Personal Financial Advisors,20184,"Manage client portfolios, keeping client plans up-to-date.",Core,28.0,07/2012,Occupational Expert,13,Business and Financial Operations Occupations
2044,13-2052.00,Personal Financial Advisors,12915,Contact clients periodically to determine any changes in their financial status.,Core,28.0,07/2012,Occupational Expert,13,Business and Financial Operations Occupations
2045,13-2052.00,Personal Financial Advisors,12913,"Prepare or interpret for clients information such as investment performance reports, financial document summaries, or income projections.",Core,28.0,07/2012,Occupational Expert,13,Business and Financial Operations Occupations
2046,13-2052.00,Personal Financial Advisors,20185,Recruit and maintain client bases.,Core,26.0,07/2012,Occupational Expert,13,Business and Financial Operations Occupations
2047,13-2052.00,Personal Financial Advisors,20186,Explain to clients the personal financial advisor's responsibilities and the types of services to be provided.,Core,28.0,07/2012,Occupational Expert,13,Business and Financial Operations Occupations
2048,13-2052.00,Personal Financial Advisors,20187,Investigate available investment opportunities to determine compatibility with client financial plans.,Core,28.0,07/2012,Occupational Expert,13,Business and Financial Operations Occupations
2049,13-2052.00,Personal Financial Advisors,12914,"Guide clients in the gathering of information, such as bank account records, income tax returns, life and disability insurance records, pension plans, or wills.",Core,28.0,07/2012,Occupational Expert,13,Business and Financial Operations Occupations
2050,13-2052.00,Personal Financial Advisors,20188,Monitor financial market trends to ensure that client plans are responsive.,Core,28.0,07/2012,Occupational Expert,13,Business and Financial Operations Occupations
2051,13-2052.00,Personal Financial Advisors,20189,"Recommend financial products, such as stocks, bonds, mutual funds, or insurance.",Core,28.0,07/2012,Occupational Expert,13,Business and Financial Operations Occupations
2052,13-2052.00,Personal Financial Advisors,12916,"Meet with clients' other advisors, such as attorneys, accountants, trust officers, or investment bankers, to fully understand clients' financial goals and circumstances.",Core,28.0,07/2012,Occupational Expert,13,Business and Financial Operations Occupations
2053,13-2052.00,Personal Financial Advisors,12917,Devise debt liquidation plans that include payoff priorities and timelines.,Core,28.0,07/2012,Occupational Expert,13,Business and Financial Operations Occupations
2054,13-2052.00,Personal Financial Advisors,12918,Open accounts for clients and disburse funds from accounts to creditors as agent for clients.,Supplemental,27.0,07/2012,Occupational Expert,13,Business and Financial Operations Occupations
2055,13-2052.00,Personal Financial Advisors,19570,"Inform clients about tax benefits, government rebates, or other financial benefits of alternative fuel vehicle purchases or energy efficient home construction, improvements, or remodeling.",Supplemental,27.0,07/2012,Occupational Expert,13,Business and Financial Operations Occupations
2056,13-2052.00,Personal Financial Advisors,12919,"Conduct seminars or workshops on financial planning topics, such as retirement planning, estate planning, or the evaluation of severance packages.",Supplemental,28.0,07/2012,Occupational Expert,13,Business and Financial Operations Occupations
2057,13-2052.00,Personal Financial Advisors,19571,"Recommend environmentally responsible investments, such as cleantech, alternative energy, or conservation technologies, companies, or funds.",Supplemental,27.0,07/2012,Occupational Expert,13,Business and Financial Operations Occupations
2058,13-2053.00,Insurance Underwriters,1264,"Decrease value of policy when risk is substandard and specify applicable endorsements or apply rating to ensure safe profitable distribution of risks, using reference materials.",Core,26.0,06/2009,Occupational Expert,13,Business and Financial Operations Occupations
2059,13-2053.00,Insurance Underwriters,1261,Decline excessive risks.,Core,26.0,06/2009,Occupational Expert,13,Business and Financial Operations Occupations
2060,13-2053.00,Insurance Underwriters,1262,"Write to field representatives, medical personnel, and others to obtain further information, quote rates, or explain company underwriting policies.",Core,26.0,06/2009,Occupational Expert,13,Business and Financial Operations Occupations
2061,13-2053.00,Insurance Underwriters,1265,Review company records to determine amount of insurance in force on single risk or group of closely related risks.,Core,26.0,06/2009,Occupational Expert,13,Business and Financial Operations Occupations
2062,13-2053.00,Insurance Underwriters,1260,Examine documents to determine degree of risk from such factors as applicant financial standing and value and condition of property.,Core,26.0,06/2009,Occupational Expert,13,Business and Financial Operations Occupations
2063,13-2053.00,Insurance Underwriters,1266,Authorize reinsurance of policy when risk is high.,Core,26.0,06/2009,Occupational Expert,13,Business and Financial Operations Occupations
2064,13-2053.00,Insurance Underwriters,1263,Evaluate possibility of losses due to catastrophe or excessive insurance.,Core,25.0,06/2009,Occupational Expert,13,Business and Financial Operations Occupations
2065,13-2061.00,Financial Examiners,7314,Investigate activities of institutions to enforce laws and regulations and to ensure legality of transactions and operations or financial solvency.,Core,25.0,07/2012,Occupational Expert,13,Business and Financial Operations Occupations
2066,13-2061.00,Financial Examiners,7319,"Prepare reports, exhibits and other supporting schedules that detail an institution's safety and soundness, compliance with laws and regulations, and recommended solutions to questionable financial conditions.",Core,25.0,07/2012,Occupational Expert,13,Business and Financial Operations Occupations
2067,13-2061.00,Financial Examiners,7317,"Recommend actions to ensure compliance with laws and regulations, or to protect solvency of institutions.",Core,25.0,07/2012,Occupational Expert,13,Business and Financial Operations Occupations
2068,13-2061.00,Financial Examiners,7327,"Resolve problems concerning the overall financial integrity of banking institutions including loan investment portfolios, capital, earnings, and specific or large troubled accounts.",Core,25.0,07/2012,Occupational Expert,13,Business and Financial Operations Occupations
2069,13-2061.00,Financial Examiners,7324,"Direct and participate in formal and informal meetings with bank directors, trustees, senior management, counsels, outside accountants and consultants to gather information and discuss findings.",Core,25.0,07/2012,Occupational Expert,13,Business and Financial Operations Occupations
2070,13-2061.00,Financial Examiners,7320,"Review balance sheets, operating income and expense accounts, and loan documentation to confirm institution assets and liabilities.",Core,25.0,07/2012,Occupational Expert,13,Business and Financial Operations Occupations
2071,13-2061.00,Financial Examiners,7316,"Plan, supervise, and review work of assigned subordinates.",Core,25.0,07/2012,Occupational Expert,13,Business and Financial Operations Occupations
2072,13-2061.00,Financial Examiners,7321,Review audit reports of internal and external auditors to monitor adequacy of scope of reports or to discover specific weaknesses in internal routines.,Core,25.0,07/2012,Occupational Expert,13,Business and Financial Operations Occupations
2073,13-2061.00,Financial Examiners,7322,Train other examiners in the financial examination process.,Core,25.0,07/2012,Occupational Expert,13,Business and Financial Operations Occupations
2074,13-2061.00,Financial Examiners,7315,"Review and analyze new, proposed, or revised laws, regulations, policies, and procedures to interpret their meaning and determine their impact.",Core,25.0,07/2012,Occupational Expert,13,Business and Financial Operations Occupations
2075,13-2061.00,Financial Examiners,7318,"Examine the minutes of meetings of directors, stockholders and committees to investigate the specific authority extended at various levels of management.",Core,25.0,07/2012,Occupational Expert,13,Business and Financial Operations Occupations
2076,13-2061.00,Financial Examiners,7329,"Confer with officials of real estate, securities, or financial institution industries to exchange views and discuss issues or pending cases.",Core,25.0,07/2012,Occupational Expert,13,Business and Financial Operations Occupations
2077,13-2061.00,Financial Examiners,7323,Establish guidelines for procedures and policies that comply with new and revised regulations and direct their implementation.,Core,25.0,07/2012,Occupational Expert,13,Business and Financial Operations Occupations
2078,13-2061.00,Financial Examiners,7328,Evaluate data processing applications for institutions under examination to develop recommendations for coordinating existing systems with examination procedures.,Core,25.0,07/2012,Occupational Expert,13,Business and Financial Operations Occupations
2079,13-2061.00,Financial Examiners,7325,"Verify and inspect cash reserves, assigned collateral, and bank-owned securities to check internal control procedures.",Core,25.0,07/2012,Occupational Expert,13,Business and Financial Operations Occupations
2080,13-2061.00,Financial Examiners,20190,Provide regulatory compliance training to employees.,Core,25.0,07/2012,Occupational Expert,13,Business and Financial Operations Occupations
2081,13-2061.00,Financial Examiners,7326,"Review applications for mergers, acquisitions, establishment of new institutions, acceptance in Federal Reserve System, or registration of securities sales to determine their public interest value and conformance to regulations, and recommend acceptance or rejection.",Core,25.0,07/2012,Occupational Expert,13,Business and Financial Operations Occupations
2082,13-2071.00,Credit Counselors,18934,"Assess clients' overall financial situation by reviewing income, assets, debts, expenses, credit reports, or other financial information.",Core,33.0,07/2013,Occupational Expert,13,Business and Financial Operations Occupations
2083,13-2071.00,Credit Counselors,18936,"Create debt management plans, spending plans, or budgets to assist clients to meet financial goals.",Core,33.0,07/2013,Occupational Expert,13,Business and Financial Operations Occupations
2084,13-2071.00,Credit Counselors,18935,Calculate clients' available monthly income to meet debt obligations.,Core,33.0,07/2013,Occupational Expert,13,Business and Financial Operations Occupations
2085,13-2071.00,Credit Counselors,18943,"Prioritize client debt repayment to avoid dire consequences, such as bankruptcy or foreclosure or to reduce overall costs, such as by paying high-interest or short-term loans first.",Core,33.0,07/2013,Occupational Expert,13,Business and Financial Operations Occupations
2086,13-2071.00,Credit Counselors,18945,"Recommend strategies for clients to meet their financial goals, such as borrowing money through loans or loan programs, declaring bankruptcy, making budget adjustments, or enrolling in debt management plans.",Core,33.0,07/2013,Occupational Expert,13,Business and Financial Operations Occupations
2087,13-2071.00,Credit Counselors,18939,Interview clients by telephone or in person to gather financial information.,Core,33.0,07/2013,Occupational Expert,13,Business and Financial Operations Occupations
2088,13-2071.00,Credit Counselors,18952,"Explain general financial topics to clients, such as credit report ratings, bankruptcy laws, consumer protection laws, wage attachments, or collection actions.",Core,33.0,07/2013,Occupational Expert,13,Business and Financial Operations Occupations
2089,13-2071.00,Credit Counselors,18948,"Advise clients on housing matters, such as housing rental, homeownership, mortgage delinquency, or foreclosure prevention.",Core,33.0,07/2013,Occupational Expert,13,Business and Financial Operations Occupations
2090,13-2071.00,Credit Counselors,18942,Prepare written documents to establish contracts with or communicate financial recommendations to clients.,Core,33.0,07/2013,Occupational Expert,13,Business and Financial Operations Occupations
2091,13-2071.00,Credit Counselors,18938,"Explain services or policies to clients, such as debt management program rules, the advantages and disadvantages of using services, or creditor concession policies.",Core,33.0,07/2013,Occupational Expert,13,Business and Financial Operations Occupations
2092,13-2071.00,Credit Counselors,18940,"Maintain or update records of client account activity, including financial transactions, counseling session notes, correspondence, document images, or client inquiries.",Core,33.0,07/2013,Occupational Expert,13,Business and Financial Operations Occupations
2093,13-2071.00,Credit Counselors,18933,"Advise clients or respond to inquiries about financial matters in person or via phone, email, Web site, or Internet chat.",Core,33.0,07/2013,Occupational Expert,13,Business and Financial Operations Occupations
2094,13-2071.00,Credit Counselors,18946,Refer clients to social service or community resources for needs beyond those of credit or debt counseling.,Core,33.0,07/2013,Occupational Expert,13,Business and Financial Operations Occupations
2095,13-2071.00,Credit Counselors,18937,"Estimate time for debt repayment given amount of debt, interest rates, and available funds.",Core,33.0,07/2013,Occupational Expert,13,Business and Financial Operations Occupations
2096,13-2071.00,Credit Counselors,18941,"Negotiate with creditors on behalf of clients to arrange for payment adjustments, interest rate reductions, time extensions, or to set up payment plans.",Core,33.0,07/2013,Occupational Expert,13,Business and Financial Operations Occupations
2097,13-2071.00,Credit Counselors,18944,"Recommend educational materials or resources to clients on matters such as financial planning, budgeting, or credit.",Core,33.0,07/2013,Occupational Expert,13,Business and Financial Operations Occupations
2098,13-2071.00,Credit Counselors,18947,"Review changes to financial, family, or employment situations to determine whether changes to existing debt management plans, spending plans, or budgets are needed.",Core,33.0,07/2013,Occupational Expert,13,Business and Financial Operations Occupations
2099,13-2071.00,Credit Counselors,18950,Create action plans to assist clients in obtaining permanent housing via rent or mortgage programs.,Core,33.0,07/2013,Occupational Expert,13,Business and Financial Operations Occupations
2100,13-2071.00,Credit Counselors,18955,"Teach courses or seminars on topics such as budgeting, managing personal finances, or financial literacy.",Core,33.0,07/2013,Occupational Expert,13,Business and Financial Operations Occupations
2101,13-2071.00,Credit Counselors,18953,"Explain loan information to clients, such as available loan types, eligibility requirements, or loan restrictions.",Core,33.0,07/2013,Occupational Expert,13,Business and Financial Operations Occupations
2102,13-2071.00,Credit Counselors,18949,Conduct research to help clients avoid repossessions or foreclosures or remove levies or wage garnishments.,Core,33.0,07/2013,Occupational Expert,13,Business and Financial Operations Occupations
2103,13-2071.00,Credit Counselors,18954,"Investigate missing checks, payment histories, held funds, returned checks, or other related issues to resolve client or creditor problems.",Core,33.0,07/2013,Occupational Expert,13,Business and Financial Operations Occupations
2104,13-2071.00,Credit Counselors,18951,Disburse funds from client accounts to creditors.,Supplemental,32.0,07/2013,Occupational Expert,13,Business and Financial Operations Occupations
2105,13-2071.01,Loan Counselors,7330,"Check loan agreements to ensure that they are complete and accurate, according to policies.",Core,64.0,12/2005,Incumbent,13,Business and Financial Operations Occupations
2106,13-2071.01,Loan Counselors,7331,Refer loans to loan committees for approval.,Core,62.0,12/2005,Incumbent,13,Business and Financial Operations Occupations
2107,13-2071.01,Loan Counselors,7332,Approve loans within specified limits.,Core,64.0,12/2005,Incumbent,13,Business and Financial Operations Occupations
2108,13-2071.01,Loan Counselors,7333,Submit applications to credit analysts for verification and recommendation.,Core,64.0,12/2005,Incumbent,13,Business and Financial Operations Occupations
2109,13-2071.01,Loan Counselors,7334,"Analyze applicants' financial status, credit, and property evaluations to determine feasibility of granting loans.",Core,64.0,12/2005,Incumbent,13,Business and Financial Operations Occupations
2110,13-2071.01,Loan Counselors,7335,Interview applicants and request specified information for loan applications.,Core,64.0,12/2005,Incumbent,13,Business and Financial Operations Occupations
2111,13-2071.01,Loan Counselors,7336,Establish payment priorities according to credit terms and interest rates to reduce clients' overall costs.,Core,64.0,12/2005,Incumbent,13,Business and Financial Operations Occupations
2112,13-2071.01,Loan Counselors,7337,Contact applicants or creditors to resolve questions about applications or to assist with completion of paperwork.,Core,64.0,12/2005,Incumbent,13,Business and Financial Operations Occupations
2113,13-2071.01,Loan Counselors,7338,Maintain current knowledge of credit regulations.,Core,62.0,12/2005,Incumbent,13,Business and Financial Operations Occupations
2114,13-2071.01,Loan Counselors,7339,Calculate amount of debt and funds available to plan methods of payoff and to estimate time for debt liquidation.,Core,64.0,12/2005,Incumbent,13,Business and Financial Operations Occupations
2115,13-2071.01,Loan Counselors,7340,Analyze potential loan markets to find opportunities to promote loans and financial services.,Core,64.0,12/2005,Incumbent,13,Business and Financial Operations Occupations
2116,13-2071.01,Loan Counselors,7341,Review billing for accuracy.,Core,63.0,12/2005,Incumbent,13,Business and Financial Operations Occupations
2117,13-2071.01,Loan Counselors,7342,Supervise loan personnel.,Core,64.0,12/2005,Incumbent,13,Business and Financial Operations Occupations
2118,13-2071.01,Loan Counselors,7343,"Maintain and review account records, updating and recategorizing them according to status changes.",Core,64.0,12/2005,Incumbent,13,Business and Financial Operations Occupations
2119,13-2071.01,Loan Counselors,7344,Assist in selection of financial award candidates using electronic databases to certify loan eligibility.,Core,63.0,12/2005,Incumbent,13,Business and Financial Operations Occupations
2120,13-2071.01,Loan Counselors,7345,Confer with underwriters to resolve mortgage application problems.,Supplemental,64.0,12/2005,Incumbent,13,Business and Financial Operations Occupations
2121,13-2071.01,Loan Counselors,7346,Inform individuals and groups about the financial assistance available to college or university students.,Supplemental,63.0,12/2005,Incumbent,13,Business and Financial Operations Occupations
2122,13-2071.01,Loan Counselors,7347,Match students' needs and eligibility with available financial aid programs to provide informed recommendations.,Supplemental,64.0,12/2005,Incumbent,13,Business and Financial Operations Occupations
2123,13-2071.01,Loan Counselors,7348,Contact creditors to explain clients' financial situations and to arrange for payment adjustments so that payments are feasible for clients and agreeable to creditors.,Supplemental,64.0,12/2005,Incumbent,13,Business and Financial Operations Occupations
2124,13-2071.01,Loan Counselors,7349,Petition courts to transfer titles and deeds of collateral to banks.,Supplemental,64.0,12/2005,Incumbent,13,Business and Financial Operations Occupations
2125,13-2071.01,Loan Counselors,7350,Contact borrowers with delinquent accounts to obtain payment in full or to negotiate repayment plans.,Supplemental,64.0,12/2005,Incumbent,13,Business and Financial Operations Occupations
2126,13-2071.01,Loan Counselors,7351,Compare data on student aid applications with eligibility requirements of assistance programs.,Supplemental,63.0,12/2005,Incumbent,13,Business and Financial Operations Occupations
2127,13-2071.01,Loan Counselors,7352,"Counsel clients on personal and family financial problems, such as excessive spending or borrowing of funds.",Supplemental,64.0,12/2005,Incumbent,13,Business and Financial Operations Occupations
2128,13-2071.01,Loan Counselors,7353,Review accounts to determine write-offs for collection agencies.,Supplemental,63.0,12/2005,Incumbent,13,Business and Financial Operations Occupations
2129,13-2071.01,Loan Counselors,7354,"Locate debtors using post office directories, utility services account listings, or mailing lists.",Supplemental,64.0,12/2005,Incumbent,13,Business and Financial Operations Occupations
2130,13-2071.01,Loan Counselors,7355,Arrange for maintenance or liquidation of delinquent properties.,Supplemental,64.0,12/2005,Incumbent,13,Business and Financial Operations Occupations
2131,13-2071.01,Loan Counselors,7356,Authorize or sign mail collection letters.,Supplemental,63.0,12/2005,Incumbent,13,Business and Financial Operations Occupations
2132,13-2071.01,Loan Counselors,7357,Open accounts for clients and disburse funds from clients' accounts to creditors.,Supplemental,64.0,12/2005,Incumbent,13,Business and Financial Operations Occupations
2133,13-2072.00,Loan Officers,3409,"Analyze applicants' financial status, credit, and property evaluations to determine feasibility of granting loans.",Core,108.0,07/2011,Incumbent,13,Business and Financial Operations Occupations
2134,13-2072.00,Loan Officers,3411,"Obtain and compile copies of loan applicants' credit histories, corporate financial statements, and other financial information.",Core,108.0,07/2011,Incumbent,13,Business and Financial Operations Occupations
2135,13-2072.00,Loan Officers,3408,Meet with applicants to obtain information for loan applications and to answer questions about the process.,Core,108.0,07/2011,Incumbent,13,Business and Financial Operations Occupations
2136,13-2072.00,Loan Officers,3410,"Explain to customers the different types of loans and credit options that are available, as well as the terms of those services.",Core,107.0,07/2011,Incumbent,13,Business and Financial Operations Occupations
2137,13-2072.00,Loan Officers,3413,Review loan agreements to ensure that they are complete and accurate according to policy.,Core,108.0,07/2011,Incumbent,13,Business and Financial Operations Occupations
2138,13-2072.00,Loan Officers,3407,"Approve loans within specified limits, and refer loan applications outside those limits to management for approval.",Core,106.0,07/2011,Incumbent,13,Business and Financial Operations Occupations
2139,13-2072.00,Loan Officers,3417,Handle customer complaints and take appropriate action to resolve them.,Core,108.0,07/2011,Incumbent,13,Business and Financial Operations Occupations
2140,13-2072.00,Loan Officers,3415,Stay abreast of new types of loans and other financial services and products to better meet customers' needs.,Core,107.0,07/2011,Incumbent,13,Business and Financial Operations Occupations
2141,13-2072.00,Loan Officers,3412,Review and update credit and loan files.,Core,107.0,07/2011,Incumbent,13,Business and Financial Operations Occupations
2142,13-2072.00,Loan Officers,3416,Submit applications to credit analysts for verification and recommendation.,Core,106.0,07/2011,Incumbent,13,Business and Financial Operations Occupations
2143,13-2072.00,Loan Officers,3414,Compute payment schedules.,Core,108.0,07/2011,Incumbent,13,Business and Financial Operations Occupations
2144,13-2072.00,Loan Officers,3425,Analyze potential loan markets and develop referral networks to locate prospects for loans.,Core,107.0,07/2011,Incumbent,13,Business and Financial Operations Occupations
2145,13-2072.00,Loan Officers,3423,"Set credit policies, credit lines, procedures and standards in conjunction with senior managers.",Supplemental,106.0,07/2011,Incumbent,13,Business and Financial Operations Occupations
2146,13-2072.00,Loan Officers,3419,Confer with underwriters to aid in resolving mortgage application problems.,Supplemental,108.0,07/2011,Incumbent,13,Business and Financial Operations Occupations
2147,13-2072.00,Loan Officers,3421,"Market bank products to individuals and firms, promoting bank services that may meet customers' needs.",Supplemental,107.0,07/2011,Incumbent,13,Business and Financial Operations Occupations
2148,13-2072.00,Loan Officers,3418,Work with clients to identify their financial goals and to find ways of reaching those goals.,Supplemental,107.0,07/2011,Incumbent,13,Business and Financial Operations Occupations
2149,13-2072.00,Loan Officers,3420,Negotiate payment arrangements with customers who have delinquent loans.,Supplemental,108.0,07/2011,Incumbent,13,Business and Financial Operations Occupations
2150,13-2072.00,Loan Officers,3426,"Prepare reports to send to customers whose accounts are delinquent, and forward irreconcilable accounts for collector action.",Supplemental,105.0,07/2011,Incumbent,13,Business and Financial Operations Occupations
2151,13-2072.00,Loan Officers,3422,Supervise loan personnel.,Supplemental,108.0,07/2011,Incumbent,13,Business and Financial Operations Occupations
2152,13-2072.00,Loan Officers,3428,"Interview, hire, and train new employees.",Supplemental,108.0,07/2011,Incumbent,13,Business and Financial Operations Occupations
2153,13-2072.00,Loan Officers,3424,Provide special services such as investment banking for clients with more specialized needs.,Supplemental,106.0,07/2011,Incumbent,13,Business and Financial Operations Occupations
2154,13-2072.00,Loan Officers,3427,Arrange for maintenance and liquidation of delinquent properties.,Supplemental,107.0,07/2011,Incumbent,13,Business and Financial Operations Occupations
2155,13-2072.00,Loan Officers,3429,Petition courts to transfer titles and deeds of collateral to banks.,Supplemental,107.0,07/2011,Incumbent,13,Business and Financial Operations Occupations
2156,13-2081.00,"Tax Examiners and Collectors, and Revenue Agents",5288,Collect taxes from individuals or businesses according to prescribed laws and regulations.,Core,110.0,07/2011,Incumbent,13,Business and Financial Operations Occupations
2157,13-2081.00,"Tax Examiners and Collectors, and Revenue Agents",5289,"Maintain knowledge of tax code changes, and of accounting procedures and theory to properly evaluate financial information.",Core,110.0,07/2011,Incumbent,13,Business and Financial Operations Occupations
2158,13-2081.00,"Tax Examiners and Collectors, and Revenue Agents",5290,"Maintain records for each case, including contacts, telephone numbers, and actions taken.",Core,110.0,07/2011,Incumbent,13,Business and Financial Operations Occupations
2159,13-2081.00,"Tax Examiners and Collectors, and Revenue Agents",5292,Contact taxpayers by mail or telephone to address discrepancies and to request supporting documentation.,Core,110.0,07/2011,Incumbent,13,Business and Financial Operations Occupations
2160,13-2081.00,"Tax Examiners and Collectors, and Revenue Agents",5293,Send notices to taxpayers when accounts are delinquent.,Core,109.0,07/2011,Incumbent,13,Business and Financial Operations Occupations
2161,13-2081.00,"Tax Examiners and Collectors, and Revenue Agents",5302,"Check tax forms to verify that names and taxpayer identification numbers are correct, that computations have been performed correctly, or that amounts match those on supporting documentation.",Core,110.0,07/2011,Incumbent,13,Business and Financial Operations Occupations
2162,13-2081.00,"Tax Examiners and Collectors, and Revenue Agents",20016,Answer questions from taxpayers and assist them in completing tax forms.,Core,108.0,07/2011,Incumbent,13,Business and Financial Operations Occupations
2163,13-2081.00,"Tax Examiners and Collectors, and Revenue Agents",5301,Impose payment deadlines on delinquent taxpayers and monitor payments to ensure that deadlines are met.,Core,108.0,07/2011,Incumbent,13,Business and Financial Operations Occupations
2164,13-2081.00,"Tax Examiners and Collectors, and Revenue Agents",5294,"Notify taxpayers of any overpayment or underpayment, and either issue a refund or request further payment.",Core,108.0,07/2011,Incumbent,13,Business and Financial Operations Occupations
2165,13-2081.00,"Tax Examiners and Collectors, and Revenue Agents",5291,"Confer with taxpayers or their representatives to discuss the issues, laws, and regulations involved in returns, and to resolve problems with returns.",Supplemental,109.0,07/2011,Incumbent,13,Business and Financial Operations Occupations
2166,13-2081.00,"Tax Examiners and Collectors, and Revenue Agents",5298,Enter tax return information into computers for processing.,Supplemental,106.0,07/2011,Incumbent,13,Business and Financial Operations Occupations
2167,13-2081.00,"Tax Examiners and Collectors, and Revenue Agents",5295,Conduct independent field audits and investigations of income tax returns to verify information or to amend tax liabilities.,Supplemental,106.0,07/2011,Incumbent,13,Business and Financial Operations Occupations
2168,13-2081.00,"Tax Examiners and Collectors, and Revenue Agents",5297,Review selected tax returns to determine the nature and extent of audits to be performed on them.,Supplemental,109.0,07/2011,Incumbent,13,Business and Financial Operations Occupations
2169,13-2081.00,"Tax Examiners and Collectors, and Revenue Agents",5310,"Investigate claims of inability to pay taxes by researching court information for the status of liens, mortgages, or financial statements, or by locating assets through third parties.",Supplemental,105.0,07/2011,Incumbent,13,Business and Financial Operations Occupations
2170,13-2081.00,"Tax Examiners and Collectors, and Revenue Agents",5300,"Process individual and corporate income tax returns, and sales and excise tax returns.",Supplemental,111.0,07/2011,Incumbent,13,Business and Financial Operations Occupations
2171,13-2081.00,"Tax Examiners and Collectors, and Revenue Agents",5304,Recommend criminal prosecutions or civil penalties.,Supplemental,107.0,07/2011,Incumbent,13,Business and Financial Operations Occupations
2172,13-2081.00,"Tax Examiners and Collectors, and Revenue Agents",5299,Examine accounting systems and records to determine whether accounting methods used were appropriate and in compliance with statutory provisions.,Supplemental,107.0,07/2011,Incumbent,13,Business and Financial Operations Occupations
2173,13-2081.00,"Tax Examiners and Collectors, and Revenue Agents",5296,Review filed tax returns to determine whether claimed tax credits and deductions are allowed by law.,Supplemental,110.0,07/2011,Incumbent,13,Business and Financial Operations Occupations
2174,13-2081.00,"Tax Examiners and Collectors, and Revenue Agents",5312,Participate in informal appeals hearings on contested cases from other agents.,Supplemental,108.0,07/2011,Incumbent,13,Business and Financial Operations Occupations
2175,13-2081.00,"Tax Examiners and Collectors, and Revenue Agents",5303,Examine and analyze tax assets and liabilities to determine resolution of delinquent tax problems.,Supplemental,107.0,07/2011,Incumbent,13,Business and Financial Operations Occupations
2176,13-2081.00,"Tax Examiners and Collectors, and Revenue Agents",5308,"Direct service of legal documents, such as subpoenas, warrants, notices of assessment and garnishments.",Supplemental,109.0,07/2011,Incumbent,13,Business and Financial Operations Occupations
2177,13-2081.00,"Tax Examiners and Collectors, and Revenue Agents",5306,"Secure a taxpayer's agreement to discharge a tax assessment, or submit contested determinations to other administrative or judicial conferees for appeals hearings.",Supplemental,108.0,07/2011,Incumbent,13,Business and Financial Operations Occupations
2178,13-2081.00,"Tax Examiners and Collectors, and Revenue Agents",5305,"Determine appropriate methods of debt settlement, such as offers of compromise, wage garnishment, or seizure and sale of property.",Supplemental,108.0,07/2011,Incumbent,13,Business and Financial Operations Occupations
2179,13-2081.00,"Tax Examiners and Collectors, and Revenue Agents",5309,Request that the state or federal revenue service prepare a return on a taxpayer's behalf in cases where taxes have not been filed.,Supplemental,106.0,07/2011,Incumbent,13,Business and Financial Operations Occupations
2180,13-2081.00,"Tax Examiners and Collectors, and Revenue Agents",5307,"Prepare briefs, and assist in searching and seizing records to prepare charges and documentation for court cases.",Supplemental,108.0,07/2011,Incumbent,13,Business and Financial Operations Occupations
2181,13-2081.00,"Tax Examiners and Collectors, and Revenue Agents",5311,"Install systems of recording costs or other financial and budgetary data or provide advice on such systems, based on examination of current financial records.",Supplemental,106.0,07/2011,Incumbent,13,Business and Financial Operations Occupations
2182,13-2082.00,Tax Preparers,7361,Interview clients to obtain additional information on taxable income and deductible expenses and allowances.,Core,20.0,07/2013,Occupational Expert,13,Business and Financial Operations Occupations
2183,13-2082.00,Tax Preparers,7360,"Use all appropriate adjustments, deductions, and credits to keep clients' taxes to a minimum.",Core,20.0,07/2013,Occupational Expert,13,Business and Financial Operations Occupations
2184,13-2082.00,Tax Preparers,7359,Prepare or assist in preparing simple to complex tax returns for individuals or small businesses.,Core,20.0,07/2013,Occupational Expert,13,Business and Financial Operations Occupations
2185,13-2082.00,Tax Preparers,7358,"Compute taxes owed or overpaid, using adding machines or personal computers, and complete entries on forms, following tax form instructions and tax tables.",Core,20.0,07/2013,Occupational Expert,13,Business and Financial Operations Occupations
2186,13-2082.00,Tax Preparers,7363,Furnish taxpayers with sufficient information and advice to ensure correct tax form completion.,Core,20.0,07/2013,Occupational Expert,13,Business and Financial Operations Occupations
2187,13-2082.00,Tax Preparers,7366,"Check data input or verify totals on forms prepared by others to detect errors in arithmetic, data entry, or procedures.",Core,20.0,07/2013,Occupational Expert,13,Business and Financial Operations Occupations
2188,13-2082.00,Tax Preparers,7364,Consult tax law handbooks or bulletins to determine procedures for preparation of atypical returns.,Core,20.0,07/2013,Occupational Expert,13,Business and Financial Operations Occupations
2189,13-2082.00,Tax Preparers,7365,Calculate form preparation fees according to return complexity and processing time required.,Core,20.0,07/2013,Occupational Expert,13,Business and Financial Operations Occupations
2190,13-2082.00,Tax Preparers,20363,Answer questions and provide future tax planning to clients.,Core,20.0,07/2013,Occupational Expert,13,Business and Financial Operations Occupations
2191,13-2082.00,Tax Preparers,7362,Review financial records such as income statements and documentation of expenditures to determine forms needed to prepare tax returns.,Core,20.0,07/2013,Occupational Expert,13,Business and Financial Operations Occupations
2192,13-2082.00,Tax Preparers,20364,Explain federal and state tax laws to individuals and companies.,Core,20.0,07/2013,Occupational Expert,13,Business and Financial Operations Occupations
2193,13-2099.01,Financial Quantitative Analysts,19572,Analyze pricing or risks of carbon trading products.,,,07/2013,Analyst,13,Business and Financial Operations Occupations
2194,13-2099.01,Financial Quantitative Analysts,15997,"Apply mathematical or statistical techniques to address practical issues in finance, such as derivative valuation, securities trading, risk management, or financial market regulation.",,,07/2013,Analyst,13,Business and Financial Operations Occupations
2195,13-2099.01,Financial Quantitative Analysts,19573,"Assess the potential impact of climate change on business financial issues, such as damage repairs, insurance costs, or potential disruptions of daily activities.",,,07/2013,Analyst,13,Business and Financial Operations Occupations
2196,13-2099.01,Financial Quantitative Analysts,15985,"Collaborate in the development or testing of new analytical software to ensure compliance with user requirements, specifications, or scope.",,,07/2013,Analyst,13,Business and Financial Operations Occupations
2197,13-2099.01,Financial Quantitative Analysts,15994,"Collaborate with product development teams to research, model, validate, or implement quantitative structured solutions for new or expanded markets.",,,07/2013,Analyst,13,Business and Financial Operations Occupations
2198,13-2099.01,Financial Quantitative Analysts,15993,"Confer with other financial engineers or analysts on trading strategies, market dynamics, or trading system performance to inform development of quantitative techniques.",,,07/2013,Analyst,13,Business and Financial Operations Occupations
2199,13-2099.01,Financial Quantitative Analysts,15992,Consult traders or other financial industry personnel to determine the need for new or improved analytical applications.,,,07/2013,Analyst,13,Business and Financial Operations Occupations
2200,13-2099.01,Financial Quantitative Analysts,15991,Define or recommend model specifications or data collection methods.,,,07/2013,Analyst,13,Business and Financial Operations Occupations
2201,13-2099.01,Financial Quantitative Analysts,15990,"Develop core analytical capabilities or model libraries, using advanced statistical, quantitative, or econometric techniques.",,,07/2013,Analyst,13,Business and Financial Operations Occupations
2202,13-2099.01,Financial Quantitative Analysts,19574,"Develop methods of assessing or measuring corporate performance in terms of environmental, social, and governance (ESG) issues.",,,07/2013,Analyst,13,Business and Financial Operations Occupations
2203,13-2099.01,Financial Quantitative Analysts,19575,Develop solutions to help clients hedge carbon exposure or risk.,,,07/2013,Analyst,13,Business and Financial Operations Occupations
2204,13-2099.01,Financial Quantitative Analysts,19576,"Develop tools to assess green technologies or green financial products, such as green hedge funds or social responsibility investment funds.",,,07/2013,Analyst,13,Business and Financial Operations Occupations
2205,13-2099.01,Financial Quantitative Analysts,15996,Devise or apply independent models or tools to help verify results of analytical systems.,,,07/2013,Analyst,13,Business and Financial Operations Occupations
2206,13-2099.01,Financial Quantitative Analysts,15984,"Identify, track, or maintain metrics for trading system operations.",,,07/2013,Analyst,13,Business and Financial Operations Occupations
2207,13-2099.01,Financial Quantitative Analysts,15989,Interpret results of financial analysis procedures.,,,07/2013,Analyst,13,Business and Financial Operations Occupations
2208,13-2099.01,Financial Quantitative Analysts,15987,Maintain or modify all financial analytic models in use.,,,07/2013,Analyst,13,Business and Financial Operations Occupations
2209,13-2099.01,Financial Quantitative Analysts,15982,Prepare requirements documentation for use by software developers.,,,07/2013,Analyst,13,Business and Financial Operations Occupations
2210,13-2099.01,Financial Quantitative Analysts,15988,Produce written summary reports of financial research results.,,,07/2013,Analyst,13,Business and Financial Operations Occupations
2211,13-2099.01,Financial Quantitative Analysts,15983,Provide application or analytical support to researchers or traders on issues such as valuations or data.,,,07/2013,Analyst,13,Business and Financial Operations Occupations
2212,13-2099.01,Financial Quantitative Analysts,15986,Research new financial products or analytics to determine their usefulness.,,,07/2013,Analyst,13,Business and Financial Operations Occupations
2213,13-2099.01,Financial Quantitative Analysts,15995,"Research or develop analytical tools to address issues such as portfolio construction or optimization, performance measurement, attribution, profit and loss measurement, or pricing models.",,,07/2013,Analyst,13,Business and Financial Operations Occupations
2214,13-2099.02,Risk Management Specialists,16012,"Document, and ensure communication of, key risks.",Core,46.0,07/2011,Occupational Expert,13,Business and Financial Operations Occupations
2215,13-2099.02,Risk Management Specialists,16001,Maintain input or data quality of risk management systems.,Core,46.0,07/2011,Occupational Expert,13,Business and Financial Operations Occupations
2216,13-2099.02,Risk Management Specialists,16007,Recommend ways to control or reduce risk.,Core,47.0,07/2011,Occupational Expert,13,Business and Financial Operations Occupations
2217,13-2099.02,Risk Management Specialists,16015,"Identify key risks and mitigating factors of potential investments, such as asset types and values, legal and ownership structures, professional reputations, customer bases, or industry segments.",Core,47.0,07/2011,Occupational Expert,13,Business and Financial Operations Occupations
2218,13-2099.02,Risk Management Specialists,16013,Devise systems and processes to monitor validity of risk modeling outputs.,Core,46.0,07/2011,Occupational Expert,13,Business and Financial Operations Occupations
2219,13-2099.02,Risk Management Specialists,16010,Gather risk-related data from internal or external resources.,Core,47.0,07/2011,Occupational Expert,13,Business and Financial Operations Occupations
2220,13-2099.02,Risk Management Specialists,16016,"Identify and analyze areas of potential risk to the assets, earning capacity, or success of organizations.",Core,47.0,07/2011,Occupational Expert,13,Business and Financial Operations Occupations
2221,13-2099.02,Risk Management Specialists,16011,Develop or implement risk-assessment models or methodologies.,Core,46.0,07/2011,Occupational Expert,13,Business and Financial Operations Occupations
2222,13-2099.02,Risk Management Specialists,16008,"Produce reports or presentations that outline findings, explain risk positions, or recommend changes.",Core,47.0,07/2011,Occupational Expert,13,Business and Financial Operations Occupations
2223,13-2099.02,Risk Management Specialists,16009,"Plan, and contribute to development of, risk management systems.",Core,46.0,07/2011,Occupational Expert,13,Business and Financial Operations Occupations
2224,13-2099.02,Risk Management Specialists,16014,Conduct statistical analyses to quantify risk using statistical analysis software or econometric models.,Core,47.0,07/2011,Occupational Expert,13,Business and Financial Operations Occupations
2225,13-2099.02,Risk Management Specialists,16000,"Meet with clients to answer queries on subjects such as risk exposure, market scenarios, or values-at-risk calculations.",Core,45.0,07/2011,Occupational Expert,13,Business and Financial Operations Occupations
2226,13-2099.02,Risk Management Specialists,16003,Devise scenario analyses reflecting possible severe market events.,Core,47.0,07/2011,Occupational Expert,13,Business and Financial Operations Occupations
2227,13-2099.02,Risk Management Specialists,16002,Develop contingency plans to deal with emergencies.,Core,47.0,07/2011,Occupational Expert,13,Business and Financial Operations Occupations
2228,13-2099.02,Risk Management Specialists,16017,Confer with traders to identify and communicate risks associated with specific trading strategies or positions.,Core,47.0,07/2011,Occupational Expert,13,Business and Financial Operations Occupations
2229,13-2099.02,Risk Management Specialists,16006,Analyze new legislation to determine impact on risk exposure.,Core,46.0,07/2011,Occupational Expert,13,Business and Financial Operations Occupations
2230,13-2099.02,Risk Management Specialists,16005,"Track, measure, or report on aspects of market risk for traded issues.",Supplemental,47.0,07/2011,Occupational Expert,13,Business and Financial Operations Occupations
2231,13-2099.02,Risk Management Specialists,15999,Review or draft risk disclosures for offer documents.,Supplemental,47.0,07/2011,Occupational Expert,13,Business and Financial Operations Occupations
2232,13-2099.02,Risk Management Specialists,15998,Provide statistical modeling advice to other departments.,Supplemental,47.0,07/2011,Occupational Expert,13,Business and Financial Operations Occupations
2233,13-2099.02,Risk Management Specialists,16004,Consult financial literature to ensure use of the latest models or statistical techniques.,Supplemental,47.0,07/2011,Occupational Expert,13,Business and Financial Operations Occupations
2234,13-2099.02,Risk Management Specialists,19577,Determine potential environmental impacts of new products or processes on long-term growth and profitability.,,,07/2011,Analyst,13,Business and Financial Operations Occupations
2235,13-2099.02,Risk Management Specialists,19578,"Determine potential liability related to the use of more sustainable methods of product packaging, such as biodegradable food containers.",,,07/2011,Analyst,13,Business and Financial Operations Occupations
2236,13-2099.02,Risk Management Specialists,19579,Evaluate the risks and benefits involved in implementing green building technologies.,,,07/2011,Analyst,13,Business and Financial Operations Occupations
2237,13-2099.02,Risk Management Specialists,19580,"Evaluate the risks related to green investments, such as renewable energy company stocks.",,,07/2011,Analyst,13,Business and Financial Operations Occupations
2238,13-2099.03,Investment Underwriters,16031,"Advise clients on aspects of capitalization, such as amounts, sources, or timing.",,,07/2013,Analyst,13,Business and Financial Operations Occupations
2239,13-2099.03,Investment Underwriters,16030,Analyze financial or operational performance of companies facing financial difficulties to identify or recommend remedies.,,,07/2013,Analyst,13,Business and Financial Operations Occupations
2240,13-2099.03,Investment Underwriters,19581,"Arrange deals involving green investments in areas such as alternative energy product development, green technologies, or sustainable agriculture.",,,07/2013,Analyst,13,Business and Financial Operations Occupations
2241,13-2099.03,Investment Underwriters,16034,"Arrange financing of deals from sources such as financial institutions, agencies, or public or private companies.",,,07/2013,Analyst,13,Business and Financial Operations Occupations
2242,13-2099.03,Investment Underwriters,16020,Assess companies as investments for clients by examining company facilities.,,,07/2013,Analyst,13,Business and Financial Operations Occupations
2243,13-2099.03,Investment Underwriters,16028,"Collaborate on projects with other professionals, such as lawyers, accountants, or public relations experts.",,,07/2013,Analyst,13,Business and Financial Operations Occupations
2244,13-2099.03,Investment Underwriters,16029,"Confer with clients to restructure debt, refinance debt, or raise new debt.",,,07/2013,Analyst,13,Business and Financial Operations Occupations
2245,13-2099.03,Investment Underwriters,16027,Coordinate due diligence processes and the negotiation or execution of purchase or sale agreements.,,,07/2013,Analyst,13,Business and Financial Operations Occupations
2246,13-2099.03,Investment Underwriters,16026,Create client presentations of plan details.,,,07/2013,Analyst,13,Business and Financial Operations Occupations
2247,13-2099.03,Investment Underwriters,16024,Develop and maintain client relationships.,,,07/2013,Analyst,13,Business and Financial Operations Occupations
2248,13-2099.03,Investment Underwriters,16032,Direct communications between corporate issuers of new securities and the general public.,,,07/2013,Analyst,13,Business and Financial Operations Occupations
2249,13-2099.03,Investment Underwriters,16023,Employ financial models to develop solutions to financial problems or to assess the financial or capital impact of transactions.,,,07/2013,Analyst,13,Business and Financial Operations Occupations
2250,13-2099.03,Investment Underwriters,16025,Evaluate capital needs of clients and assess market conditions to inform structuring of financial packages.,,,07/2013,Analyst,13,Business and Financial Operations Occupations
2251,13-2099.03,Investment Underwriters,16022,Perform securities valuation or pricing.,,,07/2013,Analyst,13,Business and Financial Operations Occupations
2252,13-2099.03,Investment Underwriters,16021,Prepare all materials for transactions or execution of deals.,,,07/2013,Analyst,13,Business and Financial Operations Occupations
2253,13-2099.03,Investment Underwriters,19582,"Specialize in green financial instruments, such as socially responsible mutual funds or exchange-traded funds (ETF) that are comprised of green companies.",,,07/2013,Analyst,13,Business and Financial Operations Occupations
2254,13-2099.03,Investment Underwriters,16018,Structure marketing campaigns to find buyers for new securities.,,,07/2013,Analyst,13,Business and Financial Operations Occupations
2255,13-2099.03,Investment Underwriters,16033,"Structure or negotiate deals, such as corporate mergers, sales, or acquisitions.",,,07/2013,Analyst,13,Business and Financial Operations Occupations
2256,13-2099.03,Investment Underwriters,16019,"Supervise, train, or mentor junior team members.",,,07/2013,Analyst,13,Business and Financial Operations Occupations
2257,13-2099.04,"Fraud Examiners, Investigators and Analysts",16053,Document all investigative activities.,Core,32.0,06/2010,Occupational Expert,13,Business and Financial Operations Occupations
2258,13-2099.04,"Fraud Examiners, Investigators and Analysts",16046,Prepare written reports of investigation findings.,Core,32.0,06/2010,Occupational Expert,13,Business and Financial Operations Occupations
2259,13-2099.04,"Fraud Examiners, Investigators and Analysts",16038,Prepare evidence for presentation in court.,Core,32.0,06/2010,Occupational Expert,13,Business and Financial Operations Occupations
2260,13-2099.04,"Fraud Examiners, Investigators and Analysts",16043,Testify in court regarding investigation findings.,Core,32.0,06/2010,Occupational Expert,13,Business and Financial Operations Occupations
2261,13-2099.04,"Fraud Examiners, Investigators and Analysts",16049,Interview witnesses or suspects and take statements.,Core,32.0,06/2010,Occupational Expert,13,Business and Financial Operations Occupations
2262,13-2099.04,"Fraud Examiners, Investigators and Analysts",16055,Coordinate investigative efforts with law enforcement officers and attorneys.,Core,32.0,06/2010,Occupational Expert,13,Business and Financial Operations Occupations
2263,13-2099.04,"Fraud Examiners, Investigators and Analysts",16044,Advise businesses or agencies on ways to improve fraud detection.,Core,32.0,06/2010,Occupational Expert,13,Business and Financial Operations Occupations
2264,13-2099.04,"Fraud Examiners, Investigators and Analysts",16051,Gather financial documents related to investigations.,Core,32.0,06/2010,Occupational Expert,13,Business and Financial Operations Occupations
2265,13-2099.04,"Fraud Examiners, Investigators and Analysts",16056,"Conduct in-depth investigations of suspicious financial activity, such as suspected money-laundering efforts.",Core,32.0,06/2010,Occupational Expert,13,Business and Financial Operations Occupations
2266,13-2099.04,"Fraud Examiners, Investigators and Analysts",16054,"Create and maintain logs, records, or databases of information about fraudulent activity.",Core,31.0,06/2010,Occupational Expert,13,Business and Financial Operations Occupations
2267,13-2099.04,"Fraud Examiners, Investigators and Analysts",16057,"Analyze financial data to detect irregularities in areas such as billing trends, financial relationships, and regulatory compliance procedures.",Core,32.0,06/2010,Occupational Expert,13,Business and Financial Operations Occupations
2268,13-2099.04,"Fraud Examiners, Investigators and Analysts",16050,"Design, implement, or maintain fraud detection tools or procedures.",Core,32.0,06/2010,Occupational Expert,13,Business and Financial Operations Occupations
2269,13-2099.04,"Fraud Examiners, Investigators and Analysts",16048,"Lead, or participate in, fraud investigation teams.",Core,32.0,06/2010,Occupational Expert,13,Business and Financial Operations Occupations
2270,13-2099.04,"Fraud Examiners, Investigators and Analysts",16045,Review reports of suspected fraud to determine need for further investigation.,Core,32.0,06/2010,Occupational Expert,13,Business and Financial Operations Occupations
2271,13-2099.04,"Fraud Examiners, Investigators and Analysts",16036,Train others in fraud detection and prevention techniques.,Core,32.0,06/2010,Occupational Expert,13,Business and Financial Operations Occupations
2272,13-2099.04,"Fraud Examiners, Investigators and Analysts",16035,Maintain knowledge of current events and trends in such areas as money laundering and criminal tools and techniques.,Core,32.0,06/2010,Occupational Expert,13,Business and Financial Operations Occupations
2273,13-2099.04,"Fraud Examiners, Investigators and Analysts",16052,Evaluate business operations to identify risk areas for fraud.,Core,32.0,06/2010,Occupational Expert,13,Business and Financial Operations Occupations
2274,13-2099.04,"Fraud Examiners, Investigators and Analysts",16047,Recommend actions in fraud cases.,Core,32.0,06/2010,Occupational Expert,13,Business and Financial Operations Occupations
2275,13-2099.04,"Fraud Examiners, Investigators and Analysts",16040,Negotiate with responsible parties to arrange for recovery of losses due to fraud.,Core,32.0,06/2010,Occupational Expert,13,Business and Financial Operations Occupations
2276,13-2099.04,"Fraud Examiners, Investigators and Analysts",16041,Conduct field surveillance to gather case-related information.,Core,32.0,06/2010,Occupational Expert,13,Business and Financial Operations Occupations
2277,13-2099.04,"Fraud Examiners, Investigators and Analysts",16037,Research or evaluate new technologies for use in fraud detection systems.,Core,32.0,06/2010,Occupational Expert,13,Business and Financial Operations Occupations
2278,13-2099.04,"Fraud Examiners, Investigators and Analysts",16039,Obtain and serve subpoenas.,Supplemental,31.0,06/2010,Occupational Expert,13,Business and Financial Operations Occupations
2279,13-2099.04,"Fraud Examiners, Investigators and Analysts",16042,Arrest individuals to be charged with fraud.,Supplemental,32.0,06/2010,Occupational Expert,13,Business and Financial Operations Occupations
