,soc_code,title,task_id,task,task_type,Incumbents Responding,Date,Domain Source,SOC-2digit,SOC Title
2280,15-1111.00,Computer and Information Research Scientists,14623,Analyze problems to develop solutions involving computer hardware and software.,Core,108.0,06/2008,Incumbent,15,Computer and Mathematical Occupations
2281,15-1111.00,Computer and Information Research Scientists,14624,Assign or schedule tasks to meet work priorities and goals.,Core,108.0,06/2008,Incumbent,15,Computer and Mathematical Occupations
2282,15-1111.00,Computer and Information Research Scientists,14625,Evaluate project plans and proposals to assess feasibility issues.,Core,109.0,06/2008,Incumbent,15,Computer and Mathematical Occupations
2283,15-1111.00,Computer and Information Research Scientists,14626,"Apply theoretical expertise and innovation to create or apply new technology, such as adapting principles for applying computers to new uses.",Core,109.0,06/2008,Incumbent,15,Computer and Mathematical Occupations
2284,15-1111.00,Computer and Information Research Scientists,14627,"Consult with users, management, vendors, and technicians to determine computing needs and system requirements.",Core,109.0,06/2008,Incumbent,15,Computer and Mathematical Occupations
2285,15-1111.00,Computer and Information Research Scientists,14628,"Meet with managers, vendors, and others to solicit cooperation and resolve problems.",Core,109.0,06/2008,Incumbent,15,Computer and Mathematical Occupations
2286,15-1111.00,Computer and Information Research Scientists,14629,"Conduct logical analyses of business, scientific, engineering, and other technical problems, formulating mathematical models of problems for solution by computers.",Core,109.0,06/2008,Incumbent,15,Computer and Mathematical Occupations
2287,15-1111.00,Computer and Information Research Scientists,14630,"Develop and interpret organizational goals, policies, and procedures.",Core,109.0,06/2008,Incumbent,15,Computer and Mathematical Occupations
2288,15-1111.00,Computer and Information Research Scientists,14631,Participate in staffing decisions and direct training of subordinates.,Core,109.0,06/2008,Incumbent,15,Computer and Mathematical Occupations
2289,15-1111.00,Computer and Information Research Scientists,14632,"Develop performance standards, and evaluate work in light of established standards.",Core,108.0,06/2008,Incumbent,15,Computer and Mathematical Occupations
2290,15-1111.00,Computer and Information Research Scientists,14633,Design computers and the software that runs them.,Supplemental,109.0,06/2008,Incumbent,15,Computer and Mathematical Occupations
2291,15-1111.00,Computer and Information Research Scientists,14634,"Maintain network hardware and software, direct network security measures, and monitor networks to ensure availability to system users.",Supplemental,109.0,06/2008,Incumbent,15,Computer and Mathematical Occupations
2292,15-1111.00,Computer and Information Research Scientists,14635,"Participate in multidisciplinary projects in areas such as virtual reality, human-computer interaction, or robotics.",Supplemental,109.0,06/2008,Incumbent,15,Computer and Mathematical Occupations
2293,15-1111.00,Computer and Information Research Scientists,14636,"Approve, prepare, monitor, and adjust operational budgets.",Supplemental,109.0,06/2008,Incumbent,15,Computer and Mathematical Occupations
2294,15-1111.00,Computer and Information Research Scientists,14637,"Direct daily operations of departments, coordinating project activities with other departments.",Supplemental,109.0,06/2008,Incumbent,15,Computer and Mathematical Occupations
2295,15-1121.00,Computer Systems Analysts,3470,Expand or modify system to serve new purposes or improve work flow.,Core,123.0,06/2009,Incumbent,15,Computer and Mathematical Occupations
2296,15-1121.00,Computer Systems Analysts,3465,"Test, maintain, and monitor computer programs and systems, including coordinating the installation of computer programs and systems.",Core,122.0,06/2009,Incumbent,15,Computer and Mathematical Occupations
2297,15-1121.00,Computer Systems Analysts,3477,"Develop, document and revise system design procedures, test procedures, and quality standards.",Core,122.0,06/2009,Incumbent,15,Computer and Mathematical Occupations
2298,15-1121.00,Computer Systems Analysts,3464,"Provide staff and users with assistance solving computer related problems, such as malfunctions and program problems.",Core,122.0,06/2009,Incumbent,15,Computer and Mathematical Occupations
2299,15-1121.00,Computer Systems Analysts,3478,"Review and analyze computer printouts and performance indicators to locate code problems, and correct errors by correcting codes.",Core,123.0,06/2009,Incumbent,15,Computer and Mathematical Occupations
2300,15-1121.00,Computer Systems Analysts,3469,Consult with management to ensure agreement on system principles.,Core,122.0,06/2009,Incumbent,15,Computer and Mathematical Occupations
2301,15-1121.00,Computer Systems Analysts,3467,Confer with clients regarding the nature of the information processing or computation needs a computer program is to address.,Core,120.0,06/2009,Incumbent,15,Computer and Mathematical Occupations
2302,15-1121.00,Computer Systems Analysts,3480,"Read manuals, periodicals, and technical reports to learn how to develop programs that meet staff and user requirements.",Core,121.0,06/2009,Incumbent,15,Computer and Mathematical Occupations
2303,15-1121.00,Computer Systems Analysts,3468,Coordinate and link the computer systems within an organization to increase compatibility and so information can be shared.,Core,122.0,06/2009,Incumbent,15,Computer and Mathematical Occupations
2304,15-1121.00,Computer Systems Analysts,3472,Determine computer software or hardware needed to set up or alter system.,Core,120.0,06/2009,Incumbent,15,Computer and Mathematical Occupations
2305,15-1121.00,Computer Systems Analysts,3481,Supervise computer programmers or other systems analysts or serve as project leaders for particular systems projects.,Core,121.0,06/2009,Incumbent,15,Computer and Mathematical Occupations
2306,15-1121.00,Computer Systems Analysts,3475,Assess the usefulness of pre-developed application packages and adapt them to a user environment.,Core,121.0,06/2009,Incumbent,15,Computer and Mathematical Occupations
2307,15-1121.00,Computer Systems Analysts,3474,"Analyze information processing or computation needs and plan and design computer systems, using techniques such as structured analysis, data modeling and information engineering.",Core,119.0,06/2009,Incumbent,15,Computer and Mathematical Occupations
2308,15-1121.00,Computer Systems Analysts,3476,Define the goals of the system and devise flow charts and diagrams describing logical operational steps of programs.,Core,121.0,06/2009,Incumbent,15,Computer and Mathematical Occupations
2309,15-1121.00,Computer Systems Analysts,3473,Train staff and users to work with computer systems and programs.,Core,122.0,06/2009,Incumbent,15,Computer and Mathematical Occupations
2310,15-1121.00,Computer Systems Analysts,3479,Recommend new equipment or software packages.,Core,121.0,06/2009,Incumbent,15,Computer and Mathematical Occupations
2311,15-1121.00,Computer Systems Analysts,3466,"Use object-oriented programming languages, as well as client and server applications development processes and multimedia and Internet technology.",Supplemental,121.0,06/2009,Incumbent,15,Computer and Mathematical Occupations
2312,15-1121.00,Computer Systems Analysts,3483,Prepare cost-benefit and return-on-investment analyses to aid in decisions on system implementation.,Supplemental,120.0,06/2009,Incumbent,15,Computer and Mathematical Occupations
2313,15-1121.00,Computer Systems Analysts,3482,"Use the computer in the analysis and solution of business problems, such as development of integrated production and inventory control and cost analysis systems.",Supplemental,121.0,06/2009,Incumbent,15,Computer and Mathematical Occupations
2314,15-1121.00,Computer Systems Analysts,3484,Specify inputs accessed by the system and plan the distribution and use of the results.,Supplemental,119.0,06/2009,Incumbent,15,Computer and Mathematical Occupations
2315,15-1121.00,Computer Systems Analysts,3471,"Interview or survey workers, observe job performance or perform the job to determine what information is processed and how it is processed.",Supplemental,121.0,06/2009,Incumbent,15,Computer and Mathematical Occupations
2316,15-1121.01,Informatics Nurse Specialists,18088,"Design, develop, select, test, implement, and evaluate new or modified informatics solutions, data structures, and decision-support mechanisms to support patients, health care professionals, and their information management and human-computer and human-technology interactions within health care contexts.",Core,20.0,07/2013,Occupational Expert,15,Computer and Mathematical Occupations
2317,15-1121.01,Informatics Nurse Specialists,18094,"Analyze and interpret patient, nursing, or information systems data to improve nursing services.",Core,20.0,07/2013,Occupational Expert,15,Computer and Mathematical Occupations
2318,15-1121.01,Informatics Nurse Specialists,18096,"Apply knowledge of computer science, information science, nursing, and informatics theory to nursing practice, education, administration, or research, in collaboration with other health informatics specialists.",Core,20.0,07/2013,Occupational Expert,15,Computer and Mathematical Occupations
2319,15-1121.01,Informatics Nurse Specialists,18090,"Translate nursing practice information between nurses and systems engineers, analysts, or designers using object-oriented models or other techniques.",Core,20.0,07/2013,Occupational Expert,15,Computer and Mathematical Occupations
2320,15-1121.01,Informatics Nurse Specialists,18100,"Develop strategies, policies or procedures for introducing, evaluating or modifying information technology applied to nursing practice, administration, education, or research.",Core,20.0,07/2013,Occupational Expert,15,Computer and Mathematical Occupations
2321,15-1121.01,Informatics Nurse Specialists,18097,"Develop or implement policies or practices to ensure the privacy, confidentiality, or security of patient information.",Core,20.0,07/2013,Occupational Expert,15,Computer and Mathematical Occupations
2322,15-1121.01,Informatics Nurse Specialists,18101,"Identify, collect, record or analyze data that are relevant to the nursing care of patients.",Core,20.0,07/2013,Occupational Expert,15,Computer and Mathematical Occupations
2323,15-1121.01,Informatics Nurse Specialists,18102,"Read current literature, talk with colleagues, and participate in professional organizations or conferences to keep abreast of developments in informatics.",Core,20.0,07/2013,Occupational Expert,15,Computer and Mathematical Occupations
2324,15-1121.01,Informatics Nurse Specialists,18103,Provide consultation to nurses regarding hardware or software configuration.,Core,20.0,07/2013,Occupational Expert,15,Computer and Mathematical Occupations
2325,15-1121.01,Informatics Nurse Specialists,18089,"Disseminate information about nursing informatics science and practice to the profession, other health care professions, nursing students, and the public.",Core,20.0,07/2013,Occupational Expert,15,Computer and Mathematical Occupations
2326,15-1121.01,Informatics Nurse Specialists,18093,"Develop, implement or evaluate health information technology applications, tools, processes or structures to assist nurses with data management.",Core,20.0,07/2013,Occupational Expert,15,Computer and Mathematical Occupations
2327,15-1121.01,Informatics Nurse Specialists,18092,Use informatics science to design or implement health information technology applications to resolve clinical or health care administrative problems.,Core,20.0,07/2013,Occupational Expert,15,Computer and Mathematical Occupations
2328,15-1121.01,Informatics Nurse Specialists,18099,"Develop or deliver training programs for health information technology, creating operating manuals as needed.",Core,20.0,07/2013,Occupational Expert,15,Computer and Mathematical Occupations
2329,15-1121.01,Informatics Nurse Specialists,18095,"Analyze computer and information technologies to determine applicability to nursing practice, education, administration and research.",Core,20.0,07/2013,Occupational Expert,15,Computer and Mathematical Occupations
2330,15-1121.01,Informatics Nurse Specialists,18104,"Inform local, state, national and international health policies related to information management and communication, confidentiality and security, patient safety, infrastructure development and economics.",Core,20.0,07/2013,Occupational Expert,15,Computer and Mathematical Occupations
2331,15-1121.01,Informatics Nurse Specialists,18098,"Design, conduct, or provide support to nursing informatics research.",Core,20.0,07/2013,Occupational Expert,15,Computer and Mathematical Occupations
2332,15-1121.01,Informatics Nurse Specialists,18091,"Plan, install, repair or troubleshoot telehealth technology applications or systems in homes.",Supplemental,20.0,07/2013,Occupational Expert,15,Computer and Mathematical Occupations
2333,15-1122.00,Information Security Analysts,5321,Encrypt data transmissions and erect firewalls to conceal confidential information as it is being transmitted and to keep out tainted digital transfers.,Core,73.0,06/2009,Incumbent,15,Computer and Mathematical Occupations
2334,15-1122.00,Information Security Analysts,5314,"Develop plans to safeguard computer files against accidental or unauthorized modification, destruction, or disclosure and to meet emergency data processing needs.",Core,74.0,06/2009,Incumbent,15,Computer and Mathematical Occupations
2335,15-1122.00,Information Security Analysts,5323,Review violations of computer security procedures and discuss procedures with violators to ensure violations are not repeated.,Core,73.0,06/2009,Incumbent,15,Computer and Mathematical Occupations
2336,15-1122.00,Information Security Analysts,5319,Monitor use of data files and regulate access to safeguard information in computer files.,Core,73.0,06/2009,Incumbent,15,Computer and Mathematical Occupations
2337,15-1122.00,Information Security Analysts,5316,Monitor current reports of computer viruses to determine when to update virus protection systems.,Core,74.0,06/2009,Incumbent,15,Computer and Mathematical Occupations
2338,15-1122.00,Information Security Analysts,5317,"Modify computer security files to incorporate new software, correct errors, or change individual access status.",Core,73.0,06/2009,Incumbent,15,Computer and Mathematical Occupations
2339,15-1122.00,Information Security Analysts,5320,Perform risk assessments and execute tests of data processing system to ensure functioning of data processing activities and security measures.,Core,73.0,06/2009,Incumbent,15,Computer and Mathematical Occupations
2340,15-1122.00,Information Security Analysts,5315,"Confer with users to discuss issues such as computer data access needs, security violations, and programming changes.",Core,73.0,06/2009,Incumbent,15,Computer and Mathematical Occupations
2341,15-1122.00,Information Security Analysts,5313,Train users and promote security awareness to ensure system security and to improve server and network efficiency.,Core,74.0,06/2009,Incumbent,15,Computer and Mathematical Occupations
2342,15-1122.00,Information Security Analysts,5318,Coordinate implementation of computer system plan with establishment personnel and outside vendors.,Core,74.0,06/2009,Incumbent,15,Computer and Mathematical Occupations
2343,15-1122.00,Information Security Analysts,5322,"Document computer security and emergency measures policies, procedures, and tests.",Core,73.0,06/2009,Incumbent,15,Computer and Mathematical Occupations
2344,15-1122.00,Information Security Analysts,5324,"Maintain permanent fleet cryptologic and carry-on direct support systems required in special land, sea surface and subsurface operations.",Supplemental,73.0,06/2009,Incumbent,15,Computer and Mathematical Occupations
2345,15-1131.00,Computer Programmers,1267,Correct errors by making appropriate changes and rechecking the program to ensure that the desired results are produced.,Core,112.0,06/2009,Incumbent,15,Computer and Mathematical Occupations
2346,15-1131.00,Computer Programmers,1268,Conduct trial runs of programs and software applications to be sure they will produce the desired information and that the instructions are correct.,Core,112.0,06/2009,Incumbent,15,Computer and Mathematical Occupations
2347,15-1131.00,Computer Programmers,1270,"Write, update, and maintain computer programs or software packages to handle specific jobs such as tracking inventory, storing or retrieving data, or controlling other equipment.",Core,112.0,06/2009,Incumbent,15,Computer and Mathematical Occupations
2348,15-1131.00,Computer Programmers,1273,"Write, analyze, review, and rewrite programs, using workflow chart and diagram, and applying knowledge of computer capabilities, subject matter, and symbolic logic.",Core,112.0,06/2009,Incumbent,15,Computer and Mathematical Occupations
2349,15-1131.00,Computer Programmers,1272,"Perform or direct revision, repair, or expansion of existing programs to increase operating efficiency or adapt to new requirements.",Core,112.0,06/2009,Incumbent,15,Computer and Mathematical Occupations
2350,15-1131.00,Computer Programmers,1271,"Consult with managerial, engineering, and technical personnel to clarify program intent, identify problems, and suggest changes.",Core,112.0,06/2009,Incumbent,15,Computer and Mathematical Occupations
2351,15-1131.00,Computer Programmers,1277,Perform systems analysis and programming tasks to maintain and control the use of computer systems software as a systems programmer.,Core,112.0,06/2009,Incumbent,15,Computer and Mathematical Occupations
2352,15-1131.00,Computer Programmers,1269,"Compile and write documentation of program development and subsequent revisions, inserting comments in the coded instructions so others can understand the program.",Core,112.0,06/2009,Incumbent,15,Computer and Mathematical Occupations
2353,15-1131.00,Computer Programmers,1276,"Prepare detailed workflow charts and diagrams that describe input, output, and logical operation, and convert them into a series of instructions coded in a computer language.",Core,112.0,06/2009,Incumbent,15,Computer and Mathematical Occupations
2354,15-1131.00,Computer Programmers,1278,Consult with and assist computer operators or system analysts to define and resolve problems in running computer programs.,Core,112.0,06/2009,Incumbent,15,Computer and Mathematical Occupations
2355,15-1131.00,Computer Programmers,1275,"Investigate whether networks, workstations, the central processing unit of the system, or peripheral equipment are responding to a program's instructions.",Core,112.0,06/2009,Incumbent,15,Computer and Mathematical Occupations
2356,15-1131.00,Computer Programmers,1279,"Assign, coordinate, and review work and activities of programming personnel.",Supplemental,112.0,06/2009,Incumbent,15,Computer and Mathematical Occupations
2357,15-1131.00,Computer Programmers,1274,Write or contribute to instructions or manuals to guide end users.,Supplemental,112.0,06/2009,Incumbent,15,Computer and Mathematical Occupations
2358,15-1131.00,Computer Programmers,1281,Train subordinates in programming and program coding.,Supplemental,112.0,06/2009,Incumbent,15,Computer and Mathematical Occupations
2359,15-1131.00,Computer Programmers,1280,Collaborate with computer manufacturers and other users to develop new programming methods.,Supplemental,112.0,06/2009,Incumbent,15,Computer and Mathematical Occupations
2360,15-1132.00,"Software Developers, Applications",3431,"Modify existing software to correct errors, allow it to adapt to new hardware, or to improve its performance.",Core,85.0,06/2009,Incumbent,15,Computer and Mathematical Occupations
2361,15-1132.00,"Software Developers, Applications",3436,"Develop and direct software system testing and validation procedures, programming, and documentation.",Core,85.0,06/2009,Incumbent,15,Computer and Mathematical Occupations
2362,15-1132.00,"Software Developers, Applications",3430,"Confer with systems analysts, engineers, programmers and others to design system and to obtain information on project limitations and capabilities, performance requirements and interfaces.",Core,85.0,06/2009,Incumbent,15,Computer and Mathematical Occupations
2363,15-1132.00,"Software Developers, Applications",3432,Analyze user needs and software requirements to determine feasibility of design within time and cost constraints.,Core,84.0,06/2009,Incumbent,15,Computer and Mathematical Occupations
2364,15-1132.00,"Software Developers, Applications",3435,"Design, develop and modify software systems, using scientific analysis and mathematical models to predict and measure outcome and consequences of design.",Core,85.0,06/2009,Incumbent,15,Computer and Mathematical Occupations
2365,15-1132.00,"Software Developers, Applications",3442,"Store, retrieve, and manipulate data for analysis of system capabilities and requirements.",Core,85.0,06/2009,Incumbent,15,Computer and Mathematical Occupations
2366,15-1132.00,"Software Developers, Applications",3433,Consult with customers about software system design and maintenance.,Core,85.0,06/2009,Incumbent,15,Computer and Mathematical Occupations
2367,15-1132.00,"Software Developers, Applications",3438,"Supervise the work of programmers, technologists and technicians and other engineering and scientific personnel.",Core,85.0,06/2009,Incumbent,15,Computer and Mathematical Occupations
2368,15-1132.00,"Software Developers, Applications",3434,Coordinate software system installation and monitor equipment functioning to ensure specifications are met.,Core,85.0,06/2009,Incumbent,15,Computer and Mathematical Occupations
2369,15-1132.00,"Software Developers, Applications",3439,"Obtain and evaluate information on factors such as reporting formats required, costs, and security needs to determine hardware configuration.",Core,85.0,06/2009,Incumbent,15,Computer and Mathematical Occupations
2370,15-1132.00,"Software Developers, Applications",3440,Determine system performance standards.,Core,85.0,06/2009,Incumbent,15,Computer and Mathematical Occupations
2371,15-1132.00,"Software Developers, Applications",3441,Train users to use new or modified equipment.,Supplemental,84.0,06/2009,Incumbent,15,Computer and Mathematical Occupations
2372,15-1132.00,"Software Developers, Applications",3443,Specify power supply requirements and configuration.,Supplemental,85.0,06/2009,Incumbent,15,Computer and Mathematical Occupations
2373,15-1132.00,"Software Developers, Applications",3444,"Recommend purchase of equipment to control dust, temperature, and humidity in area of system installation.",Supplemental,85.0,06/2009,Incumbent,15,Computer and Mathematical Occupations
2374,15-1132.00,"Software Developers, Applications",3437,"Analyze information to determine, recommend, and plan computer specifications and layouts, and peripheral equipment modifications.",Supplemental,85.0,06/2009,Incumbent,15,Computer and Mathematical Occupations
2375,15-1133.00,"Software Developers, Systems Software",3445,"Modify existing software to correct errors, to adapt it to new hardware, or to upgrade interfaces and improve performance.",Core,115.0,07/2013,Incumbent,15,Computer and Mathematical Occupations
2376,15-1133.00,"Software Developers, Systems Software",3449,Develop or direct software system testing or validation procedures.,Core,115.0,07/2013,Incumbent,15,Computer and Mathematical Occupations
2377,15-1133.00,"Software Developers, Systems Software",3450,Direct software programming and development of documentation.,Core,115.0,07/2013,Incumbent,15,Computer and Mathematical Occupations
2378,15-1133.00,"Software Developers, Systems Software",3451,"Consult with customers or other departments on project status, proposals, or technical issues, such as software system design or maintenance.",Core,115.0,07/2013,Incumbent,15,Computer and Mathematical Occupations
2379,15-1133.00,"Software Developers, Systems Software",3448,"Analyze information to determine, recommend, and plan installation of a new system or modification of an existing system.",Core,114.0,07/2013,Incumbent,15,Computer and Mathematical Occupations
2380,15-1133.00,"Software Developers, Systems Software",3447,"Consult with engineering staff to evaluate interface between hardware and software, develop specifications and performance requirements, or resolve customer problems.",Core,114.0,07/2013,Incumbent,15,Computer and Mathematical Occupations
2381,15-1133.00,"Software Developers, Systems Software",3446,"Design or develop software systems, using scientific analysis and mathematical models to predict and measure outcome and consequences of design.",Core,116.0,07/2013,Incumbent,15,Computer and Mathematical Occupations
2382,15-1133.00,"Software Developers, Systems Software",3457,"Prepare reports or correspondence concerning project specifications, activities, or status.",Core,115.0,07/2013,Incumbent,15,Computer and Mathematical Occupations
2383,15-1133.00,"Software Developers, Systems Software",3456,Confer with data processing or project managers to obtain information on limitations or capabilities for data processing projects.,Core,116.0,07/2013,Incumbent,15,Computer and Mathematical Occupations
2384,15-1133.00,"Software Developers, Systems Software",3455,"Store, retrieve, and manipulate data for analysis of system capabilities and requirements.",Core,115.0,07/2013,Incumbent,15,Computer and Mathematical Occupations
2385,15-1133.00,"Software Developers, Systems Software",3453,Coordinate installation of software system.,Core,115.0,07/2013,Incumbent,15,Computer and Mathematical Occupations
2386,15-1133.00,"Software Developers, Systems Software",3454,Monitor functioning of equipment to ensure system operates in conformance with specifications.,Supplemental,116.0,07/2013,Incumbent,15,Computer and Mathematical Occupations
2387,15-1133.00,"Software Developers, Systems Software",3459,"Supervise and assign work to programmers, designers, technologists, technicians, or other engineering or scientific personnel.",Supplemental,115.0,07/2013,Incumbent,15,Computer and Mathematical Occupations
2388,15-1133.00,"Software Developers, Systems Software",3452,Advise customer about or perform maintenance of software system.,Supplemental,114.0,07/2013,Incumbent,15,Computer and Mathematical Occupations
2389,15-1133.00,"Software Developers, Systems Software",3460,Train users to use new or modified equipment.,Supplemental,114.0,07/2013,Incumbent,15,Computer and Mathematical Occupations
2390,15-1133.00,"Software Developers, Systems Software",3463,Specify power supply requirements and configuration.,Supplemental,115.0,07/2013,Incumbent,15,Computer and Mathematical Occupations
2391,15-1133.00,"Software Developers, Systems Software",3458,"Evaluate factors such as reporting formats required, cost constraints, or need for security restrictions to determine hardware configuration.",Supplemental,114.0,07/2013,Incumbent,15,Computer and Mathematical Occupations
2392,15-1133.00,"Software Developers, Systems Software",3461,"Use microcontrollers to develop control signals, implement control algorithms, or measure process variables, such as temperatures, pressures, or positions.",Supplemental,115.0,07/2013,Incumbent,15,Computer and Mathematical Occupations
2393,15-1133.00,"Software Developers, Systems Software",3462,"Recommend purchase of equipment to control dust, temperature, or humidity in area of system installation.",Supplemental,116.0,07/2013,Incumbent,15,Computer and Mathematical Occupations
2394,15-1134.00,Web Developers,14694,"Design, build, or maintain Web sites, using authoring or scripting languages, content creation tools, management tools, and digital media.",Core,30.0,06/2008,Occupational Expert,15,Computer and Mathematical Occupations
2395,15-1134.00,Web Developers,14695,Perform or direct Web site updates.,Core,30.0,06/2008,Occupational Expert,15,Computer and Mathematical Occupations
2396,15-1134.00,Web Developers,14696,"Write, design, or edit Web page content, or direct others producing content.",Core,30.0,06/2008,Occupational Expert,15,Computer and Mathematical Occupations
2397,15-1134.00,Web Developers,14697,"Confer with management or development teams to prioritize needs, resolve conflicts, develop content criteria, or choose solutions.",Core,30.0,06/2008,Occupational Expert,15,Computer and Mathematical Occupations
2398,15-1134.00,Web Developers,14698,Back up files from Web sites to local directories for instant recovery in case of problems.,Core,30.0,06/2008,Occupational Expert,15,Computer and Mathematical Occupations
2399,15-1134.00,Web Developers,14699,"Identify problems uncovered by testing or customer feedback, and correct problems or refer problems to appropriate personnel for correction.",Core,30.0,06/2008,Occupational Expert,15,Computer and Mathematical Occupations
2400,15-1134.00,Web Developers,14700,"Evaluate code to ensure that it is valid, is properly structured, meets industry standards, and is compatible with browsers, devices, or operating systems.",Core,30.0,06/2008,Occupational Expert,15,Computer and Mathematical Occupations
2401,15-1134.00,Web Developers,14701,"Maintain understanding of current Web technologies or programming practices through continuing education, reading, or participation in professional conferences, workshops, or groups.",Core,30.0,06/2008,Occupational Expert,15,Computer and Mathematical Occupations
2402,15-1134.00,Web Developers,14702,Analyze user needs to determine technical requirements.,Core,30.0,06/2008,Occupational Expert,15,Computer and Mathematical Occupations
2403,15-1134.00,Web Developers,14703,Develop or validate test routines and schedules to ensure that test cases mimic external interfaces and address all browser and device types.,Core,30.0,06/2008,Occupational Expert,15,Computer and Mathematical Occupations
2404,15-1134.00,Web Developers,14704,Develop databases that support Web applications and Web sites.,Core,30.0,06/2008,Occupational Expert,15,Computer and Mathematical Occupations
2405,15-1134.00,Web Developers,14705,Renew domain name registrations.,Core,30.0,06/2008,Occupational Expert,15,Computer and Mathematical Occupations
2406,15-1134.00,Web Developers,14706,Collaborate with management or users to develop e-commerce strategies and to integrate these strategies with Web sites.,Core,30.0,06/2008,Occupational Expert,15,Computer and Mathematical Occupations
2407,15-1134.00,Web Developers,14707,Write supporting code for Web applications or Web sites.,Core,30.0,06/2008,Occupational Expert,15,Computer and Mathematical Occupations
2408,15-1134.00,Web Developers,14708,Communicate with network personnel or Web site hosting agencies to address hardware or software issues affecting Web sites.,Core,30.0,06/2008,Occupational Expert,15,Computer and Mathematical Occupations
2409,15-1134.00,Web Developers,14709,"Design and implement Web site security measures, such as firewalls or message encryption.",Core,30.0,06/2008,Occupational Expert,15,Computer and Mathematical Occupations
2410,15-1134.00,Web Developers,14710,"Perform Web site tests according to planned schedules, or after any Web site or product revision.",Core,30.0,06/2008,Occupational Expert,15,Computer and Mathematical Occupations
2411,15-1134.00,Web Developers,14711,"Select programming languages, design tools, or applications.",Core,30.0,06/2008,Occupational Expert,15,Computer and Mathematical Occupations
2412,15-1134.00,Web Developers,14712,"Incorporate technical considerations into Web site design plans, such as budgets, equipment, performance requirements, or legal issues including accessibility and privacy.",Core,30.0,06/2008,Occupational Expert,15,Computer and Mathematical Occupations
2413,15-1134.00,Web Developers,14713,"Respond to user email inquiries, or set up automated systems to send responses.",Core,30.0,06/2008,Occupational Expert,15,Computer and Mathematical Occupations
2414,15-1134.00,Web Developers,14714,Develop or implement procedures for ongoing Web site revision.,Core,30.0,06/2008,Occupational Expert,15,Computer and Mathematical Occupations
2415,15-1134.00,Web Developers,14715,Develop and document style guidelines for Web site content.,Core,30.0,06/2008,Occupational Expert,15,Computer and Mathematical Occupations
2416,15-1134.00,Web Developers,14716,"Develop Web site maps, application models, image templates, or page templates that meet project goals, user needs, or industry standards.",Core,30.0,06/2008,Occupational Expert,15,Computer and Mathematical Occupations
2417,15-1134.00,Web Developers,14717,Establish appropriate server directory trees.,Core,30.0,06/2008,Occupational Expert,15,Computer and Mathematical Occupations
2418,15-1134.00,Web Developers,14718,Identify or maintain links to and from other Web sites and check links to ensure proper functioning.,Core,30.0,06/2008,Occupational Expert,15,Computer and Mathematical Occupations
2419,15-1134.00,Web Developers,14719,Recommend and implement performance improvements.,Core,30.0,06/2008,Occupational Expert,15,Computer and Mathematical Occupations
2420,15-1134.00,Web Developers,14720,Create searchable indices for Web page content.,Core,30.0,06/2008,Occupational Expert,15,Computer and Mathematical Occupations
2421,15-1134.00,Web Developers,14721,Register Web sites with search engines to increase Web site traffic.,Core,30.0,06/2008,Occupational Expert,15,Computer and Mathematical Occupations
2422,15-1134.00,Web Developers,14722,"Provide clear, detailed descriptions of Web site specifications, such as product features, activities, software, communication protocols, programming languages, and operating systems software and hardware.",Core,29.0,06/2008,Occupational Expert,15,Computer and Mathematical Occupations
2423,15-1134.00,Web Developers,14723,Monitor security system performance logs to identify problems and notify security specialists when problems occur.,Core,30.0,06/2008,Occupational Expert,15,Computer and Mathematical Occupations
2424,15-1134.00,Web Developers,14724,"Create web models or prototypes that include physical, interface, logical, or data models.",Core,30.0,06/2008,Occupational Expert,15,Computer and Mathematical Occupations
2425,15-1134.00,Web Developers,14725,Evaluate or recommend server hardware or software.,Supplemental,30.0,06/2008,Occupational Expert,15,Computer and Mathematical Occupations
2426,15-1134.00,Web Developers,14726,"Document test plans, testing procedures, or test results.",Supplemental,30.0,06/2008,Occupational Expert,15,Computer and Mathematical Occupations
2427,15-1134.00,Web Developers,14727,"Research, document, rate, or select alternatives for Web architecture or technologies.",Supplemental,30.0,06/2008,Occupational Expert,15,Computer and Mathematical Occupations
2428,15-1134.00,Web Developers,14728,"Document technical factors such as server load, bandwidth, database performance, and browser and device types.",Supplemental,30.0,06/2008,Occupational Expert,15,Computer and Mathematical Occupations
2429,15-1134.00,Web Developers,14729,Install and configure hypertext transfer protocol (HTTP) servers and associated operating systems.,Supplemental,30.0,06/2008,Occupational Expert,15,Computer and Mathematical Occupations
2430,15-1134.00,Web Developers,14730,Develop system interaction or sequence diagrams.,Supplemental,30.0,06/2008,Occupational Expert,15,Computer and Mathematical Occupations
2431,15-1141.00,Database Administrators,1300,"Test programs or databases, correct errors, and make necessary modifications.",Core,85.0,06/2008,Incumbent,15,Computer and Mathematical Occupations
2432,15-1141.00,Database Administrators,1299,Modify existing databases and database management systems or direct programmers and analysts to make changes.,Core,83.0,06/2008,Incumbent,15,Computer and Mathematical Occupations
2433,15-1141.00,Database Administrators,1301,"Plan, coordinate and implement security measures to safeguard information in computer files against accidental or unauthorized damage, modification or disclosure.",Core,84.0,06/2008,Incumbent,15,Computer and Mathematical Occupations
2434,15-1141.00,Database Administrators,1310,Work as part of a project team to coordinate database development and determine project scope and limitations.,Core,84.0,06/2008,Incumbent,15,Computer and Mathematical Occupations
2435,15-1141.00,Database Administrators,1313,Write and code logical and physical database descriptions and specify identifiers of database to management system or direct others in coding descriptions.,Core,84.0,06/2008,Incumbent,15,Computer and Mathematical Occupations
2436,15-1141.00,Database Administrators,1303,Train users and answer questions.,Core,85.0,06/2008,Incumbent,15,Computer and Mathematical Occupations
2437,15-1141.00,Database Administrators,1305,Specify users and user access levels for each segment of database.,Core,85.0,06/2008,Incumbent,15,Computer and Mathematical Occupations
2438,15-1141.00,Database Administrators,1302,"Approve, schedule, plan, and supervise the installation and testing of new products and improvements to computer systems such as the installation of new databases.",Core,84.0,06/2008,Incumbent,15,Computer and Mathematical Occupations
2439,15-1141.00,Database Administrators,1308,Review project requests describing database user needs to estimate time and cost required to accomplish project.,Core,85.0,06/2008,Incumbent,15,Computer and Mathematical Occupations
2440,15-1141.00,Database Administrators,1298,Develop standards and guidelines to guide the use and acquisition of software and to protect vulnerable information.,Core,84.0,06/2008,Incumbent,15,Computer and Mathematical Occupations
2441,15-1141.00,Database Administrators,1309,Review procedures in database management system manuals for making changes to database.,Core,84.0,06/2008,Incumbent,15,Computer and Mathematical Occupations
2442,15-1141.00,Database Administrators,1307,Develop methods for integrating different products so they work properly together such as customizing commercial databases to fit specific needs.,Core,85.0,06/2008,Incumbent,15,Computer and Mathematical Occupations
2443,15-1141.00,Database Administrators,1306,"Develop data model describing data elements and how they are used, following procedures and using pen, template or computer software.",Core,84.0,06/2008,Incumbent,15,Computer and Mathematical Occupations
2444,15-1141.00,Database Administrators,1311,Select and enter codes to monitor database performance and to create production database.,Core,84.0,06/2008,Incumbent,15,Computer and Mathematical Occupations
2445,15-1141.00,Database Administrators,1304,"Establish and calculate optimum values for database parameters, using manuals and calculator.",Supplemental,84.0,06/2008,Incumbent,15,Computer and Mathematical Occupations
2446,15-1141.00,Database Administrators,1315,Revise company definition of data as defined in data dictionary.,Supplemental,84.0,06/2008,Incumbent,15,Computer and Mathematical Occupations
2447,15-1141.00,Database Administrators,1314,"Review workflow charts developed by programmer analyst to understand tasks computer will perform, such as updating records.",Supplemental,84.0,06/2008,Incumbent,15,Computer and Mathematical Occupations
2448,15-1141.00,Database Administrators,1312,Identify and evaluate industry trends in database systems to serve as a source of information and advice for upper management.,Supplemental,84.0,06/2008,Incumbent,15,Computer and Mathematical Occupations
2449,15-1142.00,Network and Computer Systems Administrators,1318,"Maintain and administer computer networks and related computing environments including computer hardware, systems software, applications software, and all configurations.",Core,77.0,06/2008,Incumbent,15,Computer and Mathematical Occupations
2450,15-1142.00,Network and Computer Systems Administrators,1317,Perform data backups and disaster recovery operations.,Core,77.0,06/2008,Incumbent,15,Computer and Mathematical Occupations
2451,15-1142.00,Network and Computer Systems Administrators,15205,"Diagnose, troubleshoot, and resolve hardware, software, or other network and system problems, and replace defective components when necessary.",Core,77.0,06/2008,Incumbent,15,Computer and Mathematical Occupations
2452,15-1142.00,Network and Computer Systems Administrators,1319,"Plan, coordinate, and implement network security measures to protect data, software, and hardware.",Core,77.0,06/2008,Incumbent,15,Computer and Mathematical Occupations
2453,15-1142.00,Network and Computer Systems Administrators,15206,"Configure, monitor, and maintain email applications or virus protection software.",Core,76.0,06/2008,Incumbent,15,Computer and Mathematical Occupations
2454,15-1142.00,Network and Computer Systems Administrators,1320,"Operate master consoles to monitor the performance of computer systems and networks, and to coordinate computer network access and use.",Core,77.0,06/2008,Incumbent,15,Computer and Mathematical Occupations
2455,15-1142.00,Network and Computer Systems Administrators,1327,"Load computer tapes and disks, and install software and printer paper or forms.",Core,76.0,06/2008,Incumbent,15,Computer and Mathematical Occupations
2456,15-1142.00,Network and Computer Systems Administrators,1322,"Design, configure, and test computer hardware, networking software and operating system software.",Core,76.0,06/2008,Incumbent,15,Computer and Mathematical Occupations
2457,15-1142.00,Network and Computer Systems Administrators,1325,"Monitor network performance to determine whether adjustments need to be made, and to determine where changes will need to be made in the future.",Core,77.0,06/2008,Incumbent,15,Computer and Mathematical Occupations
2458,15-1142.00,Network and Computer Systems Administrators,1324,Confer with network users about how to solve existing system problems.,Core,77.0,06/2008,Incumbent,15,Computer and Mathematical Occupations
2459,15-1142.00,Network and Computer Systems Administrators,15207,"Research new technologies by attending seminars, reading trade articles, or taking classes, and implement or recommend the implementation of new technologies.",Core,76.0,06/2008,Incumbent,15,Computer and Mathematical Occupations
2460,15-1142.00,Network and Computer Systems Administrators,1329,Analyze equipment performance records to determine the need for repair or replacement.,Core,77.0,06/2008,Incumbent,15,Computer and Mathematical Occupations
2461,15-1142.00,Network and Computer Systems Administrators,15208,"Implement and provide technical support for voice services and equipment, such as private branch exchange, voice mail system, and telecom system.",Core,75.0,06/2008,Incumbent,15,Computer and Mathematical Occupations
2462,15-1142.00,Network and Computer Systems Administrators,1332,Maintain an inventory of parts for emergency repairs.,Core,77.0,06/2008,Incumbent,15,Computer and Mathematical Occupations
2463,15-1142.00,Network and Computer Systems Administrators,1323,"Recommend changes to improve systems and network configurations, and determine hardware or software requirements related to such changes.",Core,77.0,06/2008,Incumbent,15,Computer and Mathematical Occupations
2464,15-1142.00,Network and Computer Systems Administrators,1328,"Gather data pertaining to customer needs, and use the information to identify, predict, interpret, and evaluate system and network requirements.",Core,76.0,06/2008,Incumbent,15,Computer and Mathematical Occupations
2465,15-1142.00,Network and Computer Systems Administrators,1326,Train people in computer system use.,Core,77.0,06/2008,Incumbent,15,Computer and Mathematical Occupations
2466,15-1142.00,Network and Computer Systems Administrators,1333,Coordinate with vendors and with company personnel to facilitate purchases.,Core,77.0,06/2008,Incumbent,15,Computer and Mathematical Occupations
2467,15-1142.00,Network and Computer Systems Administrators,1321,"Perform routine network startup and shutdown procedures, and maintain control records.",Supplemental,76.0,06/2008,Incumbent,15,Computer and Mathematical Occupations
2468,15-1142.00,Network and Computer Systems Administrators,1330,"Maintain logs related to network functions, as well as maintenance and repair records.",Supplemental,76.0,06/2008,Incumbent,15,Computer and Mathematical Occupations
2469,15-1143.00,Computer Network Architects,18956,Adjust network sizes to meet volume or capacity demands.,,,02/2011,Analyst,15,Computer and Mathematical Occupations
2470,15-1143.00,Computer Network Architects,18957,"Communicate with customers, sales staff, or marketing staff to determine customer needs.",,,02/2011,Analyst,15,Computer and Mathematical Occupations
2471,15-1143.00,Computer Network Architects,18958,Communicate with system users to ensure accounts are set up properly or to diagnose and solve operational problems.,,,02/2011,Analyst,15,Computer and Mathematical Occupations
2472,15-1143.00,Computer Network Architects,18959,Coordinate installation of new equipment.,,,02/2011,Analyst,15,Computer and Mathematical Occupations
2473,15-1143.00,Computer Network Architects,18960,"Coordinate network operations, maintenance, repairs, or upgrades.",,,02/2011,Analyst,15,Computer and Mathematical Occupations
2474,15-1143.00,Computer Network Architects,18961,Coordinate network or design activities with designers of associated networks.,,,02/2011,Analyst,15,Computer and Mathematical Occupations
2475,15-1143.00,Computer Network Architects,18962,"Design, build, or operate equipment configuration prototypes, including network hardware, software, servers, or server operation systems.",,,02/2011,Analyst,15,Computer and Mathematical Occupations
2476,15-1143.00,Computer Network Architects,18963,"Design, organize, and deliver product awareness, skills transfer, or product education sessions for staff or suppliers.",,,02/2011,Analyst,15,Computer and Mathematical Occupations
2477,15-1143.00,Computer Network Architects,18964,"Determine specific network hardware or software requirements, such as platforms, interfaces, bandwidths, or routine schemas.",,,02/2011,Analyst,15,Computer and Mathematical Occupations
2478,15-1143.00,Computer Network Architects,18965,Develop and implement solutions for network problems.,,,02/2011,Analyst,15,Computer and Mathematical Occupations
2479,15-1143.00,Computer Network Architects,18966,"Develop and write procedures for installation, use, or troubleshooting of communications hardware or software.",,,02/2011,Analyst,15,Computer and Mathematical Occupations
2480,15-1143.00,Computer Network Architects,18967,"Develop conceptual, logical, or physical network designs.",,,02/2011,Analyst,15,Computer and Mathematical Occupations
2481,15-1143.00,Computer Network Architects,18968,Develop disaster recovery plans.,,,02/2011,Analyst,15,Computer and Mathematical Occupations
2482,15-1143.00,Computer Network Architects,18969,Develop network-related documentation.,,,02/2011,Analyst,15,Computer and Mathematical Occupations
2483,15-1143.00,Computer Network Architects,18970,Develop or maintain project reporting systems.,,,02/2011,Analyst,15,Computer and Mathematical Occupations
2484,15-1143.00,Computer Network Architects,18971,"Develop or recommend network security measures, such as firewalls, network security audits, or automated security probes.",,,02/2011,Analyst,15,Computer and Mathematical Occupations
2485,15-1143.00,Computer Network Architects,18972,Develop plans or budgets for network equipment replacement.,,,02/2011,Analyst,15,Computer and Mathematical Occupations
2486,15-1143.00,Computer Network Architects,18973,"Develop procedures to track, project, or report network availability, reliability, capacity, or utilization.",,,02/2011,Analyst,15,Computer and Mathematical Occupations
2487,15-1143.00,Computer Network Architects,18974,Estimate time and materials needed to complete projects.,,,02/2011,Analyst,15,Computer and Mathematical Occupations
2488,15-1143.00,Computer Network Architects,18975,Evaluate network designs to determine whether customer requirements are met efficiently and effectively.,,,02/2011,Analyst,15,Computer and Mathematical Occupations
2489,15-1143.00,Computer Network Architects,18976,Explain design specifications to integration or test engineers.,,,02/2011,Analyst,15,Computer and Mathematical Occupations
2490,15-1143.00,Computer Network Architects,18977,"Maintain networks by performing activities such as file addition, deletion, or backup.",,,02/2011,Analyst,15,Computer and Mathematical Occupations
2491,15-1143.00,Computer Network Architects,18978,"Maintain or coordinate the maintenance of network peripherals, such as printers.",,,02/2011,Analyst,15,Computer and Mathematical Occupations
2492,15-1143.00,Computer Network Architects,18979,"Monitor and analyze network performance and data input/output reports to detect problems, identify inefficient use of computer resources, or perform capacity planning.",,,02/2011,Analyst,15,Computer and Mathematical Occupations
2493,15-1143.00,Computer Network Architects,18980,"Participate in network technology upgrade or expansion projects, including installation of hardware and software and integration testing.",,,02/2011,Analyst,15,Computer and Mathematical Occupations
2494,15-1143.00,Computer Network Architects,18981,Prepare design presentations and proposals for staff or customers.,,,02/2011,Analyst,15,Computer and Mathematical Occupations
2495,15-1143.00,Computer Network Architects,18982,"Prepare detailed network specifications, including diagrams, charts, equipment configurations, or recommended technologies.",,,02/2011,Analyst,15,Computer and Mathematical Occupations
2496,15-1143.00,Computer Network Architects,18983,"Prepare or monitor project schedules, budgets, or cost control systems.",,,02/2011,Analyst,15,Computer and Mathematical Occupations
2497,15-1143.00,Computer Network Architects,18984,Research and test new or modified hardware or software products to determine performance and interoperability.,,,02/2011,Analyst,15,Computer and Mathematical Occupations
2498,15-1143.00,Computer Network Architects,18985,Supervise engineers or other staff in the design or implementation of network solutions.,,,02/2011,Analyst,15,Computer and Mathematical Occupations
2499,15-1143.00,Computer Network Architects,18986,Use network computer-aided design (CAD) software packages to optimize network designs.,,,02/2011,Analyst,15,Computer and Mathematical Occupations
2500,15-1143.00,Computer Network Architects,18987,"Visit vendors, attend conferences or training sessions, or study technical journals to keep up with changes in technology.",,,02/2011,Analyst,15,Computer and Mathematical Occupations
2501,15-1143.00,Computer Network Architects,18988,"Communicate with vendors to gather information about products, alert them to future needs, resolve problems, or address system maintenance issues.",,,02/2011,Analyst,15,Computer and Mathematical Occupations
2502,15-1143.01,Telecommunications Engineering Specialists,16081,"Communicate with telecommunications vendors to obtain pricing and technical specifications for available hardware, software, or services.",Core,23.0,07/2013,Occupational Expert,15,Computer and Mathematical Occupations
2503,15-1143.01,Telecommunications Engineering Specialists,16058,"Keep abreast of changes in industry practices and emerging telecommunications technology by reviewing current literature, talking with colleagues, participating in educational programs, attending meetings or workshops, or participating in professional organizations or conferences.",Core,23.0,07/2013,Occupational Expert,15,Computer and Mathematical Occupations
2504,15-1143.01,Telecommunications Engineering Specialists,16074,"Implement or perform preventive maintenance, backup, or recovery procedures.",Core,23.0,07/2013,Occupational Expert,15,Computer and Mathematical Occupations
2505,15-1143.01,Telecommunications Engineering Specialists,16080,"Consult with users, administrators, and engineers to identify business and technical requirements for proposed system modifications or technology purchases.",Core,23.0,07/2013,Occupational Expert,15,Computer and Mathematical Occupations
2506,15-1143.01,Telecommunications Engineering Specialists,16082,Assess existing facilities' needs for new or modified telecommunications systems.,Core,23.0,07/2013,Occupational Expert,15,Computer and Mathematical Occupations
2507,15-1143.01,Telecommunications Engineering Specialists,20365,"Order or maintain inventory of telecommunications equipment for customer premises equipment (CPE), facilities, access networks, or backbone networks.",Core,23.0,07/2013,Occupational Expert,15,Computer and Mathematical Occupations
2508,15-1143.01,Telecommunications Engineering Specialists,16083,"Install, or coordinate installation of, new or modified hardware, software, or programming modules of telecommunications systems.",Core,23.0,07/2013,Occupational Expert,15,Computer and Mathematical Occupations
2509,15-1143.01,Telecommunications Engineering Specialists,16060,"Develop, maintain, or implement telecommunications disaster recovery plans to ensure business continuity.",Core,23.0,07/2013,Occupational Expert,15,Computer and Mathematical Occupations
2510,15-1143.01,Telecommunications Engineering Specialists,16069,"Monitor and analyze system performance, such as network traffic, security, and capacity.",Core,23.0,07/2013,Occupational Expert,15,Computer and Mathematical Occupations
2511,15-1143.01,Telecommunications Engineering Specialists,16059,Estimate costs for system or component implementation and operation.,Core,23.0,07/2013,Occupational Expert,15,Computer and Mathematical Occupations
2512,15-1143.01,Telecommunications Engineering Specialists,16073,"Implement system renovation projects in collaboration with technical staff, engineering consultants, installers, and vendors.",Core,23.0,07/2013,Occupational Expert,15,Computer and Mathematical Occupations
2513,15-1143.01,Telecommunications Engineering Specialists,16064,Provide user support by diagnosing network and device problems and implementing technical or procedural solutions.,Core,23.0,07/2013,Occupational Expert,15,Computer and Mathematical Occupations
2514,15-1143.01,Telecommunications Engineering Specialists,16078,Document procedures for hardware and software installation and use.,Core,23.0,07/2013,Occupational Expert,15,Computer and Mathematical Occupations
2515,15-1143.01,Telecommunications Engineering Specialists,16061,"Test and evaluate hardware and software to determine efficiency, reliability, or compatibility with existing systems.",Core,23.0,07/2013,Occupational Expert,15,Computer and Mathematical Occupations
2516,15-1143.01,Telecommunications Engineering Specialists,16079,"Work with personnel and facilities management staff to install, remove, or relocate user connectivity equipment and devices.",Core,23.0,07/2013,Occupational Expert,15,Computer and Mathematical Occupations
2517,15-1143.01,Telecommunications Engineering Specialists,16072,"Inspect sites to determine physical configuration, such as device locations and conduit pathways.",Core,23.0,07/2013,Occupational Expert,15,Computer and Mathematical Occupations
2518,15-1143.01,Telecommunications Engineering Specialists,16062,Supervise maintenance of telecommunications equipment.,Core,23.0,07/2013,Occupational Expert,15,Computer and Mathematical Occupations
2519,15-1143.01,Telecommunications Engineering Specialists,16063,"Review and evaluate requests from engineers, managers, and technicians for system modifications.",Core,23.0,07/2013,Occupational Expert,15,Computer and Mathematical Occupations
2520,15-1143.01,Telecommunications Engineering Specialists,16076,"Document user support activity, such as system problems, corrective actions, resolution status, and completed equipment installations.",Core,23.0,07/2013,Occupational Expert,15,Computer and Mathematical Occupations
2521,15-1143.01,Telecommunications Engineering Specialists,16066,"Prepare purchase requisitions for computer hardware and software, networking and telecommunications equipment, test equipment, cabling, or tools.",Core,23.0,07/2013,Occupational Expert,15,Computer and Mathematical Occupations
2522,15-1143.01,Telecommunications Engineering Specialists,16077,Document technical specifications and operating standards for telecommunications equipment.,Core,23.0,07/2013,Occupational Expert,15,Computer and Mathematical Occupations
2523,15-1143.01,Telecommunications Engineering Specialists,20366,"Instruct in use of voice, video, and data communications systems.",Core,23.0,07/2013,Occupational Expert,15,Computer and Mathematical Occupations
2524,15-1143.01,Telecommunications Engineering Specialists,16065,Prepare system activity and performance reports.,Core,23.0,07/2013,Occupational Expert,15,Computer and Mathematical Occupations
2525,15-1143.01,Telecommunications Engineering Specialists,16067,"Use computer-aided design (CAD) software to prepare or evaluate network diagrams, floor plans, or site configurations for existing facilities, renovations, or new systems.",Core,23.0,07/2013,Occupational Expert,15,Computer and Mathematical Occupations
2526,15-1143.01,Telecommunications Engineering Specialists,16075,"Implement controls to provide security for operating systems, software, and data.",Supplemental,23.0,07/2013,Occupational Expert,15,Computer and Mathematical Occupations
2527,15-1143.01,Telecommunications Engineering Specialists,16070,Manage user access to systems and equipment through account management and password administration.,Supplemental,23.0,07/2013,Occupational Expert,15,Computer and Mathematical Occupations
2528,15-1151.00,Computer User Support Specialists,1285,Oversee the daily performance of computer systems.,Core,138.0,06/2008,Incumbent,15,Computer and Mathematical Occupations
2529,15-1151.00,Computer User Support Specialists,1282,Answer user inquiries regarding computer software or hardware operation to resolve problems.,Core,139.0,06/2008,Incumbent,15,Computer and Mathematical Occupations
2530,15-1151.00,Computer User Support Specialists,1283,Enter commands and observe system functioning to verify correct operations and detect errors.,Core,139.0,06/2008,Incumbent,15,Computer and Mathematical Occupations
2531,15-1151.00,Computer User Support Specialists,1286,"Set up equipment for employee use, performing or ensuring proper installation of cables, operating systems, or appropriate software.",Core,141.0,06/2008,Incumbent,15,Computer and Mathematical Occupations
2532,15-1151.00,Computer User Support Specialists,1284,"Install and perform minor repairs to hardware, software, or peripheral equipment, following design or installation specifications.",Core,140.0,06/2008,Incumbent,15,Computer and Mathematical Occupations
2533,15-1151.00,Computer User Support Specialists,1287,"Maintain records of daily data communication transactions, problems and remedial actions taken, or installation activities.",Core,139.0,06/2008,Incumbent,15,Computer and Mathematical Occupations
2534,15-1151.00,Computer User Support Specialists,1288,"Read technical manuals, confer with users, or conduct computer diagnostics to investigate and resolve problems or to provide technical assistance and support.",Core,139.0,06/2008,Incumbent,15,Computer and Mathematical Occupations
2535,15-1151.00,Computer User Support Specialists,1291,Refer major hardware or software problems or defective products to vendors or technicians for service.,Core,140.0,06/2008,Incumbent,15,Computer and Mathematical Occupations
2536,15-1151.00,Computer User Support Specialists,1290,"Develop training materials and procedures, or train users in the proper use of hardware or software.",Core,140.0,06/2008,Incumbent,15,Computer and Mathematical Occupations
2537,15-1151.00,Computer User Support Specialists,1289,"Confer with staff, users, and management to establish requirements for new systems or modifications.",Core,139.0,06/2008,Incumbent,15,Computer and Mathematical Occupations
2538,15-1151.00,Computer User Support Specialists,1292,"Prepare evaluations of software or hardware, and recommend improvements or upgrades.",Core,140.0,06/2008,Incumbent,15,Computer and Mathematical Occupations
2539,15-1151.00,Computer User Support Specialists,1293,"Read trade magazines and technical manuals, or attend conferences and seminars to maintain knowledge of hardware and software.",Core,138.0,06/2008,Incumbent,15,Computer and Mathematical Occupations
2540,15-1151.00,Computer User Support Specialists,15204,"Hire, supervise, and direct workers engaged in special project work, problem solving, monitoring, and installing data communication equipment and software.",Supplemental,139.0,06/2008,Incumbent,15,Computer and Mathematical Occupations
2541,15-1151.00,Computer User Support Specialists,1295,Inspect equipment and read order sheets to prepare for delivery to users.,Supplemental,138.0,06/2008,Incumbent,15,Computer and Mathematical Occupations
2542,15-1151.00,Computer User Support Specialists,1296,Modify and customize commercial programs for internal needs.,Supplemental,139.0,06/2008,Incumbent,15,Computer and Mathematical Occupations
2543,15-1151.00,Computer User Support Specialists,1297,"Conduct office automation feasibility studies, including workflow analysis, space design, or cost comparison analysis.",Supplemental,139.0,06/2008,Incumbent,15,Computer and Mathematical Occupations
2544,15-1152.00,Computer Network Support Specialists,19004,Back up network data.,Core,117.0,07/2014,Incumbent,15,Computer and Mathematical Occupations
2545,15-1152.00,Computer Network Support Specialists,18991,Configure security settings or access permissions for groups or individuals.,Core,118.0,07/2014,Incumbent,15,Computer and Mathematical Occupations
2546,15-1152.00,Computer Network Support Specialists,19003,Analyze and report computer network security breaches or attempted breaches.,Core,116.0,07/2014,Incumbent,15,Computer and Mathematical Occupations
2547,15-1152.00,Computer Network Support Specialists,18995,"Identify the causes of networking problems, using diagnostic testing software and equipment.",Core,118.0,07/2014,Incumbent,15,Computer and Mathematical Occupations
2548,15-1152.00,Computer Network Support Specialists,18993,Document network support activities.,Core,115.0,07/2014,Incumbent,15,Computer and Mathematical Occupations
2549,15-1152.00,Computer Network Support Specialists,18992,Configure wide area network (WAN) or local area network (LAN) routers or related equipment.,Core,117.0,07/2014,Incumbent,15,Computer and Mathematical Occupations
2550,15-1152.00,Computer Network Support Specialists,18997,"Install network software, including security or firewall software.",Core,117.0,07/2014,Incumbent,15,Computer and Mathematical Occupations
2551,15-1152.00,Computer Network Support Specialists,19002,Troubleshoot network or connectivity problems for users or user groups.,Core,117.0,07/2014,Incumbent,15,Computer and Mathematical Occupations
2552,15-1152.00,Computer Network Support Specialists,19010,Provide telephone support related to networking or connectivity issues.,Core,117.0,07/2014,Incumbent,15,Computer and Mathematical Occupations
2553,15-1152.00,Computer Network Support Specialists,18994,"Evaluate local area network (LAN) or wide area network (WAN) performance data to ensure sufficient availability or speed, to identify network problems, or for disaster recovery purposes.",Core,118.0,07/2014,Incumbent,15,Computer and Mathematical Occupations
2554,15-1152.00,Computer Network Support Specialists,18989,"Analyze network data to determine network usage, disk space availability, or server function.",Core,117.0,07/2014,Incumbent,15,Computer and Mathematical Occupations
2555,15-1152.00,Computer Network Support Specialists,19000,Perform routine maintenance or standard repairs to networking components or equipment.,Core,116.0,07/2014,Incumbent,15,Computer and Mathematical Occupations
2556,15-1152.00,Computer Network Support Specialists,18990,"Configure and define parameters for installation or testing of local area network (LAN), wide area network (WAN), hubs, routers, switches, controllers, multiplexers, or related networking equipment.",Core,116.0,07/2014,Incumbent,15,Computer and Mathematical Occupations
2557,15-1152.00,Computer Network Support Specialists,18998,"Install new hardware or software systems or components, ensuring integration with existing network systems.",Core,116.0,07/2014,Incumbent,15,Computer and Mathematical Occupations
2558,15-1152.00,Computer Network Support Specialists,19001,"Test computer software or hardware, using standard diagnostic testing equipment and procedures.",Core,116.0,07/2014,Incumbent,15,Computer and Mathematical Occupations
2559,15-1152.00,Computer Network Support Specialists,18999,"Install or repair network cables, including fiber optic cables.",Core,116.0,07/2014,Incumbent,15,Computer and Mathematical Occupations
2560,15-1152.00,Computer Network Support Specialists,19009,"Monitor industry websites or publications for information about patches, releases, viruses, or potential problem identification.",Core,117.0,07/2014,Incumbent,15,Computer and Mathematical Occupations
2561,15-1152.00,Computer Network Support Specialists,19006,Create or update technical documentation for network installations or changes to existing installations.,Core,117.0,07/2014,Incumbent,15,Computer and Mathematical Occupations
2562,15-1152.00,Computer Network Support Specialists,19014,Train users in procedures related to network applications software or related systems.,Core,117.0,07/2014,Incumbent,15,Computer and Mathematical Occupations
2563,15-1152.00,Computer Network Support Specialists,19013,Test repaired items to ensure proper operation.,Core,116.0,07/2014,Incumbent,15,Computer and Mathematical Occupations
2564,15-1152.00,Computer Network Support Specialists,18996,Install and configure wireless networking equipment.,Core,117.0,07/2014,Incumbent,15,Computer and Mathematical Occupations
2565,15-1152.00,Computer Network Support Specialists,19008,Maintain logs of network activity.,Core,115.0,07/2014,Incumbent,15,Computer and Mathematical Occupations
2566,15-1152.00,Computer Network Support Specialists,19007,Document help desk requests and resolutions.,Core,117.0,07/2014,Incumbent,15,Computer and Mathematical Occupations
2567,15-1152.00,Computer Network Support Specialists,19011,Research hardware or software products to meet technical networking or security needs.,Core,117.0,07/2014,Incumbent,15,Computer and Mathematical Occupations
2568,15-1152.00,Computer Network Support Specialists,19005,"Create or revise user instructions, procedures, or manuals.",Core,116.0,07/2014,Incumbent,15,Computer and Mathematical Occupations
2569,15-1152.00,Computer Network Support Specialists,19012,Run monthly network reports.,Core,115.0,07/2014,Incumbent,15,Computer and Mathematical Occupations
2570,15-1199.01,Software Quality Assurance Engineers and Testers,14638,"Design test plans, scenarios, scripts, or procedures.",Core,22.0,06/2008,Occupational Expert,15,Computer and Mathematical Occupations
2571,15-1199.01,Software Quality Assurance Engineers and Testers,14639,Test system modifications to prepare for implementation.,Core,23.0,06/2008,Occupational Expert,15,Computer and Mathematical Occupations
2572,15-1199.01,Software Quality Assurance Engineers and Testers,14640,"Develop testing programs that address areas such as database impacts, software scenarios, regression testing, negative testing, error or bug retests, or usability.",Core,23.0,06/2008,Occupational Expert,15,Computer and Mathematical Occupations
2573,15-1199.01,Software Quality Assurance Engineers and Testers,14641,"Document software defects, using a bug tracking system, and report defects to software developers.",Core,23.0,06/2008,Occupational Expert,15,Computer and Mathematical Occupations
2574,15-1199.01,Software Quality Assurance Engineers and Testers,14642,"Identify, analyze, and document problems with program function, output, online screen, or content.",Core,23.0,06/2008,Occupational Expert,15,Computer and Mathematical Occupations
2575,15-1199.01,Software Quality Assurance Engineers and Testers,14643,Monitor bug resolution efforts and track successes.,Core,23.0,06/2008,Occupational Expert,15,Computer and Mathematical Occupations
2576,15-1199.01,Software Quality Assurance Engineers and Testers,14644,Create or maintain databases of known test defects.,Core,23.0,06/2008,Occupational Expert,15,Computer and Mathematical Occupations
2577,15-1199.01,Software Quality Assurance Engineers and Testers,14645,Plan test schedules or strategies in accordance with project scope or delivery dates.,Core,23.0,06/2008,Occupational Expert,15,Computer and Mathematical Occupations
2578,15-1199.01,Software Quality Assurance Engineers and Testers,14646,"Participate in product design reviews to provide input on functional requirements, product designs, schedules, or potential problems.",Core,23.0,06/2008,Occupational Expert,15,Computer and Mathematical Occupations
2579,15-1199.01,Software Quality Assurance Engineers and Testers,14647,"Review software documentation to ensure technical accuracy, compliance, or completeness, or to mitigate risks.",Core,23.0,06/2008,Occupational Expert,15,Computer and Mathematical Occupations
2580,15-1199.01,Software Quality Assurance Engineers and Testers,14648,Document test procedures to ensure replicability and compliance with standards.,Core,23.0,06/2008,Occupational Expert,15,Computer and Mathematical Occupations
2581,15-1199.01,Software Quality Assurance Engineers and Testers,14649,"Develop or specify standards, methods, or procedures to determine product quality or release readiness.",Core,23.0,06/2008,Occupational Expert,15,Computer and Mathematical Occupations
2582,15-1199.01,Software Quality Assurance Engineers and Testers,14650,Update automated test scripts to ensure currency.,Core,23.0,06/2008,Occupational Expert,15,Computer and Mathematical Occupations
2583,15-1199.01,Software Quality Assurance Engineers and Testers,14651,Investigate customer problems referred by technical support.,Core,23.0,06/2008,Occupational Expert,15,Computer and Mathematical Occupations
2584,15-1199.01,Software Quality Assurance Engineers and Testers,14652,"Install, maintain, or use software testing programs.",Core,23.0,06/2008,Occupational Expert,15,Computer and Mathematical Occupations
2585,15-1199.01,Software Quality Assurance Engineers and Testers,14653,Provide feedback and recommendations to developers on software usability and functionality.,Core,23.0,06/2008,Occupational Expert,15,Computer and Mathematical Occupations
2586,15-1199.01,Software Quality Assurance Engineers and Testers,14654,Monitor program performance to ensure efficient and problem-free operations.,Core,22.0,06/2008,Occupational Expert,15,Computer and Mathematical Occupations
2587,15-1199.01,Software Quality Assurance Engineers and Testers,14655,"Conduct software compatibility tests with programs, hardware, operating systems, or network environments.",Core,23.0,06/2008,Occupational Expert,15,Computer and Mathematical Occupations
2588,15-1199.01,Software Quality Assurance Engineers and Testers,14656,Install and configure recreations of software production environments to allow testing of software performance.,Core,23.0,06/2008,Occupational Expert,15,Computer and Mathematical Occupations
2589,15-1199.01,Software Quality Assurance Engineers and Testers,14657,Collaborate with field staff or customers to evaluate or diagnose problems and recommend possible solutions.,Core,23.0,06/2008,Occupational Expert,15,Computer and Mathematical Occupations
2590,15-1199.01,Software Quality Assurance Engineers and Testers,14658,"Identify program deviance from standards, and suggest modifications to ensure compliance.",Core,23.0,06/2008,Occupational Expert,15,Computer and Mathematical Occupations
2591,15-1199.01,Software Quality Assurance Engineers and Testers,14659,Design or develop automated testing tools.,Core,23.0,06/2008,Occupational Expert,15,Computer and Mathematical Occupations
2592,15-1199.01,Software Quality Assurance Engineers and Testers,14660,Coordinate user or third party testing.,Core,23.0,06/2008,Occupational Expert,15,Computer and Mathematical Occupations
2593,15-1199.01,Software Quality Assurance Engineers and Testers,14661,"Perform initial debugging procedures by reviewing configuration files, logs, or code pieces to determine breakdown source.",Core,23.0,06/2008,Occupational Expert,15,Computer and Mathematical Occupations
2594,15-1199.01,Software Quality Assurance Engineers and Testers,14662,Visit beta testing sites to evaluate software performance.,Core,23.0,06/2008,Occupational Expert,15,Computer and Mathematical Occupations
2595,15-1199.01,Software Quality Assurance Engineers and Testers,14663,Evaluate or recommend software for testing or bug tracking.,Core,23.0,06/2008,Occupational Expert,15,Computer and Mathematical Occupations
2596,15-1199.01,Software Quality Assurance Engineers and Testers,14664,Conduct historical analyses of test results.,Core,23.0,06/2008,Occupational Expert,15,Computer and Mathematical Occupations
2597,15-1199.01,Software Quality Assurance Engineers and Testers,14665,Provide technical support during software installation or configuration.,Supplemental,23.0,06/2008,Occupational Expert,15,Computer and Mathematical Occupations
2598,15-1199.02,Computer Systems Engineers/Architects,14666,Communicate with staff or clients to understand specific system requirements.,Core,23.0,06/2008,Occupational Expert,15,Computer and Mathematical Occupations
2599,15-1199.02,Computer Systems Engineers/Architects,14667,"Provide advice on project costs, design concepts, or design changes.",Core,23.0,06/2008,Occupational Expert,15,Computer and Mathematical Occupations
2600,15-1199.02,Computer Systems Engineers/Architects,14668,"Document design specifications, installation instructions, and other system-related information.",Core,23.0,06/2008,Occupational Expert,15,Computer and Mathematical Occupations
2601,15-1199.02,Computer Systems Engineers/Architects,14669,"Verify stability, interoperability, portability, security, or scalability of system architecture.",Core,23.0,06/2008,Occupational Expert,15,Computer and Mathematical Occupations
2602,15-1199.02,Computer Systems Engineers/Architects,14670,Collaborate with engineers or software developers to select appropriate design solutions or ensure the compatibility of system components.,Core,22.0,06/2008,Occupational Expert,15,Computer and Mathematical Occupations
2603,15-1199.02,Computer Systems Engineers/Architects,14671,"Evaluate current or emerging technologies to consider factors such as cost, portability, compatibility, or usability.",Core,23.0,06/2008,Occupational Expert,15,Computer and Mathematical Occupations
2604,15-1199.02,Computer Systems Engineers/Architects,14672,Provide technical guidance or support for the development or troubleshooting of systems.,Core,23.0,06/2008,Occupational Expert,15,Computer and Mathematical Occupations
2605,15-1199.02,Computer Systems Engineers/Architects,14673,"Identify system data, hardware, or software components required to meet user needs.",Core,23.0,06/2008,Occupational Expert,15,Computer and Mathematical Occupations
2606,15-1199.02,Computer Systems Engineers/Architects,14674,Provide guidelines for implementing secure systems to customers or installation teams.,Core,23.0,06/2008,Occupational Expert,15,Computer and Mathematical Occupations
2607,15-1199.02,Computer Systems Engineers/Architects,14675,Monitor system operation to detect potential problems.,Core,23.0,06/2008,Occupational Expert,15,Computer and Mathematical Occupations
2608,15-1199.02,Computer Systems Engineers/Architects,14676,"Direct the analysis, development, and operation of complete computer systems.",Core,23.0,06/2008,Occupational Expert,15,Computer and Mathematical Occupations
2609,15-1199.02,Computer Systems Engineers/Architects,14677,Investigate system component suitability for specified purposes and make recommendations regarding component use.,Core,23.0,06/2008,Occupational Expert,15,Computer and Mathematical Occupations
2610,15-1199.02,Computer Systems Engineers/Architects,14678,"Perform ongoing hardware and software maintenance operations, including installing or upgrading hardware or software.",Core,23.0,06/2008,Occupational Expert,15,Computer and Mathematical Occupations
2611,15-1199.02,Computer Systems Engineers/Architects,14679,Configure servers to meet functional specifications.,Core,23.0,06/2008,Occupational Expert,15,Computer and Mathematical Occupations
2612,15-1199.02,Computer Systems Engineers/Architects,14680,"Develop or approve project plans, schedules, or budgets.",Core,23.0,06/2008,Occupational Expert,15,Computer and Mathematical Occupations
2613,15-1199.02,Computer Systems Engineers/Architects,14681,"Define and analyze objectives, scope, issues, or organizational impact of information systems.",Core,23.0,06/2008,Occupational Expert,15,Computer and Mathematical Occupations
2614,15-1199.02,Computer Systems Engineers/Architects,14682,"Develop system engineering, software engineering, system integration, or distributed system architectures.",Core,23.0,06/2008,Occupational Expert,15,Computer and Mathematical Occupations
2615,15-1199.02,Computer Systems Engineers/Architects,14683,Design and conduct hardware or software tests.,Core,23.0,06/2008,Occupational Expert,15,Computer and Mathematical Occupations
2616,15-1199.02,Computer Systems Engineers/Architects,14684,"Establish functional or system standards to ensure operational requirements, quality requirements, and design constraints are addressed.",Core,23.0,06/2008,Occupational Expert,15,Computer and Mathematical Occupations
2617,15-1199.02,Computer Systems Engineers/Architects,14685,Evaluate existing systems to determine effectiveness and suggest changes to meet organizational requirements.,Core,23.0,06/2008,Occupational Expert,15,Computer and Mathematical Occupations
2618,15-1199.02,Computer Systems Engineers/Architects,14686,"Research, test, or verify proper functioning of software patches and fixes.",Core,23.0,06/2008,Occupational Expert,15,Computer and Mathematical Occupations
2619,15-1199.02,Computer Systems Engineers/Architects,14687,"Communicate project information through presentations, technical reports or white papers.",Core,23.0,06/2008,Occupational Expert,15,Computer and Mathematical Occupations
2620,15-1199.02,Computer Systems Engineers/Architects,14688,"Complete models and simulations, using manual or automated tools, to analyze or predict system performance under different operating conditions.",Core,23.0,06/2008,Occupational Expert,15,Computer and Mathematical Occupations
2621,15-1199.02,Computer Systems Engineers/Architects,14689,"Direct the installation of operating systems, network or application software, or computer or network hardware.",Core,23.0,06/2008,Occupational Expert,15,Computer and Mathematical Occupations
2622,15-1199.02,Computer Systems Engineers/Architects,14690,Train system users in system operation or maintenance.,Core,23.0,06/2008,Occupational Expert,15,Computer and Mathematical Occupations
2623,15-1199.02,Computer Systems Engineers/Architects,14691,Perform security analyses of developed or packaged software components.,Supplemental,23.0,06/2008,Occupational Expert,15,Computer and Mathematical Occupations
2624,15-1199.02,Computer Systems Engineers/Architects,14692,Develop application-specific software.,Supplemental,23.0,06/2008,Occupational Expert,15,Computer and Mathematical Occupations
2625,15-1199.02,Computer Systems Engineers/Architects,14693,Develop efficient and effective system controllers.,Supplemental,23.0,06/2008,Occupational Expert,15,Computer and Mathematical Occupations
2626,15-1199.03,Web Administrators,14731,Back up or modify applications and related data to provide for disaster recovery.,Core,23.0,06/2008,Occupational Expert,15,Computer and Mathematical Occupations
2627,15-1199.03,Web Administrators,14732,"Determine sources of web page or server problems, and take action to correct such problems.",Core,23.0,06/2008,Occupational Expert,15,Computer and Mathematical Occupations
2628,15-1199.03,Web Administrators,14733,"Review or update web page content or links in a timely manner, using appropriate tools.",Core,22.0,06/2008,Occupational Expert,15,Computer and Mathematical Occupations
2629,15-1199.03,Web Administrators,14734,"Monitor systems for intrusions or denial of service attacks, and report security breaches to appropriate personnel.",Core,23.0,06/2008,Occupational Expert,15,Computer and Mathematical Occupations
2630,15-1199.03,Web Administrators,14735,"Implement web site security measures, such as firewalls or message encryption.",Core,23.0,06/2008,Occupational Expert,15,Computer and Mathematical Occupations
2631,15-1199.03,Web Administrators,14736,"Administer internet/intranet infrastructure, including components such as web, file transfer protocol (FTP), news and mail servers.",Core,23.0,06/2008,Occupational Expert,15,Computer and Mathematical Occupations
2632,15-1199.03,Web Administrators,14737,"Collaborate with development teams to discuss, analyze, or resolve usability issues.",Core,23.0,06/2008,Occupational Expert,15,Computer and Mathematical Occupations
2633,15-1199.03,Web Administrators,14738,Test backup or recovery plans regularly and resolve any problems.,Core,23.0,06/2008,Occupational Expert,15,Computer and Mathematical Occupations
2634,15-1199.03,Web Administrators,14739,"Monitor web developments through continuing education, reading, or participation in professional conferences, workshops, or groups.",Core,23.0,06/2008,Occupational Expert,15,Computer and Mathematical Occupations
2635,15-1199.03,Web Administrators,14740,"Implement updates, upgrades, and patches in a timely manner to limit loss of service.",Core,23.0,06/2008,Occupational Expert,15,Computer and Mathematical Occupations
2636,15-1199.03,Web Administrators,14741,Identify or document backup or recovery plans.,Core,23.0,06/2008,Occupational Expert,15,Computer and Mathematical Occupations
2637,15-1199.03,Web Administrators,14742,"Collaborate with web developers to create and operate internal and external web sites, or to manage projects, such as e-marketing campaigns.",Core,23.0,06/2008,Occupational Expert,15,Computer and Mathematical Occupations
2638,15-1199.03,Web Administrators,14743,"Install or configure web server software or hardware to ensure that directory structure is well-defined, logical, secure, and that files are named properly.",Core,23.0,06/2008,Occupational Expert,15,Computer and Mathematical Occupations
2639,15-1199.03,Web Administrators,14744,"Gather, analyze, or document user feedback to locate or resolve sources of problems.",Core,23.0,06/2008,Occupational Expert,15,Computer and Mathematical Occupations
2640,15-1199.03,Web Administrators,14745,Develop web site performance metrics.,Core,23.0,06/2008,Occupational Expert,15,Computer and Mathematical Occupations
2641,15-1199.03,Web Administrators,14746,Identify or address interoperability requirements.,Core,23.0,06/2008,Occupational Expert,15,Computer and Mathematical Occupations
2642,15-1199.03,Web Administrators,14747,Document installation or configuration procedures to allow maintenance and repetition.,Core,23.0,06/2008,Occupational Expert,15,Computer and Mathematical Occupations
2643,15-1199.03,Web Administrators,14748,"Identify, standardize, and communicate levels of access and security.",Core,23.0,06/2008,Occupational Expert,15,Computer and Mathematical Occupations
2644,15-1199.03,Web Administrators,14749,"Track, compile, and analyze web site usage data.",Core,23.0,06/2008,Occupational Expert,15,Computer and Mathematical Occupations
2645,15-1199.03,Web Administrators,14750,"Test issues such as system integration, performance, and system security on a regular schedule or after any major program modifications.",Core,23.0,06/2008,Occupational Expert,15,Computer and Mathematical Occupations
2646,15-1199.03,Web Administrators,14751,"Recommend web site improvements, and develop budgets to support recommendations.",Core,23.0,06/2008,Occupational Expert,15,Computer and Mathematical Occupations
2647,15-1199.03,Web Administrators,14752,"Inform web site users of problems, problem resolutions or application changes and updates.",Core,23.0,06/2008,Occupational Expert,15,Computer and Mathematical Occupations
2648,15-1199.03,Web Administrators,14753,Document application and web site changes or change procedures.,Core,23.0,06/2008,Occupational Expert,15,Computer and Mathematical Occupations
2649,15-1199.03,Web Administrators,14754,Develop or implement procedures for ongoing web site revision.,Core,23.0,06/2008,Occupational Expert,15,Computer and Mathematical Occupations
2650,15-1199.03,Web Administrators,14755,Provide training or technical assistance in web site implementation or use.,Core,23.0,06/2008,Occupational Expert,15,Computer and Mathematical Occupations
2651,15-1199.03,Web Administrators,14756,Perform user testing or usage analyses to determine web sites' effectiveness or usability.,Core,23.0,06/2008,Occupational Expert,15,Computer and Mathematical Occupations
2652,15-1199.03,Web Administrators,14757,Evaluate or recommend server hardware or software.,Core,23.0,06/2008,Occupational Expert,15,Computer and Mathematical Occupations
2653,15-1199.03,Web Administrators,14758,"Correct testing-identified problems, or recommend actions for their resolution.",Core,23.0,06/2008,Occupational Expert,15,Computer and Mathematical Occupations
2654,15-1199.03,Web Administrators,14759,Develop or document style guidelines for web site content.,Core,23.0,06/2008,Occupational Expert,15,Computer and Mathematical Occupations
2655,15-1199.03,Web Administrators,14760,"Develop and implement marketing plans for home pages, including print advertising or advertisement rotation.",Supplemental,23.0,06/2008,Occupational Expert,15,Computer and Mathematical Occupations
2656,15-1199.03,Web Administrators,14761,Check and analyze operating system or application logfiles regularly to verify proper system performance.,Supplemental,23.0,06/2008,Occupational Expert,15,Computer and Mathematical Occupations
2657,15-1199.03,Web Administrators,14762,Set up or maintain monitoring tools on web servers or web sites.,Supplemental,23.0,06/2008,Occupational Expert,15,Computer and Mathematical Occupations
2658,15-1199.03,Web Administrators,14763,Develop testing routines and procedures.,Supplemental,23.0,06/2008,Occupational Expert,15,Computer and Mathematical Occupations
2659,15-1199.03,Web Administrators,14764,"Evaluate testing routines or procedures for adequacy, sufficiency, and effectiveness.",Supplemental,23.0,06/2008,Occupational Expert,15,Computer and Mathematical Occupations
2660,15-1199.03,Web Administrators,14765,Test new software packages for use in web operations or other applications.,Supplemental,23.0,06/2008,Occupational Expert,15,Computer and Mathematical Occupations
2661,15-1199.04,Geospatial Information Scientists and Technologists,18116,"Produce data layers, maps, tables, or reports, using spatial analysis procedures or Geographic Information Systems (GIS) technology, equipment, or systems.",Core,28.0,06/2009,Occupational Expert,15,Computer and Mathematical Occupations
2662,15-1199.04,Geospatial Information Scientists and Technologists,18117,"Coordinate the development or administration of Geographic Information Systems (GIS) projects, including the development of technical priorities, client reporting and interface, or coordination and review of schedules and budgets.",Core,28.0,06/2009,Occupational Expert,15,Computer and Mathematical Occupations
2663,15-1199.04,Geospatial Information Scientists and Technologists,18121,Provide technical expertise in Geographic Information Systems (GIS) technology to clients or users.,Core,28.0,06/2009,Occupational Expert,15,Computer and Mathematical Occupations
2664,15-1199.04,Geospatial Information Scientists and Technologists,18123,"Create, analyze, report, convert, or transfer data, using specialized applications program software.",Core,28.0,06/2009,Occupational Expert,15,Computer and Mathematical Occupations
2665,15-1199.04,Geospatial Information Scientists and Technologists,18113,"Design, program, or model Geographic Information Systems (GIS) applications or procedures.",Core,28.0,06/2009,Occupational Expert,15,Computer and Mathematical Occupations
2666,15-1199.04,Geospatial Information Scientists and Technologists,18107,Provide technical support for computer-based Geographic Information Systems (GIS) mapping software.,Core,28.0,06/2009,Occupational Expert,15,Computer and Mathematical Occupations
2667,15-1199.04,Geospatial Information Scientists and Technologists,18109,"Perform computer programming, data analysis, or software development for Geographic Information Systems (GIS) applications, including the maintenance of existing systems or research and development for future enhancements.",Core,28.0,06/2009,Occupational Expert,15,Computer and Mathematical Occupations
2668,15-1199.04,Geospatial Information Scientists and Technologists,18119,"Lead, train, or supervise technicians or related staff in the conduct of Geographic Information Systems (GIS) analytical procedures.",Core,28.0,06/2009,Occupational Expert,15,Computer and Mathematical Occupations
2669,15-1199.04,Geospatial Information Scientists and Technologists,18111,"Collect, compile, or integrate Geographic Information Systems (GIS) data, such as remote sensing or cartographic data for inclusion in map manuscripts.",Core,28.0,06/2009,Occupational Expert,15,Computer and Mathematical Occupations
2670,15-1199.04,Geospatial Information Scientists and Technologists,18126,"Meet with clients to discuss topics such as technical specifications, customized solutions, or operational problems.",Core,28.0,06/2009,Occupational Expert,15,Computer and Mathematical Occupations
2671,15-1199.04,Geospatial Information Scientists and Technologists,18118,"Read current literature, talk with colleagues, continue education, or participate in professional organizations or conferences to keep abreast of developments in Geographic Information Systems (GIS) technology, equipment, or systems.",Core,28.0,06/2009,Occupational Expert,15,Computer and Mathematical Occupations
2672,15-1199.04,Geospatial Information Scientists and Technologists,18105,Perform integrated or computerized Geographic Information Systems (GIS) analyses to address scientific problems.,Core,28.0,06/2009,Occupational Expert,15,Computer and Mathematical Occupations
2673,15-1199.04,Geospatial Information Scientists and Technologists,18108,"Create visual representations of geospatial data using complex procedures, such as analytical modeling, three-dimensional renderings, or plot creation.",Core,28.0,06/2009,Occupational Expert,15,Computer and Mathematical Occupations
2674,15-1199.04,Geospatial Information Scientists and Technologists,18114,"Document, design, code, or test Geographic Information Systems (GIS) models, internet mapping solutions, or other applications.",Core,28.0,06/2009,Occupational Expert,15,Computer and Mathematical Occupations
2675,15-1199.04,Geospatial Information Scientists and Technologists,18120,Prepare training materials for or make presentations to Geographic Information Systems (GIS) users.,Core,28.0,06/2009,Occupational Expert,15,Computer and Mathematical Occupations
2676,15-1199.04,Geospatial Information Scientists and Technologists,18110,Assist users in formulating Geographic Information Systems (GIS) requirements or understanding the implications of alternatives.,Core,28.0,06/2009,Occupational Expert,15,Computer and Mathematical Occupations
2677,15-1199.04,Geospatial Information Scientists and Technologists,18115,"Make recommendations regarding upgrades considering implications of new or revised Geographic Information Systems (GIS) software, equipment, or applications.",Core,28.0,06/2009,Occupational Expert,15,Computer and Mathematical Occupations
2678,15-1199.04,Geospatial Information Scientists and Technologists,18112,"Conduct or coordinate research, data analysis, systems design, or support for software such as Geographic Information Systems (GIS) or Global Positioning Systems (GPS) mapping software.",Core,28.0,06/2009,Occupational Expert,15,Computer and Mathematical Occupations
2679,15-1199.04,Geospatial Information Scientists and Technologists,18124,"Conduct feasibility studies or identify system, time, equipment, or cost requirements for projects.",Core,28.0,06/2009,Occupational Expert,15,Computer and Mathematical Occupations
2680,15-1199.04,Geospatial Information Scientists and Technologists,18122,"Create, edit, or analyze geospatial data, using Global Positioning Systems (GPS) or digitizing techniques.",Core,28.0,06/2009,Occupational Expert,15,Computer and Mathematical Occupations
2681,15-1199.04,Geospatial Information Scientists and Technologists,18106,"Develop specialized computer software routines, internet-based Geographic Information Systems (GIS) databases, or business applications to customize geographic information.",Core,28.0,06/2009,Occupational Expert,15,Computer and Mathematical Occupations
2682,15-1199.04,Geospatial Information Scientists and Technologists,18125,Coordinate or direct research or publication activities of technicians or related staff.,Core,28.0,06/2009,Occupational Expert,15,Computer and Mathematical Occupations
2683,15-1199.04,Geospatial Information Scientists and Technologists,19583,Apply three-dimensional (3D) or four-dimensional (4D) technologies to geospatial data to allow for new or different analyses or applications.,,,07/2011,Analyst,15,Computer and Mathematical Occupations
2684,15-1199.04,Geospatial Information Scientists and Technologists,19584,"Develop new applications for geospatial technology in areas such as farmland preservation, pollution measurement, or utilities operations management.",,,07/2011,Analyst,15,Computer and Mathematical Occupations
2685,15-1199.05,Geographic Information Systems Technicians,16096,"Design or prepare graphic representations of Geographic Information Systems (GIS) data, using GIS hardware or software applications.",Core,56.0,07/2011,Incumbent,15,Computer and Mathematical Occupations
2686,15-1199.05,Geographic Information Systems Technicians,16092,"Analyze Geographic Information Systems (GIS) data to identify spatial relationships or display results of analyses, using maps, graphs, or tabular data.",Core,56.0,07/2011,Incumbent,15,Computer and Mathematical Occupations
2687,15-1199.05,Geographic Information Systems Technicians,16094,Maintain or modify existing Geographic Information Systems (GIS) databases.,Core,56.0,07/2011,Incumbent,15,Computer and Mathematical Occupations
2688,15-1199.05,Geographic Information Systems Technicians,16095,"Enter data into Geographic Information Systems (GIS) databases, using techniques such as coordinate geometry, keyboard entry of tabular data, manual digitizing of maps, scanning or automatic conversion to vectors, or conversion of other sources of digital data.",Core,56.0,07/2011,Incumbent,15,Computer and Mathematical Occupations
2689,15-1199.05,Geographic Information Systems Technicians,16090,"Review existing or incoming data for currency, accuracy, usefulness, quality, or completeness of documentation.",Core,56.0,07/2011,Incumbent,15,Computer and Mathematical Occupations
2690,15-1199.05,Geographic Information Systems Technicians,16093,"Perform geospatial data building, modeling, or analysis, using advanced spatial analysis, data manipulation, or cartography software.",Core,56.0,07/2011,Incumbent,15,Computer and Mathematical Occupations
2691,15-1199.05,Geographic Information Systems Technicians,16097,Design or coordinate the development of integrated Geographic Information Systems (GIS) spatial or non-spatial databases.,Core,56.0,07/2011,Incumbent,15,Computer and Mathematical Occupations
2692,15-1199.05,Geographic Information Systems Technicians,16088,Select cartographic elements needed for effective presentation of information.,Core,56.0,07/2011,Incumbent,15,Computer and Mathematical Occupations
2693,15-1199.05,Geographic Information Systems Technicians,16085,"Provide technical support to users or clients regarding the maintenance, development, or operation of Geographic Information Systems (GIS) databases, equipment, or applications.",Core,56.0,07/2011,Incumbent,15,Computer and Mathematical Occupations
2694,15-1199.05,Geographic Information Systems Technicians,16091,Interpret aerial or ortho photographs.,Core,56.0,07/2011,Incumbent,15,Computer and Mathematical Occupations
2695,15-1199.05,Geographic Information Systems Technicians,16084,Recommend procedures or equipment or software upgrades to increase data accessibility or ease of use.,Core,55.0,07/2011,Incumbent,15,Computer and Mathematical Occupations
2696,15-1199.05,Geographic Information Systems Technicians,16086,"Read current literature, talk with colleagues, continue education, or participate in professional organizations or conferences to keep abreast of developments in Geographic Information Systems (GIS) technology, equipment, or systems.",Core,56.0,07/2011,Incumbent,15,Computer and Mathematical Occupations
2697,15-1199.05,Geographic Information Systems Technicians,16087,"Confer with users to analyze, configure, or troubleshoot applications.",Core,56.0,07/2011,Incumbent,15,Computer and Mathematical Occupations
2698,15-1199.05,Geographic Information Systems Technicians,16089,Transfer or rescale information from original photographs onto maps or other photographs.,Core,56.0,07/2011,Incumbent,15,Computer and Mathematical Occupations
2699,15-1199.05,Geographic Information Systems Technicians,19585,Analyze Geographic Information Systems (GIS) data for use in urban planning applications that promote better land use or reduce environmental impacts of development.,,,07/2011,Analyst,15,Computer and Mathematical Occupations
2700,15-1199.05,Geographic Information Systems Technicians,19586,"Analyze Geographic Information Systems (GIS) data to determine the best locations for renewable energy sites, including solar or wind energy installations.",,,07/2011,Analyst,15,Computer and Mathematical Occupations
2701,15-1199.05,Geographic Information Systems Technicians,19587,Apply Geographic Information Systems (GIS) data in transportation routing settings to determine the best routing to reduce pollution or energy consumption.,,,07/2011,Analyst,15,Computer and Mathematical Occupations
2702,15-1199.05,Geographic Information Systems Technicians,19588,Confer with biologists or other researchers in the use of Geographic Information Systems (GIS) data to define wildlife areas or corridors for land use planning.,,,07/2011,Analyst,15,Computer and Mathematical Occupations
2703,15-1199.05,Geographic Information Systems Technicians,19589,"Participate in projects that map changes in carbon emissions levels across different geographic locations, using Geographic Information Systems (GIS) data.",,,07/2011,Analyst,15,Computer and Mathematical Occupations
2704,15-1199.06,Database Architects,16109,"Design databases to support business applications, ensuring system scalability, security, performance and reliability.",Core,24.0,07/2015,Occupational Expert,15,Computer and Mathematical Occupations
2705,15-1199.06,Database Architects,16114,"Develop database architectural strategies at the modeling, design and implementation stages to address business or industry requirements.",Core,24.0,07/2015,Occupational Expert,15,Computer and Mathematical Occupations
2706,15-1199.06,Database Architects,16113,"Collaborate with system architects, software architects, design analysts, and others to understand business or industry requirements.",Core,24.0,07/2015,Occupational Expert,15,Computer and Mathematical Occupations
2707,15-1199.06,Database Architects,16108,"Develop data models for applications, metadata tables, views or related database structures.",Core,24.0,07/2015,Occupational Expert,15,Computer and Mathematical Occupations
2708,15-1199.06,Database Architects,16100,"Set up database clusters, backup, or recovery processes.",Core,24.0,07/2015,Occupational Expert,15,Computer and Mathematical Occupations
2709,15-1199.06,Database Architects,16112,Create and enforce database development standards.,Core,24.0,07/2015,Occupational Expert,15,Computer and Mathematical Occupations
2710,15-1199.06,Database Architects,16115,Develop and document database architectures.,Core,24.0,07/2015,Occupational Expert,15,Computer and Mathematical Occupations
2711,15-1199.06,Database Architects,16110,"Design database applications, such as interfaces, data transfer mechanisms, global temporary tables, data partitions, and function-based indexes to enable efficient access of the generic database structure.",Core,24.0,07/2015,Occupational Expert,15,Computer and Mathematical Occupations
2712,15-1199.06,Database Architects,16103,Monitor and report systems resource consumption trends to assure production systems meet availability requirements and hardware enhancements are scheduled appropriately.,Core,24.0,07/2015,Occupational Expert,15,Computer and Mathematical Occupations
2713,15-1199.06,Database Architects,16105,"Document and communicate database schemas, using accepted notations.",Core,24.0,07/2015,Occupational Expert,15,Computer and Mathematical Occupations
2714,15-1199.06,Database Architects,16101,"Identify, evaluate and recommend hardware or software technologies to achieve desired database performance.",Core,24.0,07/2015,Occupational Expert,15,Computer and Mathematical Occupations
2715,15-1199.06,Database Architects,16111,"Demonstrate database technical functionality, such as performance, security and reliability.",Core,24.0,07/2015,Occupational Expert,15,Computer and Mathematical Occupations
2716,15-1199.06,Database Architects,16106,"Develop or maintain archived procedures, procedural codes, or queries for applications.",Core,24.0,07/2015,Occupational Expert,15,Computer and Mathematical Occupations
2717,15-1199.06,Database Architects,16098,Test changes to database applications or systems.,Core,24.0,07/2015,Occupational Expert,15,Computer and Mathematical Occupations
2718,15-1199.06,Database Architects,16107,Develop load-balancing processes to eliminate down time for backup processes.,Core,24.0,07/2015,Occupational Expert,15,Computer and Mathematical Occupations
2719,15-1199.06,Database Architects,16099,Provide technical support to junior staff or clients.,Core,24.0,07/2015,Occupational Expert,15,Computer and Mathematical Occupations
2720,15-1199.06,Database Architects,16104,Identify and correct deviations from database development standards.,Core,24.0,07/2015,Occupational Expert,15,Computer and Mathematical Occupations
2721,15-1199.06,Database Architects,16102,Plan and install upgrades of database management system software to enhance database performance.,Core,24.0,07/2015,Occupational Expert,15,Computer and Mathematical Occupations
2722,15-1199.07,Data Warehousing Specialists,16133,"Design, implement, or operate comprehensive data warehouse systems to balance optimization of data access with batch loading and resource utilization factors, according to customer requirements.",,,06/2009,Analyst,15,Computer and Mathematical Occupations
2723,15-1199.07,Data Warehousing Specialists,16132,"Develop data warehouse process models, including sourcing, loading, transformation, and extraction.",,,06/2009,Analyst,15,Computer and Mathematical Occupations
2724,15-1199.07,Data Warehousing Specialists,16131,Create or implement metadata processes and frameworks.,,,06/2009,Analyst,15,Computer and Mathematical Occupations
2725,15-1199.07,Data Warehousing Specialists,16130,"Create plans, test files, and scripts for data warehouse testing, ranging from unit to integration testing.",,,06/2009,Analyst,15,Computer and Mathematical Occupations
2726,15-1199.07,Data Warehousing Specialists,16129,"Create supporting documentation, such as metadata and diagrams of entity relationships, business processes, and process flow.",,,06/2009,Analyst,15,Computer and Mathematical Occupations
2727,15-1199.07,Data Warehousing Specialists,16128,Design and implement warehouse database structures.,,,06/2009,Analyst,15,Computer and Mathematical Occupations
2728,15-1199.07,Data Warehousing Specialists,16126,"Develop and implement data extraction procedures from other systems, such as administration, billing, or claims.",,,06/2009,Analyst,15,Computer and Mathematical Occupations
2729,15-1199.07,Data Warehousing Specialists,16127,"Develop or maintain standards, such as organization, structure, or nomenclature, for the design of data warehouse elements, such as data architectures, models, tools, and databases.",,,06/2009,Analyst,15,Computer and Mathematical Occupations
2730,15-1199.07,Data Warehousing Specialists,16125,"Implement business rules via stored procedures, middleware, or other technologies.",,,06/2009,Analyst,15,Computer and Mathematical Occupations
2731,15-1199.07,Data Warehousing Specialists,16124,"Map data between source systems, data warehouses, and data marts.",,,06/2009,Analyst,15,Computer and Mathematical Occupations
2732,15-1199.07,Data Warehousing Specialists,16123,"Perform system analysis, data analysis or programming, using a variety of computer languages and procedures.",,,06/2009,Analyst,15,Computer and Mathematical Occupations
2733,15-1199.07,Data Warehousing Specialists,16122,"Select methods, techniques, or criteria for data warehousing evaluative procedures.",,,06/2009,Analyst,15,Computer and Mathematical Occupations
2734,15-1199.07,Data Warehousing Specialists,16121,"Verify the structure, accuracy, or quality of warehouse data.",,,06/2009,Analyst,15,Computer and Mathematical Occupations
2735,15-1199.07,Data Warehousing Specialists,16120,"Write new programs or modify existing programs to meet customer requirements, using current programming languages and technologies.",,,06/2009,Analyst,15,Computer and Mathematical Occupations
2736,15-1199.07,Data Warehousing Specialists,16119,Prepare functional or technical documentation for data warehouses.,,,06/2009,Analyst,15,Computer and Mathematical Occupations
2737,15-1199.07,Data Warehousing Specialists,16118,Provide or coordinate troubleshooting support for data warehouses.,,,06/2009,Analyst,15,Computer and Mathematical Occupations
2738,15-1199.07,Data Warehousing Specialists,16117,"Review designs, codes, test plans, or documentation to ensure quality.",,,06/2009,Analyst,15,Computer and Mathematical Occupations
2739,15-1199.07,Data Warehousing Specialists,16116,Test software systems or applications for software enhancements or new products.,,,06/2009,Analyst,15,Computer and Mathematical Occupations
2740,15-1199.08,Business Intelligence Analysts,16148,"Analyze competitive market strategies through analysis of related product, market, or share trends.",Core,24.0,07/2012,Occupational Expert,15,Computer and Mathematical Occupations
2741,15-1199.08,Business Intelligence Analysts,16149,Synthesize current business intelligence or trend data to support recommendations for action.,Core,24.0,07/2012,Occupational Expert,15,Computer and Mathematical Occupations
2742,15-1199.08,Business Intelligence Analysts,16138,"Communicate with customers, competitors, suppliers, professional organizations, or others to stay abreast of industry or business trends.",Core,24.0,07/2012,Occupational Expert,15,Computer and Mathematical Occupations
2743,15-1199.08,Business Intelligence Analysts,16140,Manage timely flow of business intelligence information to users.,Core,24.0,07/2012,Occupational Expert,15,Computer and Mathematical Occupations
2744,15-1199.08,Business Intelligence Analysts,16146,"Collect business intelligence data from available industry reports, public information, field reports, or purchased sources.",Core,24.0,07/2012,Occupational Expert,15,Computer and Mathematical Occupations
2745,15-1199.08,Business Intelligence Analysts,16141,Identify and analyze industry or geographic trends with business strategy implications.,Core,24.0,07/2012,Occupational Expert,15,Computer and Mathematical Occupations
2746,15-1199.08,Business Intelligence Analysts,16147,Analyze technology trends to identify markets for future product development or to improve sales of existing products.,Core,24.0,07/2012,Occupational Expert,15,Computer and Mathematical Occupations
2747,15-1199.08,Business Intelligence Analysts,16150,"Generate standard or custom reports summarizing business, financial, or economic data for review by executives, managers, clients, and other stakeholders.",Core,24.0,07/2012,Occupational Expert,15,Computer and Mathematical Occupations
2748,15-1199.08,Business Intelligence Analysts,16136,"Identify or monitor current and potential customers, using business intelligence tools.",Core,24.0,07/2012,Occupational Expert,15,Computer and Mathematical Occupations
2749,15-1199.08,Business Intelligence Analysts,16139,"Maintain or update business intelligence tools, databases, dashboards, systems, or methods.",Core,24.0,07/2012,Occupational Expert,15,Computer and Mathematical Occupations
2750,15-1199.08,Business Intelligence Analysts,16135,"Maintain library of model documents, templates, or other reusable knowledge assets.",Core,24.0,07/2012,Occupational Expert,15,Computer and Mathematical Occupations
2751,15-1199.08,Business Intelligence Analysts,16144,"Create business intelligence tools or systems, including design of related databases, spreadsheets, or outputs.",Core,24.0,07/2012,Occupational Expert,15,Computer and Mathematical Occupations
2752,15-1199.08,Business Intelligence Analysts,16145,Conduct or coordinate tests to ensure that intelligence is consistent with defined needs.,Core,24.0,07/2012,Occupational Expert,15,Computer and Mathematical Occupations
2753,15-1199.08,Business Intelligence Analysts,16143,"Disseminate information regarding tools, reports, or metadata enhancements.",Core,24.0,07/2012,Occupational Expert,15,Computer and Mathematical Occupations
2754,15-1199.08,Business Intelligence Analysts,16142,"Document specifications for business intelligence or information technology (IT) reports, dashboards, or other outputs.",Supplemental,24.0,07/2012,Occupational Expert,15,Computer and Mathematical Occupations
2755,15-1199.08,Business Intelligence Analysts,16137,Create or review technical design documentation to ensure the accurate development of reporting solutions.,Supplemental,24.0,07/2012,Occupational Expert,15,Computer and Mathematical Occupations
2756,15-1199.08,Business Intelligence Analysts,16134,"Provide technical support for existing reports, dashboards, or other tools.",Supplemental,24.0,07/2012,Occupational Expert,15,Computer and Mathematical Occupations
2757,15-1199.09,Information Technology Project Managers,16169,"Manage project execution to ensure adherence to budget, schedule, and scope.",Core,31.0,07/2012,Occupational Expert,15,Computer and Mathematical Occupations
2758,15-1199.09,Information Technology Project Managers,16170,"Develop or update project plans for information technology projects including information such as project objectives, technologies, systems, information specifications, schedules, funding, and staffing.",Core,31.0,07/2012,Occupational Expert,15,Computer and Mathematical Occupations
2759,15-1199.09,Information Technology Project Managers,16157,Monitor or track project milestones and deliverables.,Core,31.0,07/2012,Occupational Expert,15,Computer and Mathematical Occupations
2760,15-1199.09,Information Technology Project Managers,16154,Confer with project personnel to identify and resolve problems.,Core,31.0,07/2012,Occupational Expert,15,Computer and Mathematical Occupations
2761,15-1199.09,Information Technology Project Managers,16171,Develop and manage work breakdown structure (WBS) of information technology projects.,Core,31.0,07/2012,Occupational Expert,15,Computer and Mathematical Occupations
2762,15-1199.09,Information Technology Project Managers,16152,"Submit project deliverables, ensuring adherence to quality standards.",Core,31.0,07/2012,Occupational Expert,15,Computer and Mathematical Occupations
2763,15-1199.09,Information Technology Project Managers,16168,"Prepare project status reports by collecting, analyzing, and summarizing information and trends.",Core,31.0,07/2012,Occupational Expert,15,Computer and Mathematical Occupations
2764,15-1199.09,Information Technology Project Managers,16163,Direct or coordinate activities of project personnel.,Core,31.0,07/2012,Occupational Expert,15,Computer and Mathematical Occupations
2765,15-1199.09,Information Technology Project Managers,16161,Establish and execute a project communication plan.,Core,31.0,07/2012,Occupational Expert,15,Computer and Mathematical Occupations
2766,15-1199.09,Information Technology Project Managers,16167,"Assign duties, responsibilities, and spans of authority to project personnel.",Core,31.0,07/2012,Occupational Expert,15,Computer and Mathematical Occupations
2767,15-1199.09,Information Technology Project Managers,16156,Schedule and facilitate meetings related to information technology projects.,Core,31.0,07/2012,Occupational Expert,15,Computer and Mathematical Occupations
2768,15-1199.09,Information Technology Project Managers,16159,"Initiate, review, or approve modifications to project plans.",Core,31.0,07/2012,Occupational Expert,15,Computer and Mathematical Occupations
2769,15-1199.09,Information Technology Project Managers,16151,Perform risk assessments to develop response strategies.,Core,31.0,07/2012,Occupational Expert,15,Computer and Mathematical Occupations
2770,15-1199.09,Information Technology Project Managers,16153,"Monitor the performance of project team members, providing and documenting performance feedback.",Core,31.0,07/2012,Occupational Expert,15,Computer and Mathematical Occupations
2771,15-1199.09,Information Technology Project Managers,16158,Negotiate with project stakeholders or suppliers to obtain resources or materials.,Core,31.0,07/2012,Occupational Expert,15,Computer and Mathematical Occupations
2772,15-1199.09,Information Technology Project Managers,16162,Identify need for initial or supplemental project resources.,Core,31.0,07/2012,Occupational Expert,15,Computer and Mathematical Occupations
2773,15-1199.09,Information Technology Project Managers,16165,Coordinate recruitment or selection of project personnel.,Core,31.0,07/2012,Occupational Expert,15,Computer and Mathematical Occupations
2774,15-1199.09,Information Technology Project Managers,16160,"Identify, review, or select vendors or consultants to meet project needs.",Core,31.0,07/2012,Occupational Expert,15,Computer and Mathematical Occupations
2775,15-1199.09,Information Technology Project Managers,16166,Develop and manage annual budgets for information technology projects.,Core,31.0,07/2012,Occupational Expert,15,Computer and Mathematical Occupations
2776,15-1199.09,Information Technology Project Managers,16164,Develop implementation plans that include analyses such as cost-benefit or return on investment (ROI).,Core,31.0,07/2012,Occupational Expert,15,Computer and Mathematical Occupations
2777,15-1199.09,Information Technology Project Managers,16155,"Assess current or future customer needs and priorities through communicating directly with customers, conducting surveys, or other methods.",Core,31.0,07/2012,Occupational Expert,15,Computer and Mathematical Occupations
2778,15-1199.10,Search Marketing Strategists,16192,"Collect and analyze Web metrics, such as visits, time on site, page views per visit, transaction volume and revenue, traffic mix, click-through rates, conversion rates, cost per acquisition, or cost per click.",Core,23.0,07/2014,Occupational Expert,15,Computer and Mathematical Occupations
2779,15-1199.10,Search Marketing Strategists,20326,Identify appropriate Key Performance Indicators (KPIs) and report key metrics from digital campaigns.,Core,23.0,07/2014,Occupational Expert,15,Computer and Mathematical Occupations
2780,15-1199.10,Search Marketing Strategists,20318,Assist in setting up or optimizing analytics tools for tracking visitors' behaviors.,Core,23.0,07/2014,Occupational Expert,15,Computer and Mathematical Occupations
2781,15-1199.10,Search Marketing Strategists,20320,"Coordinate with developers to optimize Web site architecture, server configuration, or page construction for search engine consumption and optimal visibility.",Core,23.0,07/2014,Occupational Expert,15,Computer and Mathematical Occupations
2782,15-1199.10,Search Marketing Strategists,16191,"Conduct online marketing initiatives, such as paid ad placement, affiliate programs, sponsorship programs, email promotions, or viral marketing campaigns on social media Web sites.",Core,23.0,07/2014,Occupational Expert,15,Computer and Mathematical Occupations
2783,15-1199.10,Search Marketing Strategists,16182,Participate in the development or implementation of online marketing strategy.,Core,23.0,07/2014,Occupational Expert,15,Computer and Mathematical Occupations
2784,15-1199.10,Search Marketing Strategists,20327,"Improve search-related activities through ongoing analysis, experimentation, or optimization tests, using A/B or multivariate methods.",Core,23.0,07/2014,Occupational Expert,15,Computer and Mathematical Occupations
2785,15-1199.10,Search Marketing Strategists,20329,"Optimize digital assets, such as text, graphics, or multimedia assets, for search engine optimization (SEO) or for display and usability on internet-connected devices.",Core,23.0,07/2014,Occupational Expert,15,Computer and Mathematical Occupations
2786,15-1199.10,Search Marketing Strategists,20321,Create content strategies for digital media.,Core,23.0,07/2014,Occupational Expert,15,Computer and Mathematical Occupations
2787,15-1199.10,Search Marketing Strategists,20328,Manage tracking and reporting of search-related activities and provide analyses to marketing executives.,Core,23.0,07/2014,Occupational Expert,15,Computer and Mathematical Occupations
2788,15-1199.10,Search Marketing Strategists,16190,Optimize Web site exposure by analyzing search engine patterns to direct online placement of keywords or other content.,Core,23.0,07/2014,Occupational Expert,15,Computer and Mathematical Occupations
2789,15-1199.10,Search Marketing Strategists,20319,Combine secondary data sources with keyword research to more accurately profile and satisfy user intent.,Core,23.0,07/2014,Occupational Expert,15,Computer and Mathematical Occupations
2790,15-1199.10,Search Marketing Strategists,16188,"Communicate and collaborate with merchants, Webmasters, bloggers, or online editors to strategically place hyperlinks.",Core,23.0,07/2014,Occupational Expert,15,Computer and Mathematical Occupations
2791,15-1199.10,Search Marketing Strategists,20330,Optimize shopping cart experience or Web site conversion rates against Key Performance Indicators (KPIs).,Core,23.0,07/2014,Occupational Expert,15,Computer and Mathematical Occupations
2792,15-1199.10,Search Marketing Strategists,20322,Evaluate new emerging media or technologies and make recommendations for their application within Internet marketing or search marketing campaigns.,Core,23.0,07/2014,Occupational Expert,15,Computer and Mathematical Occupations
2793,15-1199.10,Search Marketing Strategists,16189,Collaborate with other marketing staff to integrate and complement marketing strategies across multiple sales channels.,Core,23.0,07/2014,Occupational Expert,15,Computer and Mathematical Occupations
2794,15-1199.10,Search Marketing Strategists,20325,Execute or manage social media campaigns to inform search marketing tactics.,Core,23.0,07/2014,Occupational Expert,15,Computer and Mathematical Occupations
2795,15-1199.10,Search Marketing Strategists,16179,Propose online or multiple-sales-channel campaigns to marketing executives.,Core,23.0,07/2014,Occupational Expert,15,Computer and Mathematical Occupations
2796,15-1199.10,Search Marketing Strategists,16186,"Conduct market research analysis to identify search query trends, real-time search and news media activity, popular social media topics, electronic commerce trends, market opportunities, or competitor performance.",Core,23.0,07/2014,Occupational Expert,15,Computer and Mathematical Occupations
2797,15-1199.10,Search Marketing Strategists,20331,"Purchase or negotiate placement of listings in local search engines, directories, or digital mapping technologies.",Core,23.0,07/2014,Occupational Expert,15,Computer and Mathematical Occupations
2798,15-1199.10,Search Marketing Strategists,16187,Conduct financial modeling for online marketing programs or Web site revenue forecasting.,Core,23.0,07/2014,Occupational Expert,15,Computer and Mathematical Occupations
2799,15-1199.10,Search Marketing Strategists,20324,"Execute or manage banner, video, or other non-text link ad campaigns.",Core,23.0,07/2014,Occupational Expert,15,Computer and Mathematical Occupations
2800,15-1199.10,Search Marketing Strategists,20323,Execute and manage communications with digital journalists or bloggers.,Core,23.0,07/2014,Occupational Expert,15,Computer and Mathematical Occupations
2801,15-1199.10,Search Marketing Strategists,16185,"Coordinate sales or other promotional strategies with merchandising, operations, or inventory control staff to ensure product catalogs are current, accurate, and organized for best findability against user intent.",Core,23.0,07/2014,Occupational Expert,15,Computer and Mathematical Occupations
2802,15-1199.10,Search Marketing Strategists,16177,"Define product requirements, based on market research analysis, in collaboration with user interface design and engineering staff.",Core,23.0,07/2014,Occupational Expert,15,Computer and Mathematical Occupations
2803,15-1199.10,Search Marketing Strategists,16193,"Collaborate with web, multimedia, or art design staffs to create multimedia Web sites or other internet content that conforms to brand and company visual format.",Core,23.0,07/2014,Occupational Expert,15,Computer and Mathematical Occupations
2804,15-1199.10,Search Marketing Strategists,16178,Assist in the evaluation or negotiation of contracts with vendors or online partners.,Core,23.0,07/2014,Occupational Expert,15,Computer and Mathematical Occupations
2805,15-1199.10,Search Marketing Strategists,16174,Implement online customer service processes to ensure positive and consistent user experiences.,Supplemental,23.0,07/2014,Occupational Expert,15,Computer and Mathematical Occupations
2806,15-1199.10,Search Marketing Strategists,16173,Resolve product availability problems in collaboration with customer service staff.,Supplemental,23.0,07/2014,Occupational Expert,15,Computer and Mathematical Occupations
2807,15-1199.10,Search Marketing Strategists,16184,"Develop transactional Web applications, using Web programming software and knowledge of programming languages, such as hypertext markup language (HTML) and extensible markup language (XML).",Supplemental,23.0,07/2014,Occupational Expert,15,Computer and Mathematical Occupations
2808,15-1199.10,Search Marketing Strategists,16181,"Prepare electronic commerce designs or prototypes, such as storyboards, mock-ups, or other content, using graphics design software.",Supplemental,23.0,07/2014,Occupational Expert,15,Computer and Mathematical Occupations
2809,15-1199.10,Search Marketing Strategists,16175,"Identify, evaluate, or procure hardware or software for implementing online marketing campaigns.",Supplemental,23.0,07/2014,Occupational Expert,15,Computer and Mathematical Occupations
2810,15-1199.10,Search Marketing Strategists,16180,Assist in the development of online transactional or security policies.,Supplemental,23.0,07/2014,Occupational Expert,15,Computer and Mathematical Occupations
2811,15-1199.10,Search Marketing Strategists,16183,"Identify and develop commercial or technical specifications, such as usability, pricing, checkout, or data security, to promote transactional internet-enabled commerce functionality.",Supplemental,23.0,07/2014,Occupational Expert,15,Computer and Mathematical Occupations
2812,15-1199.10,Search Marketing Strategists,16176,Identify methods for interfacing Web application technologies with enterprise resource planning or other system software.,Supplemental,23.0,07/2014,Occupational Expert,15,Computer and Mathematical Occupations
2813,15-1199.10,Search Marketing Strategists,16172,"Keep abreast of government regulations and emerging Web technology to ensure regulatory compliance by reviewing current literature, talking with colleagues, participating in educational programs, attending meetings or workshops, or participating in professional organizations or conferences.",Supplemental,23.0,07/2014,Occupational Expert,15,Computer and Mathematical Occupations
2814,15-1199.11,Video Game Designers,16199,Balance and adjust gameplay experiences to ensure the critical and commercial success of the product.,Core,21.0,07/2012,Occupational Expert,15,Computer and Mathematical Occupations
2815,15-1199.11,Video Game Designers,16198,Provide feedback to designers and other colleagues regarding game design features.,Core,21.0,07/2012,Occupational Expert,15,Computer and Mathematical Occupations
2816,15-1199.11,Video Game Designers,16217,"Create core game features including storylines, role-play mechanics, and character biographies for a new video game or game franchise.",Core,21.0,07/2012,Occupational Expert,15,Computer and Mathematical Occupations
2817,15-1199.11,Video Game Designers,16208,"Devise missions, challenges, or puzzles to be encountered in game play.",Core,21.0,07/2012,Occupational Expert,15,Computer and Mathematical Occupations
2818,15-1199.11,Video Game Designers,16207,Guide design discussions between development teams.,Core,21.0,07/2012,Occupational Expert,15,Computer and Mathematical Occupations
2819,15-1199.11,Video Game Designers,16209,"Develop and maintain design level documentation, including mechanics, guidelines, and mission outlines.",Core,21.0,07/2012,Occupational Expert,15,Computer and Mathematical Occupations
2820,15-1199.11,Video Game Designers,16212,"Create and manage documentation, production schedules, prototyping goals, and communication plans in collaboration with production staff.",Core,21.0,07/2012,Occupational Expert,15,Computer and Mathematical Occupations
2821,15-1199.11,Video Game Designers,16204,"Present new game design concepts to management and technical colleagues, including artists, animators, and programmers.",Core,21.0,07/2012,Occupational Expert,15,Computer and Mathematical Occupations
2822,15-1199.11,Video Game Designers,16214,Conduct regular design reviews throughout the game development process.,Core,21.0,07/2012,Occupational Expert,15,Computer and Mathematical Occupations
2823,15-1199.11,Video Game Designers,16201,"Solicit, obtain, and integrate feedback from design and technical staff into original game design.",Core,21.0,07/2012,Occupational Expert,15,Computer and Mathematical Occupations
2824,15-1199.11,Video Game Designers,16216,"Document all aspects of formal game design, using mock-up screenshots, sample menu layouts, gameplay flowcharts, and other graphical devices.",Core,21.0,07/2012,Occupational Expert,15,Computer and Mathematical Occupations
2825,15-1199.11,Video Game Designers,16202,Provide feedback to production staff regarding technical game qualities or adherence to original design.,Core,21.0,07/2012,Occupational Expert,15,Computer and Mathematical Occupations
2826,15-1199.11,Video Game Designers,16203,Prepare two-dimensional concept layouts or three-dimensional mock-ups.,Core,21.0,07/2012,Occupational Expert,15,Computer and Mathematical Occupations
2827,15-1199.11,Video Game Designers,16213,Consult with multiple stakeholders to define requirements and implement online features.,Core,21.0,07/2012,Occupational Expert,15,Computer and Mathematical Occupations
2828,15-1199.11,Video Game Designers,16206,Oversee gameplay testing to ensure intended gaming experience and game adherence to original vision.,Core,21.0,07/2012,Occupational Expert,15,Computer and Mathematical Occupations
2829,15-1199.11,Video Game Designers,16196,"Keep abreast of game design technology and techniques, industry trends, or audience interests, reactions, and needs by reviewing current literature, talking with colleagues, participating in educational programs, attending meetings or workshops, or participating in professional organizations or conferences.",Core,21.0,07/2012,Occupational Expert,15,Computer and Mathematical Occupations
2830,15-1199.11,Video Game Designers,16211,Create gameplay prototypes for presentation to creative and technical staff and management.,Core,21.0,07/2012,Occupational Expert,15,Computer and Mathematical Occupations
2831,15-1199.11,Video Game Designers,16200,Write or supervise the writing of game text and dialogue.,Core,21.0,07/2012,Occupational Expert,15,Computer and Mathematical Occupations
2832,15-1199.11,Video Game Designers,16215,Collaborate with artists to achieve appropriate visual style.,Core,21.0,07/2012,Occupational Expert,15,Computer and Mathematical Occupations
2833,15-1199.11,Video Game Designers,16210,"Determine supplementary virtual features, such as currency, item catalog, menu design, and audio direction.",Core,21.0,07/2012,Occupational Expert,15,Computer and Mathematical Occupations
2834,15-1199.11,Video Game Designers,16194,"Review or evaluate competitive products, film, music, television, and other art forms to generate new game design ideas.",Core,21.0,07/2012,Occupational Expert,15,Computer and Mathematical Occupations
2835,15-1199.11,Video Game Designers,16205,Prepare and revise initial game sketches using two- and three-dimensional graphical design software.,Core,21.0,07/2012,Occupational Expert,15,Computer and Mathematical Occupations
2836,15-1199.11,Video Game Designers,16195,Provide test specifications to quality assurance staff.,Supplemental,21.0,07/2012,Occupational Expert,15,Computer and Mathematical Occupations
2837,15-1199.11,Video Game Designers,16197,Create gameplay test plans for internal and external test groups.,Supplemental,21.0,07/2012,Occupational Expert,15,Computer and Mathematical Occupations
2838,15-1199.12,Document Management Specialists,16231,Conduct needs assessments to identify document management requirements of departments or end users.,Core,25.0,07/2013,Occupational Expert,15,Computer and Mathematical Occupations
2839,15-1199.12,Document Management Specialists,16230,Consult with end users regarding problems in accessing electronic content.,Core,25.0,07/2013,Occupational Expert,15,Computer and Mathematical Occupations
2840,15-1199.12,Document Management Specialists,16219,Monitor regulatory activity to maintain compliance with records and document management laws.,Core,25.0,07/2013,Occupational Expert,15,Computer and Mathematical Occupations
2841,15-1199.12,Document Management Specialists,16234,"Assist in determining document management policies to facilitate efficient, legal, and secure access to electronic content.",Core,25.0,07/2013,Occupational Expert,15,Computer and Mathematical Occupations
2842,15-1199.12,Document Management Specialists,16238,"Implement electronic document processing, retrieval, and distribution systems in collaboration with other information technology specialists.",Core,25.0,07/2013,Occupational Expert,15,Computer and Mathematical Occupations
2843,15-1199.12,Document Management Specialists,16237,Administer document and system access rights and revision control to ensure security of system and integrity of master documents.,Core,25.0,07/2013,Occupational Expert,15,Computer and Mathematical Occupations
2844,15-1199.12,Document Management Specialists,16240,"Develop or configure document management system features, such as user interfaces, access profiles, and document workflow procedures.",Core,25.0,07/2013,Occupational Expert,15,Computer and Mathematical Occupations
2845,15-1199.12,Document Management Specialists,16233,"Assist in the assessment, acquisition, or deployment of new electronic document management systems.",Core,25.0,07/2013,Occupational Expert,15,Computer and Mathematical Occupations
2846,15-1199.12,Document Management Specialists,16221,"Search electronic sources, such as databases or repositories, or manual sources for information.",Core,25.0,07/2013,Occupational Expert,15,Computer and Mathematical Occupations
2847,15-1199.12,Document Management Specialists,20367,"Keep abreast of developments in document management technologies and techniques by reviewing current literature, talking with colleagues, participating in educational programs, attending meetings or workshops, or participating in professional organizations or conferences.",Core,25.0,07/2013,Occupational Expert,15,Computer and Mathematical Occupations
2848,15-1199.12,Document Management Specialists,16222,"Retrieve electronic assets from repository for distribution to users, collecting and returning to repository, if necessary.",Core,25.0,07/2013,Occupational Expert,15,Computer and Mathematical Occupations
2849,15-1199.12,Document Management Specialists,16229,"Develop, document, or maintain standards, best practices, or system usage procedures.",Core,25.0,07/2013,Occupational Expert,15,Computer and Mathematical Occupations
2850,15-1199.12,Document Management Specialists,16220,"Write, review, or execute plans for testing new or established document management systems.",Core,25.0,07/2013,Occupational Expert,15,Computer and Mathematical Occupations
2851,15-1199.12,Document Management Specialists,16227,"Implement scanning or other automated data entry procedures, using imaging devices and document imaging software.",Core,24.0,07/2013,Occupational Expert,15,Computer and Mathematical Occupations
2852,15-1199.12,Document Management Specialists,16239,"Identify and classify documents or other electronic content according to characteristics such as security level, function, and metadata.",Core,25.0,07/2013,Occupational Expert,15,Computer and Mathematical Occupations
2853,15-1199.12,Document Management Specialists,20368,"Prepare and record changes to official documents and confirm changes with legal and compliance management staff, including enterprise-wide records management staff.",Core,25.0,07/2013,Occupational Expert,15,Computer and Mathematical Occupations
2854,15-1199.12,Document Management Specialists,16232,"Assist in the development of document or content classification taxonomies to facilitate information capture, search, and retrieval.",Core,25.0,07/2013,Occupational Expert,15,Computer and Mathematical Occupations
2855,15-1199.12,Document Management Specialists,16224,Prepare support documentation and training materials for end users of document management systems.,Core,25.0,07/2013,Occupational Expert,15,Computer and Mathematical Occupations
2856,15-1199.12,Document Management Specialists,16223,Propose recommendations for improving content management system capabilities.,Core,25.0,07/2013,Occupational Expert,15,Computer and Mathematical Occupations
2857,15-1199.12,Document Management Specialists,16236,Operate data capture technology to import digitized documents into document management system.,Core,25.0,07/2013,Occupational Expert,15,Computer and Mathematical Occupations
2858,15-1199.12,Document Management Specialists,16228,Document technical functions and specifications for new or proposed content management systems.,Core,25.0,07/2013,Occupational Expert,15,Computer and Mathematical Occupations
2859,15-1199.12,Document Management Specialists,16226,"Exercise security surveillance over document processing, reproduction, distribution, storage, or archiving.",Core,24.0,07/2013,Occupational Expert,15,Computer and Mathematical Occupations
2860,15-1199.12,Document Management Specialists,16235,"Analyze, interpret, or disseminate system performance data.",Core,25.0,07/2013,Occupational Expert,15,Computer and Mathematical Occupations
2861,15-2011.00,Actuaries,3500,Ascertain premium rates required and cash reserves and liabilities necessary to ensure payment of future benefits.,Core,33.0,06/2009,Occupational Expert,15,Computer and Mathematical Occupations
2862,15-2011.00,Actuaries,3504,"Determine or help determine company policy, and explain complex technical matters to company executives, government officials, shareholders, policyholders, or the public.",Core,33.0,06/2009,Occupational Expert,15,Computer and Mathematical Occupations
2863,15-2011.00,Actuaries,3502,"Design, review and help administer insurance, annuity and pension plans, determining financial soundness and calculating premiums.",Core,33.0,06/2009,Occupational Expert,15,Computer and Mathematical Occupations
2864,15-2011.00,Actuaries,3501,"Analyze statistical information to estimate mortality, accident, sickness, disability, and retirement rates.",Core,33.0,06/2009,Occupational Expert,15,Computer and Mathematical Occupations
2865,15-2011.00,Actuaries,3506,"Provide advice to clients on a contract basis, working as a consultant.",Core,33.0,06/2009,Occupational Expert,15,Computer and Mathematical Occupations
2866,15-2011.00,Actuaries,3503,"Collaborate with programmers, underwriters, accounts, claims experts, and senior management to help companies develop plans for new lines of business or improvements to existing business.",Core,33.0,06/2009,Occupational Expert,15,Computer and Mathematical Occupations
2867,15-2011.00,Actuaries,3511,Provide expertise to help financial institutions manage risks and maximize returns associated with investment products or credit offerings.,Core,33.0,06/2009,Occupational Expert,15,Computer and Mathematical Occupations
2868,15-2011.00,Actuaries,3508,"Construct probability tables for events such as fires, natural disasters, and unemployment, based on analysis of statistical data and other pertinent information.",Core,33.0,06/2009,Occupational Expert,15,Computer and Mathematical Occupations
2869,15-2011.00,Actuaries,3512,Determine equitable basis for distributing surplus earnings under participating insurance and annuity contracts in mutual companies.,Core,33.0,06/2009,Occupational Expert,15,Computer and Mathematical Occupations
2870,15-2011.00,Actuaries,3505,Testify before public agencies on proposed legislation affecting businesses.,Core,33.0,06/2009,Occupational Expert,15,Computer and Mathematical Occupations
2871,15-2011.00,Actuaries,3509,Determine policy contract provisions for each type of insurance.,Core,33.0,06/2009,Occupational Expert,15,Computer and Mathematical Occupations
2872,15-2011.00,Actuaries,3507,Testify in court as expert witness or to provide legal evidence on matters such as the value of potential lifetime earnings of a person who is disabled or killed in an accident.,Core,33.0,06/2009,Occupational Expert,15,Computer and Mathematical Occupations
2873,15-2011.00,Actuaries,3513,Explain changes in contract provisions to customers.,Supplemental,32.0,06/2009,Occupational Expert,15,Computer and Mathematical Occupations
2874,15-2011.00,Actuaries,3510,Manage credit and help price corporate security offerings.,Supplemental,33.0,06/2009,Occupational Expert,15,Computer and Mathematical Occupations
2875,15-2021.00,Mathematicians,7368,Develop computational methods for solving problems that occur in areas of science and engineering or that come from applications in business or industry.,Core,24.0,07/2012,Occupational Expert,15,Computer and Mathematical Occupations
2876,15-2021.00,Mathematicians,7367,"Apply mathematical theories and techniques to the solution of practical problems in business, engineering, the sciences, or other fields.",Core,24.0,07/2012,Occupational Expert,15,Computer and Mathematical Occupations
2877,15-2021.00,Mathematicians,7371,Develop mathematical or statistical models of phenomena to be used for analysis or for computational simulation.,Core,24.0,07/2012,Occupational Expert,15,Computer and Mathematical Occupations
2878,15-2021.00,Mathematicians,7372,Assemble sets of assumptions and explore the consequences of each set.,Core,24.0,07/2012,Occupational Expert,15,Computer and Mathematical Occupations
2879,15-2021.00,Mathematicians,7369,"Maintain knowledge in the field by reading professional journals, talking with other mathematicians, and attending professional conferences.",Core,24.0,07/2012,Occupational Expert,15,Computer and Mathematical Occupations
2880,15-2021.00,Mathematicians,7373,"Address the relationships of quantities, magnitudes, and forms through the use of numbers and symbols.",Core,24.0,07/2012,Occupational Expert,15,Computer and Mathematical Occupations
2881,15-2021.00,Mathematicians,20191,"Disseminate research by writing reports, publishing papers, or presenting at professional conferences.",Core,24.0,07/2012,Occupational Expert,15,Computer and Mathematical Occupations
2882,15-2021.00,Mathematicians,7370,Perform computations and apply methods of numerical analysis to data.,Core,24.0,07/2012,Occupational Expert,15,Computer and Mathematical Occupations
2883,15-2021.00,Mathematicians,7374,Develop new principles and new relationships between existing mathematical principles to advance mathematical science.,Core,24.0,07/2012,Occupational Expert,15,Computer and Mathematical Occupations
2884,15-2021.00,Mathematicians,7375,"Design, analyze, and decipher encryption systems designed to transmit military, political, financial, or law-enforcement-related information in code.",Supplemental,24.0,07/2012,Occupational Expert,15,Computer and Mathematical Occupations
2885,15-2021.00,Mathematicians,7376,"Conduct research to extend mathematical knowledge in traditional areas, such as algebra, geometry, probability, and logic.",Supplemental,24.0,07/2012,Occupational Expert,15,Computer and Mathematical Occupations
2886,15-2031.00,Operations Research Analysts,7377,"Formulate mathematical or simulation models of problems, relating constants and variables, restrictions, alternatives, conflicting objectives, and their numerical parameters.",Core,27.0,07/2011,Occupational Expert,15,Computer and Mathematical Occupations
2887,15-2031.00,Operations Research Analysts,7381,Collaborate with senior managers and decision makers to identify and solve a variety of problems and to clarify management objectives.,Core,27.0,07/2011,Occupational Expert,15,Computer and Mathematical Occupations
2888,15-2031.00,Operations Research Analysts,7378,Collaborate with others in the organization to ensure successful implementation of chosen problem solutions.,Core,27.0,07/2011,Occupational Expert,15,Computer and Mathematical Occupations
2889,15-2031.00,Operations Research Analysts,7384,Prepare management reports defining and evaluating problems and recommending solutions.,Core,27.0,07/2011,Occupational Expert,15,Computer and Mathematical Occupations
2890,15-2031.00,Operations Research Analysts,7383,Study and analyze information about alternative courses of action to determine which plan will offer the best outcomes.,Core,27.0,07/2011,Occupational Expert,15,Computer and Mathematical Occupations
2891,15-2031.00,Operations Research Analysts,7386,Specify manipulative or computational methods to be applied to models.,Core,27.0,07/2011,Occupational Expert,15,Computer and Mathematical Occupations
2892,15-2031.00,Operations Research Analysts,7380,Perform validation and testing of models to ensure adequacy and reformulate models as necessary.,Core,27.0,07/2011,Occupational Expert,15,Computer and Mathematical Occupations
2893,15-2031.00,Operations Research Analysts,7382,"Define data requirements and gather and validate information, applying judgment and statistical tests.",Core,27.0,07/2011,Occupational Expert,15,Computer and Mathematical Occupations
2894,15-2031.00,Operations Research Analysts,7379,Analyze information obtained from management to conceptualize and define operational problems.,Core,27.0,07/2011,Occupational Expert,15,Computer and Mathematical Occupations
2895,15-2031.00,Operations Research Analysts,7387,"Observe the current system in operation and gather and analyze information about each of the parts of component problems, using a variety of sources.",Core,27.0,07/2011,Occupational Expert,15,Computer and Mathematical Occupations
2896,15-2031.00,Operations Research Analysts,7388,"Design, conduct, and evaluate experimental operational models in cases where models cannot be developed from existing data.",Core,27.0,07/2011,Occupational Expert,15,Computer and Mathematical Occupations
2897,15-2031.00,Operations Research Analysts,7385,"Break systems into their component parts, assign numerical values to each component, and examine the mathematical relationships between them.",Core,27.0,07/2011,Occupational Expert,15,Computer and Mathematical Occupations
2898,15-2031.00,Operations Research Analysts,7389,"Develop and apply time and cost networks to plan, control, and review large projects.",Supplemental,27.0,07/2011,Occupational Expert,15,Computer and Mathematical Occupations
2899,15-2031.00,Operations Research Analysts,7390,"Develop business methods and procedures, including accounting systems, file systems, office systems, logistics systems, and production schedules.",Supplemental,27.0,07/2011,Occupational Expert,15,Computer and Mathematical Occupations
2900,15-2041.00,Statisticians,8955,"Identify relationships and trends in data, as well as any factors that could affect the results of research.",Core,25.0,07/2012,Occupational Expert,15,Computer and Mathematical Occupations
2901,15-2041.00,Statisticians,8953,"Report results of statistical analyses, including information in the form of graphs, charts, and tables.",Core,25.0,07/2012,Occupational Expert,15,Computer and Mathematical Occupations
2902,15-2041.00,Statisticians,8956,Analyze and interpret statistical data to identify significant differences in relationships among sources of information.,Core,25.0,07/2012,Occupational Expert,15,Computer and Mathematical Occupations
2903,15-2041.00,Statisticians,8965,"Adapt statistical methods to solve specific problems in many fields, such as economics, biology, and engineering.",Core,25.0,07/2012,Occupational Expert,15,Computer and Mathematical Occupations
2904,15-2041.00,Statisticians,20193,Develop software applications or programming to use for statistical modeling and graphic analysis.,Core,25.0,07/2012,Occupational Expert,15,Computer and Mathematical Occupations
2905,15-2041.00,Statisticians,8966,"Develop and test experimental designs, sampling techniques, and analytical methods.",Core,25.0,07/2012,Occupational Expert,15,Computer and Mathematical Occupations
2906,15-2041.00,Statisticians,8957,"Prepare data for processing by organizing information, checking for any inaccuracies, and adjusting and weighting the raw data.",Core,25.0,07/2012,Occupational Expert,15,Computer and Mathematical Occupations
2907,15-2041.00,Statisticians,8960,Plan data collection methods for specific projects and determine the types and sizes of sample groups to be used.,Core,25.0,07/2012,Occupational Expert,15,Computer and Mathematical Occupations
2908,15-2041.00,Statisticians,8954,"Process large amounts of data for statistical modeling and graphic analysis, using computers.",Core,25.0,07/2012,Occupational Expert,15,Computer and Mathematical Occupations
2909,15-2041.00,Statisticians,8958,"Evaluate the statistical methods and procedures used to obtain data to ensure validity, applicability, efficiency, and accuracy.",Core,25.0,07/2012,Occupational Expert,15,Computer and Mathematical Occupations
2910,15-2041.00,Statisticians,8961,Design research projects that apply valid scientific techniques and use information obtained from baselines or historical data to structure uncompromised and efficient analyses.,Core,25.0,07/2012,Occupational Expert,15,Computer and Mathematical Occupations
2911,15-2041.00,Statisticians,20194,"Present statistical and nonstatistical results using charts, bullets, and graphs in meetings or conferences to audiences such as clients, peers, and students.",Core,25.0,07/2012,Occupational Expert,15,Computer and Mathematical Occupations
2912,15-2041.00,Statisticians,8962,Develop an understanding of fields to which statistical methods are to be applied to determine whether methods and results are appropriate.,Core,25.0,07/2012,Occupational Expert,15,Computer and Mathematical Occupations
2913,15-2041.00,Statisticians,8963,Supervise and provide instructions for workers collecting and tabulating data.,Core,25.0,07/2012,Occupational Expert,15,Computer and Mathematical Occupations
2914,15-2041.00,Statisticians,8959,Evaluate sources of information to determine any limitations in terms of reliability or usability.,Core,25.0,07/2012,Occupational Expert,15,Computer and Mathematical Occupations
2915,15-2041.00,Statisticians,8964,Apply sampling techniques or use complete enumeration bases to determine and define groups to be surveyed.,Core,25.0,07/2012,Occupational Expert,15,Computer and Mathematical Occupations
2916,15-2041.00,Statisticians,8967,"Examine theories, such as those of probability and inference, to discover mathematical bases for new or improved methods of obtaining and evaluating numerical data.",Core,25.0,07/2012,Occupational Expert,15,Computer and Mathematical Occupations
2917,15-2041.00,Statisticians,20192,Report results of statistical analyses in peer-reviewed papers and technical manuals.,Core,25.0,07/2012,Occupational Expert,15,Computer and Mathematical Occupations
2918,15-2041.01,Biostatisticians,16254,Draw conclusions or make predictions based on data summaries or statistical analyses.,Core,25.0,07/2014,Occupational Expert,15,Computer and Mathematical Occupations
2919,15-2041.01,Biostatisticians,16258,"Design research studies in collaboration with physicians, life scientists, or other professionals.",Core,25.0,07/2014,Occupational Expert,15,Computer and Mathematical Occupations
2920,15-2041.01,Biostatisticians,16265,"Analyze clinical or survey data using statistical approaches such as longitudinal analysis, mixed effect modeling, logistic regression analyses, and model building techniques.",Core,25.0,07/2014,Occupational Expert,15,Computer and Mathematical Occupations
2921,15-2041.01,Biostatisticians,16263,Provide biostatistical consultation to clients or colleagues.,Core,25.0,07/2014,Occupational Expert,15,Computer and Mathematical Occupations
2922,15-2041.01,Biostatisticians,16241,Write research proposals or grant applications for submission to external bodies.,Core,25.0,07/2014,Occupational Expert,15,Computer and Mathematical Occupations
2923,15-2041.01,Biostatisticians,16245,Prepare articles for publication or presentation at professional conferences.,Core,25.0,07/2014,Occupational Expert,15,Computer and Mathematical Occupations
2924,15-2041.01,Biostatisticians,16246,Calculate sample size requirements for clinical studies.,Core,25.0,07/2014,Occupational Expert,15,Computer and Mathematical Occupations
2925,15-2041.01,Biostatisticians,16250,Write detailed analysis plans and descriptions of analyses and findings for research protocols or reports.,Core,25.0,07/2014,Occupational Expert,15,Computer and Mathematical Occupations
2926,15-2041.01,Biostatisticians,16253,Monitor clinical trials or experiments to ensure adherence to established procedures or to verify the quality of data collected.,Core,25.0,07/2014,Occupational Expert,15,Computer and Mathematical Occupations
2927,15-2041.01,Biostatisticians,16262,Review clinical or other medical research protocols and recommend appropriate statistical analyses.,Core,25.0,07/2014,Occupational Expert,15,Computer and Mathematical Occupations
2928,15-2041.01,Biostatisticians,16252,Prepare tables and graphs to present clinical data or results.,Core,25.0,07/2014,Occupational Expert,15,Computer and Mathematical Occupations
2929,15-2041.01,Biostatisticians,16257,Develop or implement data analysis algorithms.,Core,25.0,07/2014,Occupational Expert,15,Computer and Mathematical Occupations
2930,15-2041.01,Biostatisticians,16244,"Prepare statistical data for inclusion in reports to data monitoring committees, federal regulatory agencies, managers, or clients.",Core,25.0,07/2014,Occupational Expert,15,Computer and Mathematical Occupations
2931,15-2041.01,Biostatisticians,16249,Write program code to analyze data using statistical analysis software.,Core,25.0,07/2014,Occupational Expert,15,Computer and Mathematical Occupations
2932,15-2041.01,Biostatisticians,16243,"Read current literature, attend meetings or conferences, and talk with colleagues to keep abreast of methodological or conceptual developments in fields such as biostatistics, pharmacology, life sciences, and social sciences.",Core,25.0,07/2014,Occupational Expert,15,Computer and Mathematical Occupations
2933,15-2041.01,Biostatisticians,16248,Assign work to biostatistical assistants or programmers.,Core,25.0,07/2014,Occupational Expert,15,Computer and Mathematical Occupations
2934,15-2041.01,Biostatisticians,16242,Teach graduate or continuing education courses or seminars in biostatistics.,Core,25.0,07/2014,Occupational Expert,15,Computer and Mathematical Occupations
2935,15-2041.01,Biostatisticians,16251,Plan or direct research studies related to life sciences.,Core,25.0,07/2014,Occupational Expert,15,Computer and Mathematical Occupations
2936,15-2041.01,Biostatisticians,16247,"Determine project plans, timelines, or technical objectives for statistical aspects of biological research studies.",Core,25.0,07/2014,Occupational Expert,15,Computer and Mathematical Occupations
2937,15-2041.01,Biostatisticians,16264,Apply research or simulation results to extend biological theory or recommend new research projects.,Core,25.0,07/2014,Occupational Expert,15,Computer and Mathematical Occupations
2938,15-2041.01,Biostatisticians,16260,Collect data through surveys or experimentation.,Core,24.0,07/2014,Occupational Expert,15,Computer and Mathematical Occupations
2939,15-2041.01,Biostatisticians,16259,Design or maintain databases of biological data.,Core,25.0,07/2014,Occupational Expert,15,Computer and Mathematical Occupations
2940,15-2041.01,Biostatisticians,16255,Develop or use mathematical models to track changes in biological phenomena such as the spread of infectious diseases.,Core,25.0,07/2014,Occupational Expert,15,Computer and Mathematical Occupations
2941,15-2041.01,Biostatisticians,16261,"Analyze archival data such as birth, death, and disease records.",Core,25.0,07/2014,Occupational Expert,15,Computer and Mathematical Occupations
2942,15-2041.01,Biostatisticians,16256,Design surveys to assess health issues.,Supplemental,25.0,07/2014,Occupational Expert,15,Computer and Mathematical Occupations
2943,15-2041.02,Clinical Data Managers,16285,"Develop project-specific data management plans that address areas such as data coding, reporting, or transfer, database locks, and work flow processes.",Core,22.0,06/2010,Occupational Expert,15,Computer and Mathematical Occupations
2944,15-2041.02,Clinical Data Managers,16280,Generate data queries based on validation checks or errors and omissions identified during data entry to resolve identified problems.,Core,22.0,06/2010,Occupational Expert,15,Computer and Mathematical Occupations
2945,15-2041.02,Clinical Data Managers,16281,Design and validate clinical databases including designing or testing logic checks.,Core,22.0,06/2010,Occupational Expert,15,Computer and Mathematical Occupations
2946,15-2041.02,Clinical Data Managers,16286,"Design forms for receiving, processing, or tracking data.",Core,22.0,06/2010,Occupational Expert,15,Computer and Mathematical Occupations
2947,15-2041.02,Clinical Data Managers,16284,"Process clinical data, including receipt, entry, verification, or filing of information.",Core,22.0,06/2010,Occupational Expert,15,Computer and Mathematical Occupations
2948,15-2041.02,Clinical Data Managers,16278,"Perform quality control audits to ensure accuracy, completeness, or proper usage of clinical systems and data.",Core,22.0,06/2010,Occupational Expert,15,Computer and Mathematical Occupations
2949,15-2041.02,Clinical Data Managers,16279,Monitor work productivity or quality to ensure compliance with standard operating procedures.,Core,21.0,06/2010,Occupational Expert,15,Computer and Mathematical Occupations
2950,15-2041.02,Clinical Data Managers,16276,Supervise the work of data management project staff.,Core,22.0,06/2010,Occupational Expert,15,Computer and Mathematical Occupations
2951,15-2041.02,Clinical Data Managers,16282,"Confer with end users to define or implement clinical system requirements such as data release formats, delivery schedules, and testing protocols.",Core,22.0,06/2010,Occupational Expert,15,Computer and Mathematical Occupations
2952,15-2041.02,Clinical Data Managers,16273,"Write work instruction manuals, data capture guidelines, or standard operating procedures.",Core,22.0,06/2010,Occupational Expert,15,Computer and Mathematical Occupations
2953,15-2041.02,Clinical Data Managers,16270,Develop technical specifications for data management programming and communicate needs to information technology staff.,Core,22.0,06/2010,Occupational Expert,15,Computer and Mathematical Occupations
2954,15-2041.02,Clinical Data Managers,16274,Track the flow of work forms including in-house data flow or electronic forms transfer.,Core,21.0,06/2010,Occupational Expert,15,Computer and Mathematical Occupations
2955,15-2041.02,Clinical Data Managers,16277,"Prepare data analysis listings and activity, performance, or progress reports.",Core,21.0,06/2010,Occupational Expert,15,Computer and Mathematical Occupations
2956,15-2041.02,Clinical Data Managers,16275,Train staff on technical procedures or software program usage.,Core,22.0,06/2010,Occupational Expert,15,Computer and Mathematical Occupations
2957,15-2041.02,Clinical Data Managers,16269,"Evaluate processes and technologies, and suggest revisions to increase productivity and efficiency.",Core,22.0,06/2010,Occupational Expert,15,Computer and Mathematical Occupations
2958,15-2041.02,Clinical Data Managers,16267,"Provide support and information to functional areas such as marketing, clinical monitoring, and medical affairs.",Core,22.0,06/2010,Occupational Expert,15,Computer and Mathematical Occupations
2959,15-2041.02,Clinical Data Managers,16272,"Contribute to the compilation, organization, and production of protocols, clinical study reports, regulatory submissions, or other controlled documentation.",Core,22.0,06/2010,Occupational Expert,15,Computer and Mathematical Occupations
2960,15-2041.02,Clinical Data Managers,16283,Analyze clinical data using appropriate statistical tools.,Supplemental,21.0,06/2010,Occupational Expert,15,Computer and Mathematical Occupations
2961,15-2041.02,Clinical Data Managers,16268,Prepare appropriate formatting to data sets as requested.,Supplemental,22.0,06/2010,Occupational Expert,15,Computer and Mathematical Occupations
2962,15-2041.02,Clinical Data Managers,16266,Read technical literature and participate in continuing education or professional associations to maintain awareness of current database technology and best practices.,Supplemental,22.0,06/2010,Occupational Expert,15,Computer and Mathematical Occupations
2963,15-2041.02,Clinical Data Managers,16271,Develop or select specific software programs for various research scenarios.,Supplemental,22.0,06/2010,Occupational Expert,15,Computer and Mathematical Occupations
2964,15-2091.00,Mathematical Technicians,15297,"Apply standardized mathematical formulas, principles, and methodology to the solution of technological problems involving engineering or physical science.",,,03/2003,Analyst,15,Computer and Mathematical Occupations
2965,15-2091.00,Mathematical Technicians,15298,"Process data for analysis, using computers.",,,03/2003,Analyst,15,Computer and Mathematical Occupations
2966,15-2091.00,Mathematical Technicians,15299,"Reduce raw data to meaningful terms, using the most practical and accurate combination and sequence of computational methods.",,,03/2003,Analyst,15,Computer and Mathematical Occupations
2967,15-2091.00,Mathematical Technicians,15300,"Translate data into numbers, equations, flow charts, graphs, or other forms.",,,03/2003,Analyst,15,Computer and Mathematical Occupations
2968,15-2091.00,Mathematical Technicians,15301,Confer with scientific or engineering personnel to plan projects.,,,03/2003,Analyst,15,Computer and Mathematical Occupations
2969,15-2091.00,Mathematical Technicians,15302,Modify standard formulas so that they conform to project needs and data processing methods.,,,03/2003,Analyst,15,Computer and Mathematical Occupations
